Repeat,Sensitivity,Specificity,PPV,NPV,Accuracy,F1,AUC
0,0.0,0.9999999999999525,0.0,0.6774193548386879,0.6774193548386879,0.0,0.5857142857142857
