Model,Top_K,VOC_Index,VOC_Name,Selection_Count,Selection_Frequency
LogisticRegression,20,0,"1_2-Butenal, (Z)-",0,0.0
LogisticRegression,20,1,2_Unknown,0,0.0
LogisticRegression,20,2,3_Unknown,0,0.0
LogisticRegression,20,3,"4_4,5-Dihydrooxazole-5-one, 4-[4-acetoxy-3-methoxybenzylidene]-2-phenyl-",0,0.0
LogisticRegression,20,4,6_Cyclopropyl methyl carbinol,0,0.0
LogisticRegression,20,5,7_Unknown,0,0.0
LogisticRegression,20,6,9_Unknown,15,0.5
LogisticRegression,20,7,"11_Ethane, 1,2-dichloro-",0,0.0
LogisticRegression,20,8,13_3-Methoxypropionic acid,0,0.0
LogisticRegression,20,9,14_Thiirane,0,0.0
LogisticRegression,20,10,"17_Furan, 2,3-dihydro-4-methyl-",0,0.0
LogisticRegression,20,11,"18_Diborane(6), .mu.-mercapto-",0,0.0
LogisticRegression,20,12,"19_Cyclohexane, (1,1-dimethylethyl)-",1,0.03333333333333333
LogisticRegression,20,13,20_Unknown,0,0.0
LogisticRegression,20,14,21_Unknown,0,0.0
LogisticRegression,20,15,23_Unknown,0,0.0
LogisticRegression,20,16,25_2-Oxo-6-(piperidine-1-sulfonyl)-benzooxazole-3-carboxylic acid 2-chloro-ethyl ester,0,0.0
LogisticRegression,20,17,"26_2-Propanol, 1-methoxy-",0,0.0
LogisticRegression,20,18,27_Unknown,0,0.0
LogisticRegression,20,19,"28_Nonane, 5-methylene-",0,0.0
LogisticRegression,20,20,"29_Disiloxane, hexamethyl-",0,0.0
LogisticRegression,20,21,33_Unknown,0,0.0
LogisticRegression,20,22,"34_Butanal, 2-methyl-",18,0.6
LogisticRegression,20,23,35_Unknown,0,0.0
LogisticRegression,20,24,36_1-Penten-3-one,11,0.36666666666666664
LogisticRegression,20,25,37_Unknown,0,0.0
LogisticRegression,20,26,"38_Methoxyacetic acid, 2-tetrahydrofurylmethyl ester",1,0.03333333333333333
LogisticRegression,20,27,40_tert-Butylpentamethyldisiloxane,0,0.0
LogisticRegression,20,28,42_Triethylamine,30,1.0
LogisticRegression,20,29,44_Unknown,0,0.0
LogisticRegression,20,30,"45_Pentane, 2,2,4-trimethyl-",0,0.0
LogisticRegression,20,31,49_Unknown,0,0.0
LogisticRegression,20,32,50_Unknown,17,0.5666666666666667
LogisticRegression,20,33,51_Unknown,0,0.0
LogisticRegression,20,34,53_Unknown,0,0.0
LogisticRegression,20,35,"54_Heptanal, 2-methyl-",0,0.0
LogisticRegression,20,36,56_Unknown,0,0.0
LogisticRegression,20,37,58_cis-1-Ethoxy-1-butene,0,0.0
LogisticRegression,20,38,60_Unknown,0,0.0
LogisticRegression,20,39,"61_2-Butanol, 3,3-dimethyl-4-dimethylamino-2-phenyl-",0,0.0
LogisticRegression,20,40,62_Unknown,0,0.0
LogisticRegression,20,41,66_Unknown,0,0.0
LogisticRegression,20,42,68_Unknown,0,0.0
LogisticRegression,20,43,70_Trimethylene oxide,0,0.0
LogisticRegression,20,44,71_Unknown,0,0.0
LogisticRegression,20,45,72_Unknown,0,0.0
LogisticRegression,20,46,"74_1,4-Dioxane",0,0.0
LogisticRegression,20,47,75_Unknown,0,0.0
LogisticRegression,20,48,"76_Ethane, methoxy-",0,0.0
LogisticRegression,20,49,78_Unknown,0,0.0
LogisticRegression,20,50,79_Unknown,3,0.1
LogisticRegression,20,51,"80_Propionic acid, 2-mercapto-, allyl ester",0,0.0
LogisticRegression,20,52,"82_2-Cyclopenten-1-one, 3-methyl-",0,0.0
LogisticRegression,20,53,"83_Ethanamine, N-ethyl-",0,0.0
LogisticRegression,20,54,84_Unknown,0,0.0
LogisticRegression,20,55,"86_Silanediol, dimethyl-",0,0.0
LogisticRegression,20,56,87_Unknown,0,0.0
LogisticRegression,20,57,"88_Sulfurous acid, dimethyl ester",0,0.0
LogisticRegression,20,58,90_Unknown,0,0.0
LogisticRegression,20,59,91_Unknown,7,0.23333333333333334
LogisticRegression,20,60,"92_Propane, 1-isothiocyanato-",0,0.0
LogisticRegression,20,61,93_Unknown,0,0.0
LogisticRegression,20,62,"94_Cyclopentanemethanol, 3-methylene-",0,0.0
LogisticRegression,20,63,97_Unknown,0,0.0
LogisticRegression,20,64,"100_Formic acid, butyl ester",0,0.0
LogisticRegression,20,65,"101_1,3-Propanediol",5,0.16666666666666666
LogisticRegression,20,66,"104_Ethane, 1,1-diethoxy-",0,0.0
LogisticRegression,20,67,"107_Formic acid, 5-methylhex-2-yl ester",0,0.0
LogisticRegression,20,68,110_2-Heptene,0,0.0
LogisticRegression,20,69,111_Unknown,0,0.0
LogisticRegression,20,70,112_Unknown,0,0.0
LogisticRegression,20,71,114_Unknown,0,0.0
LogisticRegression,20,72,115_Unknown,8,0.26666666666666666
LogisticRegression,20,73,"117_Propane, 3,3-dichloro-1,1,1,2,2-pentafluoro-",0,0.0
LogisticRegression,20,74,"119_2-Pentanol, 2-methyl-",0,0.0
LogisticRegression,20,75,"120_Oxirane, 2-(1,1-dimethylethyl)-3-methyl-",0,0.0
LogisticRegression,20,76,121_Unknown,0,0.0
LogisticRegression,20,77,122_Unknown,0,0.0
LogisticRegression,20,78,123_Unknown,0,0.0
LogisticRegression,20,79,124_Unknown,0,0.0
LogisticRegression,20,80,125_Unknown,9,0.3
LogisticRegression,20,81,"126_2,4-Pentadienenitrile",20,0.6666666666666666
LogisticRegression,20,82,127_Unknown,0,0.0
LogisticRegression,20,83,129_Unknown,0,0.0
LogisticRegression,20,84,"130_3-Oxa-bicyclo[3.2.0]hept-6-ene-2,4-dione",3,0.1
LogisticRegression,20,85,"131_2-Butenal, 2-methyl-, (E)-",0,0.0
LogisticRegression,20,86,132_Pyridine,0,0.0
LogisticRegression,20,87,"133_Formic acid, 2-methylbutyl ester",13,0.43333333333333335
LogisticRegression,20,88,134_Unknown,0,0.0
LogisticRegression,20,89,"135_Disulfide, dimethyl",0,0.0
LogisticRegression,20,90,136_Unknown,0,0.0
LogisticRegression,20,91,"137_2-Butenal, 2-methyl-",29,0.9666666666666667
LogisticRegression,20,92,138_Unknown,0,0.0
LogisticRegression,20,93,139_Unknown,1,0.03333333333333333
LogisticRegression,20,94,140_Unknown,0,0.0
LogisticRegression,20,95,145_Unknown,0,0.0
LogisticRegression,20,96,146_Unknown,0,0.0
LogisticRegression,20,97,"147_Methanamine, N,N-difluoro-",0,0.0
LogisticRegression,20,98,148_Propanoic acid,0,0.0
LogisticRegression,20,99,149_Unknown,0,0.0
LogisticRegression,20,100,150_Unknown,0,0.0
LogisticRegression,20,101,152_Unknown,0,0.0
LogisticRegression,20,102,153_Unknown,0,0.0
LogisticRegression,20,103,154_Unknown,0,0.0
LogisticRegression,20,104,155_Tetraethylammonium chloride,0,0.0
LogisticRegression,20,105,"160_Butanoic acid, 2-amino-4-(methylsulfinyl)-, (.+/-.)-",0,0.0
LogisticRegression,20,106,161_Unknown,0,0.0
LogisticRegression,20,107,"162_3-Hexene, 2,2-dimethyl-, (Z)-",0,0.0
LogisticRegression,20,108,169_Unknown,0,0.0
LogisticRegression,20,109,170_Unknown,0,0.0
LogisticRegression,20,110,172_Toluene,0,0.0
LogisticRegression,20,111,173_Unknown,0,0.0
LogisticRegression,20,112,174_1-Methyl-1-ethoxycyclobutane,0,0.0
LogisticRegression,20,113,"176_Boron, trihydro(pyridine)-, (T-4)-",0,0.0
LogisticRegression,20,114,177_Unknown,0,0.0
LogisticRegression,20,115,178_Unknown,0,0.0
LogisticRegression,20,116,179_Unknown,0,0.0
LogisticRegression,20,117,"180_1-Penten-3-one, 2-methyl-",0,0.0
LogisticRegression,20,118,181_Unknown,0,0.0
LogisticRegression,20,119,"182_2,2,4,4-Tetramethyloctane",0,0.0
LogisticRegression,20,120,183_Unknown,5,0.16666666666666666
LogisticRegression,20,121,184_Unknown,0,0.0
LogisticRegression,20,122,185_Unknown,0,0.0
LogisticRegression,20,123,"186_Butane, 2-cyclopropyl-",0,0.0
LogisticRegression,20,124,"188_2-Hexene, 3-methyl-, (Z)-",0,0.0
LogisticRegression,20,125,189_Unknown,0,0.0
LogisticRegression,20,126,190_Unknown,0,0.0
LogisticRegression,20,127,"194_D-Erythro-Tetrofuranose-3-ulose, 4-C-cyclopropyl-1,2-O-isopropylidene-, .alpha.-",0,0.0
LogisticRegression,20,128,"203_1,3-Dioxolane, 2-ethyl-4-methyl-",0,0.0
LogisticRegression,20,129,205_Unknown,0,0.0
LogisticRegression,20,130,207_Unknown,0,0.0
LogisticRegression,20,131,209_Unknown,0,0.0
LogisticRegression,20,132,211_Unknown,0,0.0
LogisticRegression,20,133,213_Unknown,3,0.1
LogisticRegression,20,134,214_Cyclopentanone,0,0.0
LogisticRegression,20,135,"216_Propane, 1,3-dimethoxy-",2,0.06666666666666667
LogisticRegression,20,136,"217_1,3-Diisopropoxy-1,3-dimethyl-1,3-disilacyclobutane",0,0.0
LogisticRegression,20,137,218_Unknown,0,0.0
LogisticRegression,20,138,223_4-Ethylbenzamide,0,0.0
LogisticRegression,20,139,"224_2-Methoxy-1,3-dioxolane",0,0.0
LogisticRegression,20,140,"226_4-Hexen-3-one, 4-methyl-",0,0.0
LogisticRegression,20,141,"227_Pipecolic acid, N-propoxycarbonyl-, dodecyl ester",0,0.0
LogisticRegression,20,142,"228_Cyclopentane, 1,2,4-trimethyl-, (1.alpha.,2.beta.,4.alpha.)-",0,0.0
LogisticRegression,20,143,229_Unknown,0,0.0
LogisticRegression,20,144,"230_3-Penten-2-one, 4-methyl-",1,0.03333333333333333
LogisticRegression,20,145,231_Unknown,0,0.0
LogisticRegression,20,146,"232_Isovaleric acid, 3-methylbutyl-2 ester",0,0.0
LogisticRegression,20,147,233_Unknown,1,0.03333333333333333
LogisticRegression,20,148,"234_Hexane, 2,2,4-trimethyl-",2,0.06666666666666667
LogisticRegression,20,149,235_3-Nonen-5-one,0,0.0
LogisticRegression,20,150,236_Hexanal,0,0.0
LogisticRegression,20,151,"237_Ethanol, 2-propoxy-",0,0.0
LogisticRegression,20,152,238_2-Methyl-4-methoxy-1-butanol,0,0.0
LogisticRegression,20,153,"239_1-Butene, 2,3,3-trimethyl-",0,0.0
LogisticRegression,20,154,240_Tetrachloroethylene,0,0.0
LogisticRegression,20,155,243_Unknown,0,0.0
LogisticRegression,20,156,247_Unknown,0,0.0
LogisticRegression,20,157,249_Butanoic acid,0,0.0
LogisticRegression,20,158,251_Unknown,2,0.06666666666666667
LogisticRegression,20,159,252_Unknown,0,0.0
LogisticRegression,20,160,"256_Propanoic acid, propyl ester",0,0.0
LogisticRegression,20,161,"259_Heptane, 3,4,5-trimethyl-",0,0.0
LogisticRegression,20,162,"262_1,5-Dimethyl-6-oxa-bicyclo[3.1.0]hexane",0,0.0
LogisticRegression,20,163,263_Unknown,0,0.0
LogisticRegression,20,164,"266_Acetic acid, butyl ester",0,0.0
LogisticRegression,20,165,267_Unknown,0,0.0
LogisticRegression,20,166,"268_Cyclotrisiloxane, hexamethyl-",0,0.0
LogisticRegression,20,167,269_Unknown,1,0.03333333333333333
LogisticRegression,20,168,270_Unknown,0,0.0
LogisticRegression,20,169,271_Unknown,1,0.03333333333333333
LogisticRegression,20,170,"272_Butanoic acid, 2-oxo-, methyl ester",0,0.0
LogisticRegression,20,171,"273_1-Butyne, 3-chloro-",0,0.0
LogisticRegression,20,172,"274_Hexane, 3,3-dimethyl-",0,0.0
LogisticRegression,20,173,275_Unknown,0,0.0
LogisticRegression,20,174,277_Unknown,4,0.13333333333333333
LogisticRegression,20,175,283_3-Furaldehyde,0,0.0
LogisticRegression,20,176,286_Unknown,0,0.0
LogisticRegression,20,177,288_4-Hexen-3-one,0,0.0
LogisticRegression,20,178,290_Unknown,0,0.0
LogisticRegression,20,179,291_Tetrafluoromethane,4,0.13333333333333333
LogisticRegression,20,180,"296_.beta.-D-Glucopyranose, 1,6-anhydro-",0,0.0
LogisticRegression,20,181,300_Unknown,0,0.0
LogisticRegression,20,182,"301_Benzene, chloro-",0,0.0
LogisticRegression,20,183,302_Unknown,0,0.0
LogisticRegression,20,184,304_Unknown,0,0.0
LogisticRegression,20,185,313_Unknown,2,0.06666666666666667
LogisticRegression,20,186,316_2-Ethyl-5-propylcyclopentanone,0,0.0
LogisticRegression,20,187,317_Ethylbenzene,0,0.0
LogisticRegression,20,188,319_Unknown,2,0.06666666666666667
LogisticRegression,20,189,320_Unknown,0,0.0
LogisticRegression,20,190,321_4-Hydroxy-3-hexanone,0,0.0
LogisticRegression,20,191,"325_2,6-Octadiene-4,5-diol",0,0.0
LogisticRegression,20,192,328_Unknown,0,0.0
LogisticRegression,20,193,"329_Succinic acid, but-3-yn-2-yl tetrahydrofurfuryl ester",0,0.0
LogisticRegression,20,194,331_Unknown,0,0.0
LogisticRegression,20,195,332_N-(2-Methoxyethyl)-tert-butylamine,0,0.0
LogisticRegression,20,196,333_Unknown,0,0.0
LogisticRegression,20,197,334_Unknown,0,0.0
LogisticRegression,20,198,"335_2-Ethylthiolane, S,S-dioxide",0,0.0
LogisticRegression,20,199,336_1-Methylcyclopropanemethanol,0,0.0
LogisticRegression,20,200,337_2-Methoxythiophene,0,0.0
LogisticRegression,20,201,338_1-Methoxycyclohexane,0,0.0
LogisticRegression,20,202,"339_2H-Imidazole-2-thione, 1,3-dihydro-1-methyl-",0,0.0
LogisticRegression,20,203,"340_Acetaldehyde, butylhydrazone",1,0.03333333333333333
LogisticRegression,20,204,341_Unknown,0,0.0
LogisticRegression,20,205,342_Unknown,0,0.0
LogisticRegression,20,206,346_Unknown,1,0.03333333333333333
LogisticRegression,20,207,348_Unknown,0,0.0
LogisticRegression,20,208,349_Unknown,0,0.0
LogisticRegression,20,209,"350_Trisiloxane, octamethyl-",0,0.0
LogisticRegression,20,210,351_Unknown,0,0.0
LogisticRegression,20,211,353_3-Ethyl-2-nonanone,0,0.0
LogisticRegression,20,212,"358_Ethanone, 1-(1-cyclohexen-1-yl)-",0,0.0
LogisticRegression,20,213,"360_3,5-Octanedione, 2,2,4,7-tetramethyl-",0,0.0
LogisticRegression,20,214,"361_1,2-Propanediol diformate",0,0.0
LogisticRegression,20,215,362_Hypoglycin,0,0.0
LogisticRegression,20,216,363_Cyclohexylmethylsilane,0,0.0
LogisticRegression,20,217,364_3-Heptanone,0,0.0
LogisticRegression,20,218,365_Unknown,0,0.0
LogisticRegression,20,219,370_o-Xylene,0,0.0
LogisticRegression,20,220,371_Unknown,0,0.0
LogisticRegression,20,221,372_Unknown,0,0.0
LogisticRegression,20,222,374_Unknown,0,0.0
LogisticRegression,20,223,375_Unknown,0,0.0
LogisticRegression,20,224,376_Unknown,0,0.0
LogisticRegression,20,225,"378_2,2,3-Triethyloxirane",0,0.0
LogisticRegression,20,226,381_Unknown,12,0.4
LogisticRegression,20,227,"383_3,3-Dichloropropyne",8,0.26666666666666666
LogisticRegression,20,228,385_n-Heptyl acrylate,0,0.0
LogisticRegression,20,229,"386_Cyclohexa-1,3-diene, 5,6-diethyl-",0,0.0
LogisticRegression,20,230,"387_2-Propenoic acid, butyl ester",0,0.0
LogisticRegression,20,231,388_Unknown,0,0.0
LogisticRegression,20,232,389_3-Heptanol,0,0.0
LogisticRegression,20,233,390_Unknown,0,0.0
LogisticRegression,20,234,391_Unknown,0,0.0
LogisticRegression,20,235,"392_1-Butyl(dimethyl)silyloxy-2,2-dimethylpropane",0,0.0
LogisticRegression,20,236,394_Unknown,1,0.03333333333333333
LogisticRegression,20,237,"395_Ethanol, 2-butoxy-",0,0.0
LogisticRegression,20,238,396_Heptanal,0,0.0
LogisticRegression,20,239,398_Unknown,0,0.0
LogisticRegression,20,240,"399_2-Hexanol, 5-methyl-",0,0.0
LogisticRegression,20,241,"401_2-Propanol, 1-methoxy-2-methyl-",0,0.0
LogisticRegression,20,242,403_Unknown,0,0.0
LogisticRegression,20,243,405_Unknown,0,0.0
LogisticRegression,20,244,406_Unknown,0,0.0
LogisticRegression,20,245,407_Unknown,2,0.06666666666666667
LogisticRegression,20,246,409_Unknown,0,0.0
LogisticRegression,20,247,410_Unknown,0,0.0
LogisticRegression,20,248,"411_Propanoic acid, butyl ester",0,0.0
LogisticRegression,20,249,412_Unknown,0,0.0
LogisticRegression,20,250,413_Unknown,0,0.0
LogisticRegression,20,251,416_Unknown,0,0.0
LogisticRegression,20,252,"422_1-Pentanol, TBDMS derivative",0,0.0
LogisticRegression,20,253,427_Unknown,0,0.0
LogisticRegression,20,254,428_Unknown,0,0.0
LogisticRegression,20,255,"431_1-Hexyn-3-ol, 3-methyl-",0,0.0
LogisticRegression,20,256,434_Unknown,0,0.0
LogisticRegression,20,257,436_Unknown,0,0.0
LogisticRegression,20,258,"438_Undecane, 5,5-dimethyl-",0,0.0
LogisticRegression,20,259,442_2-Cyclohexen-1-one,0,0.0
LogisticRegression,20,260,446_Unknown,0,0.0
LogisticRegression,20,261,"449_Cyclohexane, 1,3-dimethyl-",0,0.0
LogisticRegression,20,262,450_Unknown,0,0.0
LogisticRegression,20,263,"451_2-Heptanone, 4-methyl-",0,0.0
LogisticRegression,20,264,454_Unknown,0,0.0
LogisticRegression,20,265,459_Unknown,0,0.0
LogisticRegression,20,266,462_(-)-trans-Pinane,0,0.0
LogisticRegression,20,267,464_Unknown,0,0.0
LogisticRegression,20,268,465_3-Ethyl-4-methylpentan-1-ol,21,0.7
LogisticRegression,20,269,"466_Hexanal, 3,3-dimethyl-",0,0.0
LogisticRegression,20,270,"471_Hexanal, 2-ethyl-",23,0.7666666666666667
LogisticRegression,20,271,"474_2-Heptenal, (Z)-",30,1.0
LogisticRegression,20,272,475_Unknown,1,0.03333333333333333
LogisticRegression,20,273,476_Unknown,0,0.0
LogisticRegression,20,274,477_Unknown,0,0.0
LogisticRegression,20,275,478_Unknown,3,0.1
LogisticRegression,20,276,479_3-Ethylcyclopentanone,0,0.0
LogisticRegression,20,277,"480_Benzene, 1,1'-(1-methyl-1,2-ethanediyl)bis-",0,0.0
LogisticRegression,20,278,"483_2H-Pyran-3,4,5-triol, tetrahydro-2-methoxy-6-methyl-",0,0.0
LogisticRegression,20,279,484_Unknown,0,0.0
LogisticRegression,20,280,"485_Nonane, 4-methyl-",0,0.0
LogisticRegression,20,281,"488_Tridecane, 6-methyl-",0,0.0
LogisticRegression,20,282,490_Unknown,0,0.0
LogisticRegression,20,283,"492_Pentadecane, 6-methyl-",1,0.03333333333333333
LogisticRegression,20,284,"495_Ethanol, 2,2'-oxybis-",0,0.0
LogisticRegression,20,285,496_(E)1-Allyl-2-methylcyclohexanol,3,0.1
LogisticRegression,20,286,"497_4-Octanol, 2-methyl-",0,0.0
LogisticRegression,20,287,500_Dibutylsulfamic acid,0,0.0
LogisticRegression,20,288,"501_5-Ethyl-2,4-nonandione",0,0.0
LogisticRegression,20,289,"502_Oxalic acid, butyl 2-ethylhexyl ester",0,0.0
LogisticRegression,20,290,503_5-Nonanol,0,0.0
LogisticRegression,20,291,"507_Formic acid, heptyl ester",0,0.0
LogisticRegression,20,292,508_Unknown,0,0.0
LogisticRegression,20,293,510_Unknown,0,0.0
LogisticRegression,20,294,511_Unknown,0,0.0
LogisticRegression,20,295,512_Unknown,0,0.0
LogisticRegression,20,296,513_Unknown,0,0.0
LogisticRegression,20,297,516_1-Decen-3-one,0,0.0
LogisticRegression,20,298,521_Unknown,0,0.0
LogisticRegression,20,299,522_Unknown,16,0.5333333333333333
LogisticRegression,20,300,523_Benzonitrile,0,0.0
LogisticRegression,20,301,"524_3-Pentenoic acid, 4-methyl-",0,0.0
LogisticRegression,20,302,525_1-Octen-3-ol,0,0.0
LogisticRegression,20,303,"527_Dodecane, 2,2,11,11-tetramethyl-",0,0.0
LogisticRegression,20,304,528_Phenol,0,0.0
LogisticRegression,20,305,531_Unknown,0,0.0
LogisticRegression,20,306,533_Unknown,2,0.06666666666666667
LogisticRegression,20,307,535_Unknown,1,0.03333333333333333
LogisticRegression,20,308,"536_Propanoic acid, 2,2-dimethyl-, cesium salt",0,0.0
LogisticRegression,20,309,537_Hexanoic acid,0,0.0
LogisticRegression,20,310,"538_Cyclotetrasiloxane, octamethyl-",0,0.0
LogisticRegression,20,311,540_Unknown,22,0.7333333333333333
LogisticRegression,20,312,543_Unknown,1,0.03333333333333333
LogisticRegression,20,313,544_2-Octanone,2,0.06666666666666667
LogisticRegression,20,314,545_Unknown,0,0.0
LogisticRegression,20,315,"546_Benzene, 1,2,3-trimethyl-",1,0.03333333333333333
LogisticRegression,20,316,548_4-Octanol,0,0.0
LogisticRegression,20,317,549_Unknown,0,0.0
LogisticRegression,20,318,"551_2-Methyl-1,6-dioxaspiro[4.4]nonane",3,0.1
LogisticRegression,20,319,552_Unknown,0,0.0
LogisticRegression,20,320,561_Unknown,0,0.0
LogisticRegression,20,321,565_Propanenitrile,0,0.0
LogisticRegression,20,322,566_Unknown,0,0.0
LogisticRegression,20,323,567_Decane,0,0.0
LogisticRegression,20,324,569_Octanal,0,0.0
LogisticRegression,20,325,570_Unknown,0,0.0
LogisticRegression,20,326,"571_Ethanol, 2-(2-ethoxyethoxy)-",0,0.0
LogisticRegression,20,327,572_Unknown,0,0.0
LogisticRegression,20,328,"574_2-Octanol, (S)-",2,0.06666666666666667
LogisticRegression,20,329,"575_Cyclopentene, 1,4-dimethyl-5-(1-methylethyl)-",0,0.0
LogisticRegression,20,330,584_Unknown,0,0.0
LogisticRegression,20,331,"586_Benzene, 1,2,4-trimethyl-",0,0.0
LogisticRegression,20,332,"588_Propanenitrile, 2,2'-azobis[2-methyl-",2,0.06666666666666667
LogisticRegression,20,333,589_Unknown,0,0.0
LogisticRegression,20,334,"590_2-Propanol, 1-(2-ethoxypropoxy)-",0,0.0
LogisticRegression,20,335,"591_Silane, triethylfluoro-",0,0.0
LogisticRegression,20,336,592_Tetramethylbutanedinitrile,0,0.0
LogisticRegression,20,337,593_Unknown,0,0.0
LogisticRegression,20,338,598_Unknown,0,0.0
LogisticRegression,20,339,602_Unknown,0,0.0
LogisticRegression,20,340,605_D-Limonene,0,0.0
LogisticRegression,20,341,606_Unknown,0,0.0
LogisticRegression,20,342,608_2-Propyl-1-pentanol,0,0.0
LogisticRegression,20,343,609_Unknown,0,0.0
LogisticRegression,20,344,610_Unknown,0,0.0
LogisticRegression,20,345,611_Unknown,0,0.0
LogisticRegression,20,346,613_Unknown,0,0.0
LogisticRegression,20,347,"614_Butanedioic acid, dimethyl ester",0,0.0
LogisticRegression,20,348,615_Unknown,1,0.03333333333333333
LogisticRegression,20,349,616_Unknown,0,0.0
LogisticRegression,20,350,619_1-(1'-pyrrolidinyl)-2-butanone,0,0.0
LogisticRegression,20,351,"620_1,3,2-Dioxaborolane, 2,4-diethyl-",0,0.0
LogisticRegression,20,352,621_Benzyl alcohol,0,0.0
LogisticRegression,20,353,"623_3-Benzofurancarboxaldehyde, 2,3-dihydro-3-methyl-",11,0.36666666666666664
LogisticRegression,20,354,"624_Cyclopropanecarboxylic acid,4-methylpentyl ester",0,0.0
LogisticRegression,20,355,"626_3,5-Octadien-2-ol",0,0.0
LogisticRegression,20,356,627_3-Ethyl-3-heptanol,0,0.0
LogisticRegression,20,357,"629_Benzaldehyde, 2-hydroxy-",0,0.0
LogisticRegression,20,358,630_Unknown,0,0.0
LogisticRegression,20,359,632_Unknown,0,0.0
LogisticRegression,20,360,634_Unknown,0,0.0
LogisticRegression,20,361,"635_2,4,6-Cycloheptatrien-1-one, 4-methyl-",2,0.06666666666666667
LogisticRegression,20,362,"636_2-Propenoic acid, 2-methyl-, 2-hydroxypropyl ester",0,0.0
LogisticRegression,20,363,"637_4,4'-Bi-1,3,2-dioxaborolane, 2,2'-diethyl-",0,0.0
LogisticRegression,20,364,"640_1-Hexanol, 3,5,5-trimethyl-",0,0.0
LogisticRegression,20,365,"645_Nonane, 5-methyl-5-propyl-",0,0.0
LogisticRegression,20,366,"648_Succinic acid, tridec-2-yn-1-yl 3-methylbut-3-en-1-yl ester",0,0.0
LogisticRegression,20,367,"649_2(3H)-Furanone, 5-ethyldihydro-",0,0.0
LogisticRegression,20,368,"650_1,2,4,5-Tetrazine, 1,4-dibutylhexahydro-",0,0.0
LogisticRegression,20,369,651_Unknown,4,0.13333333333333333
LogisticRegression,20,370,"654_Pentanal, 5-[(tetrahydro-2H-pyran-2-yl)oxy]-",0,0.0
LogisticRegression,20,371,658_Unknown,0,0.0
LogisticRegression,20,372,660_Unknown,0,0.0
LogisticRegression,20,373,"663_2,5-Hexanediol, 2,5-dimethyl-",1,0.03333333333333333
LogisticRegression,20,374,664_Unknown,0,0.0
LogisticRegression,20,375,"666_4,7-Methano-1H-indene, octahydro-",6,0.2
LogisticRegression,20,376,668_Phenylglyoxal,0,0.0
LogisticRegression,20,377,"670_Aniline, N-methyl-",0,0.0
LogisticRegression,20,378,672_Acetophenone,0,0.0
LogisticRegression,20,379,675_Cyclooctyl alcohol,0,0.0
LogisticRegression,20,380,"677_Decane, 3-methyl-",0,0.0
LogisticRegression,20,381,680_Unknown,0,0.0
LogisticRegression,20,382,"681_7-Octen-2-ol, 2,6-dimethyl-",0,0.0
LogisticRegression,20,383,"683_Formic acid, octyl ester",5,0.16666666666666666
LogisticRegression,20,384,684_Decyl octyl ether,21,0.7
LogisticRegression,20,385,687_Unknown,0,0.0
LogisticRegression,20,386,"688_Terephthalic acid, 2-methoxyethyl propyl ester",0,0.0
LogisticRegression,20,387,"689_Arsenous acid, tris(trimethylsilyl) ester",0,0.0
LogisticRegression,20,388,"693_Hexane, 2,5-dimethoxy-2,5-dimethyl-",0,0.0
LogisticRegression,20,389,695_Unknown,0,0.0
LogisticRegression,20,390,"696_Silicic acid, diethyl bis(trimethylsilyl) ester",0,0.0
LogisticRegression,20,391,"697_Benzene, 2-ethyl-1,4-dimethyl-",0,0.0
LogisticRegression,20,392,"698_1,6-Dioxaspiro[4.4]nonane, 2-ethyl-",0,0.0
LogisticRegression,20,393,701_(+)-4-Carene,5,0.16666666666666666
LogisticRegression,20,394,703_Lethane,0,0.0
LogisticRegression,20,395,706_2-Butoxyethyl acetate,0,0.0
LogisticRegression,20,396,"709_4-Heptanol, 2,6-dimethyl-",0,0.0
LogisticRegression,20,397,711_2-Nonanone,0,0.0
LogisticRegression,20,398,712_Unknown,0,0.0
LogisticRegression,20,399,713_Unknown,0,0.0
LogisticRegression,20,400,"714_Benzoic acid, methyl ester",0,0.0
LogisticRegression,20,401,"715_2,5-Furandione, 3-(1,1-dimethylethyl)-",0,0.0
LogisticRegression,20,402,716_Unknown,0,0.0
LogisticRegression,20,403,"717_1-Hexadecen-3-ol, 3,5,11,15-tetramethyl-",0,0.0
LogisticRegression,20,404,720_Linalool,0,0.0
LogisticRegression,20,405,724_Unknown,0,0.0
LogisticRegression,20,406,726_Unknown,0,0.0
LogisticRegression,20,407,"728_2-Cyclohexen-1-one, 3,6-dimethyl-6-(1-methylethyl)-",0,0.0
LogisticRegression,20,408,729_Unknown,0,0.0
LogisticRegression,20,409,730_Unknown,1,0.03333333333333333
LogisticRegression,20,410,732_Nonanal,9,0.3
LogisticRegression,20,411,738_Unknown,0,0.0
LogisticRegression,20,412,742_Unknown,0,0.0
LogisticRegression,20,413,"743_Benzene, 1,3-dichloro-2-methyl-",0,0.0
LogisticRegression,20,414,744_Unknown,0,0.0
LogisticRegression,20,415,746_Unknown,3,0.1
LogisticRegression,20,416,749_Isophorone,0,0.0
LogisticRegression,20,417,"752_Hexanoic acid, 2-ethyl-",5,0.16666666666666666
LogisticRegression,20,418,753_Unknown,0,0.0
LogisticRegression,20,419,754_Unknown,0,0.0
LogisticRegression,20,420,"755_Undecane, 3,8-dimethyl-",0,0.0
LogisticRegression,20,421,758_Unknown,8,0.26666666666666666
LogisticRegression,20,422,760_Unknown,3,0.1
LogisticRegression,20,423,"771_1H-Indene, 2,3-dihydro-5-methyl-",0,0.0
LogisticRegression,20,424,772_Unknown,0,0.0
LogisticRegression,20,425,"777_Cyclopentasiloxane, decamethyl-",0,0.0
LogisticRegression,20,426,778_Unknown,0,0.0
LogisticRegression,20,427,779_Unknown,0,0.0
LogisticRegression,20,428,"781_trans-1,2-Dimethylsilacyclohexane",0,0.0
LogisticRegression,20,429,"782_2,6-Dihydroxyacetophenone, 2TMS derivative",0,0.0
LogisticRegression,20,430,"783_Cyclohexanol, 1-butyl-",0,0.0
LogisticRegression,20,431,"784_1,1,3,3,5,5,7,7-Octamethyl-7-(2-methylpropoxy)tetrasiloxan-1-ol",7,0.23333333333333334
LogisticRegression,20,432,785_Unknown,0,0.0
LogisticRegression,20,433,"787_Acetamide, 2-(3-cyano-4-methoxymethyl-6-methylpyridin-2-ylsulfanyl)-N-(3-trifluoromethylphenyl)-",0,0.0
LogisticRegression,20,434,"793_Hexadecanal, 2-methyl-",0,0.0
LogisticRegression,20,435,794_(R)-(+)-1-Phenyl-1-propanol,0,0.0
LogisticRegression,20,436,"795_2(3H)-Furanone, dihydro-5-propyl-",0,0.0
LogisticRegression,20,437,796_Unknown,0,0.0
LogisticRegression,20,438,"799_2(3H)-Furanone, 5-heptyldihydro-",0,0.0
LogisticRegression,20,439,"802_Silane, cyclohexyldimethoxymethyl-",0,0.0
LogisticRegression,20,440,"804_2,6-Dimethyldecane",0,0.0
LogisticRegression,20,441,805_Unknown,0,0.0
LogisticRegression,20,442,"807_Benzene, (2-methylbutyl)-",0,0.0
LogisticRegression,20,443,809_Unknown,0,0.0
LogisticRegression,20,444,"813_2-Nonenal, (E)-",0,0.0
LogisticRegression,20,445,"815_Acetic acid, phenylmethyl ester",0,0.0
LogisticRegression,20,446,819_Unknown,0,0.0
LogisticRegression,20,447,820_Benzoic acid,0,0.0
LogisticRegression,20,448,824_Unknown,0,0.0
LogisticRegression,20,449,826_Unknown,0,0.0
LogisticRegression,20,450,"827_p-Acetophenetidide, N-methyl-",0,0.0
LogisticRegression,20,451,"828_Phenol, 2,4-dimethyl-",0,0.0
LogisticRegression,20,452,832_trans-2-Dodecen-1-ol,3,0.1
LogisticRegression,20,453,834_Unknown,0,0.0
LogisticRegression,20,454,835_1-Nonanol,0,0.0
LogisticRegression,20,455,838_Terpinen-4-ol,0,0.0
LogisticRegression,20,456,845_3-Decanone,3,0.1
LogisticRegression,20,457,"846_Ethanol, 1-(2-butoxyethoxy)-",0,0.0
LogisticRegression,20,458,847_Unknown,0,0.0
LogisticRegression,20,459,"848_Benzenemethanol, .alpha.-methyl-, acetate",1,0.03333333333333333
LogisticRegression,20,460,849_Unknown,0,0.0
LogisticRegression,20,461,851_Unknown,6,0.2
LogisticRegression,20,462,853_Unknown,0,0.0
LogisticRegression,20,463,858_2-Decanone,0,0.0
LogisticRegression,20,464,"863_1-Buten-3-one, 1-(2-carboxy-4,4-dimethylcyclobutenyl)-",0,0.0
LogisticRegression,20,465,865_Unknown,0,0.0
LogisticRegression,20,466,872_Unknown,1,0.03333333333333333
LogisticRegression,20,467,874_Unknown,0,0.0
LogisticRegression,20,468,875_4-n-Propylbenzoic acid,30,1.0
LogisticRegression,20,469,877_Unknown,2,0.06666666666666667
LogisticRegression,20,470,878_Unknown,0,0.0
LogisticRegression,20,471,879_Unknown,2,0.06666666666666667
LogisticRegression,20,472,880_Unknown,0,0.0
LogisticRegression,20,473,887_Unknown,10,0.3333333333333333
LogisticRegression,20,474,"888_Benzaldehyde, 2,4-dimethyl-",0,0.0
LogisticRegression,20,475,889_Dodecyl nonyl ether,0,0.0
LogisticRegression,20,476,891_Unknown,0,0.0
LogisticRegression,20,477,892_Unknown,0,0.0
LogisticRegression,20,478,"894_2,4-Nonadienal, (E,E)-",0,0.0
LogisticRegression,20,479,"897_2,3,4,6-Tetrahydroisoquinolin-6-one, 1-[4-hydroxybenzyl]-7-methoxy-",0,0.0
LogisticRegression,20,480,900_Benzothiazole,0,0.0
LogisticRegression,20,481,903_Unknown,0,0.0
LogisticRegression,20,482,906_Unknown,0,0.0
LogisticRegression,20,483,"907_2-Propenoic acid, 6-methylheptyl ester",0,0.0
LogisticRegression,20,484,908_Unknown,0,0.0
LogisticRegression,20,485,911_Unknown,6,0.2
LogisticRegression,20,486,"912_Cyclohexane, isothiocyanato-",0,0.0
LogisticRegression,20,487,"914_Pentasiloxane, dodecamethyl-",0,0.0
LogisticRegression,20,488,917_Unknown,13,0.43333333333333335
LogisticRegression,20,489,934_Unknown,0,0.0
LogisticRegression,20,490,"936_Silane, trimethyl(3-methyl-1-butynyl)-",0,0.0
LogisticRegression,20,491,938_Unknown,0,0.0
LogisticRegression,20,492,940_Unknown,0,0.0
LogisticRegression,20,493,943_Unknown,0,0.0
LogisticRegression,20,494,"944_Benzene, 1,3-bis(1,1-dimethylethyl)-",0,0.0
LogisticRegression,20,495,947_Geraniol,0,0.0
LogisticRegression,20,496,"948_2,6,10-Trimethyltridecane",0,0.0
LogisticRegression,20,497,"949_Heptadecane, 2,6,10,15-tetramethyl-",0,0.0
LogisticRegression,20,498,"950_Acetic acid, chloro-, 2-phenylethyl ester",0,0.0
LogisticRegression,20,499,"952_Sulfurous acid, 2-ethylhexyl undecyl ester",0,0.0
LogisticRegression,20,500,"958_1H-Indene, 2,3-dihydro-1,1-dimethyl-",0,0.0
LogisticRegression,20,501,960_Unknown,0,0.0
LogisticRegression,20,502,962_Unknown,0,0.0
LogisticRegression,20,503,963_Unknown,0,0.0
LogisticRegression,20,504,966_Unknown,0,0.0
LogisticRegression,20,505,"967_2-Decenal, (E)-",0,0.0
LogisticRegression,20,506,968_Unknown,0,0.0
LogisticRegression,20,507,974_Unknown,0,0.0
LogisticRegression,20,508,"976_Benzoic acid, 2-hydroxy-, ethyl ester",0,0.0
LogisticRegression,20,509,977_Nonanoic acid,0,0.0
LogisticRegression,20,510,980_Unknown,0,0.0
LogisticRegression,20,511,"983_Benzaldehyde, 4-propyl-",0,0.0
LogisticRegression,20,512,984_1-Decanol,0,0.0
LogisticRegression,20,513,"990_3,4-Dimethylcumene",0,0.0
LogisticRegression,20,514,995_Unknown,0,0.0
LogisticRegression,20,515,"1002_3-Picoline, 5-(tert-butylthio)-",0,0.0
LogisticRegression,20,516,1010_Unknown,0,0.0
LogisticRegression,20,517,"1011_Naphthalene, 1,2,3,4-tetrahydro-1,8-dimethyl-",0,0.0
LogisticRegression,20,518,"1012_Phenol, 2-methyl-5-(1-methylethyl)-",0,0.0
LogisticRegression,20,519,1013_Unknown,0,0.0
LogisticRegression,20,520,"1014_1H-Pyrazole, 3-ethyl-4,5-dihydro-1,4-dimethyl-",0,0.0
LogisticRegression,20,521,"1016_Benzothiazole, 2-methyl-",0,0.0
LogisticRegression,20,522,"1017_Naphthalene, 1-methyl-",0,0.0
LogisticRegression,20,523,1019_Unknown,0,0.0
LogisticRegression,20,524,"1022_2-Cyclohexen-1-one, 4-butyl-3-methoxy-",3,0.1
LogisticRegression,20,525,1024_Unknown,0,0.0
LogisticRegression,20,526,1026_Unknown,0,0.0
LogisticRegression,20,527,"1032_Carbonic acid, tetradecyl vinyl ester",0,0.0
LogisticRegression,20,528,"1033_Cyclohexasiloxane, dodecamethyl-",0,0.0
LogisticRegression,20,529,"1034_.beta.-Hydroxypyruvic acid, trimethylsilyl ether, trimethylsilyl ester",0,0.0
LogisticRegression,20,530,1036_Unknown,0,0.0
LogisticRegression,20,531,1041_Unknown,0,0.0
LogisticRegression,20,532,"1042_Ethanone, 1-[4-(1-methylethyl)phenyl]-",0,0.0
LogisticRegression,20,533,"1044_Ethanone, 1-(2,4,5-trimethylphenyl)-",0,0.0
LogisticRegression,20,534,1046_2-Bromo dodecane,0,0.0
LogisticRegression,20,535,1047_3-tert-Butyl-2-pyrazolin-5-one,0,0.0
LogisticRegression,20,536,1051_Unknown,0,0.0
LogisticRegression,20,537,"1052_1,3-Cyclohexadiene-1-carboxaldehyde, 2,6,6-trimethyl-",1,0.03333333333333333
LogisticRegression,20,538,1053_Unknown,0,0.0
LogisticRegression,20,539,1056_Unknown,0,0.0
LogisticRegression,20,540,1057_Unknown,0,0.0
LogisticRegression,20,541,1059_Unknown,0,0.0
LogisticRegression,20,542,"1060_Cyclohexanol, 4-(1,1-dimethylethyl)-, acetate, cis-",0,0.0
LogisticRegression,20,543,"1061_Benzene, 3-cyclohexen-1-yl-",0,0.0
LogisticRegression,20,544,1062_Unknown,0,0.0
LogisticRegression,20,545,"1064_(-)-1,2,2.alpha.,3,3,4,6,7,8,8.alpha.-decahydro-2.alpha.,7,8-trimethylacenaphthylene",0,0.0
LogisticRegression,20,546,"1066_Hexanamide, N-methallyl-",0,0.0
LogisticRegression,20,547,1067_Cedrene-V6,0,0.0
LogisticRegression,20,548,1068_Unknown,0,0.0
LogisticRegression,20,549,1070_Unknown,0,0.0
LogisticRegression,20,550,"1071_2,4,4-Trimethyl-3-(3-methylbutyl)cyclohex-2-enone",0,0.0
LogisticRegression,20,551,1072_Unknown,0,0.0
LogisticRegression,20,552,1073_Unknown,0,0.0
LogisticRegression,20,553,"1074_Benzene, 1-(1,1-dimethylethyl)-3-ethyl-",0,0.0
LogisticRegression,20,554,"1077_Sulfurous acid, cyclohexylmethyl heptadecyl ester",0,0.0
LogisticRegression,20,555,"1080_Tricyclo[5.4.0.0(2,8)]undec-9-ene, 2,6,6,9-tetramethyl-, (1R,2S,7R,8R)-",0,0.0
LogisticRegression,20,556,"1083_2,7-Imino-3,6-methanonaphthalene, decahydro-",0,0.0
LogisticRegression,20,557,"1084_(1R,3aS,4aS,8aS)-1,4,4,6-Tetramethyl-1,2,3,3a,4,4a,7,8-octahydrocyclopenta[1,4]cyclobuta[1,2]benzene",0,0.0
LogisticRegression,20,558,"1090_Phenol, 2-(1,1-dimethylethyl)-6-methyl-",0,0.0
LogisticRegression,20,559,1091_Unknown,0,0.0
LogisticRegression,20,560,1093_Unknown,0,0.0
LogisticRegression,20,561,"1094_Heptacosane, 1-chloro-",0,0.0
LogisticRegression,20,562,1097_Unknown,0,0.0
LogisticRegression,20,563,1099_2-Undecenal,0,0.0
LogisticRegression,20,564,"1100_Ethanone, 1-[4-(1-methylethenyl)phenyl]-",0,0.0
LogisticRegression,20,565,1102_N-(tert-Butyldimethylsilyl)-9-ethyl-9H-carbazol-3-amine,0,0.0
LogisticRegression,20,566,"1103_Ethanone, 1-(2,3-dihydro-1H-inden-5-yl)-",0,0.0
LogisticRegression,20,567,1106_o-tert-Butyl cyclohexyl acetate 1,0,0.0
LogisticRegression,20,568,1111_Butyl benzoate,0,0.0
LogisticRegression,20,569,"1112_Acetic acid, trifluoro-, undecyl ester",0,0.0
LogisticRegression,20,570,1117_Unknown,0,0.0
LogisticRegression,20,571,1119_Longifolene-(V4),0,0.0
LogisticRegression,20,572,1121_Unknown,0,0.0
LogisticRegression,20,573,"1125_2,4,4,6,6,8,8-Heptamethyl-1-nonene",0,0.0
LogisticRegression,20,574,1127_Unknown,0,0.0
LogisticRegression,20,575,"1130_2-Butanone, 1-(1,3-benzodioxol-5-yl)-",0,0.0
LogisticRegression,20,576,1131_Unknown,0,0.0
LogisticRegression,20,577,1133_2-Dodecanone,0,0.0
LogisticRegression,20,578,1134_Unknown,0,0.0
LogisticRegression,20,579,"1135_Hexasiloxane, tetradecamethyl-",0,0.0
LogisticRegression,20,580,"1138_Bicyclo[4.4.0]dec-1-ene, 2-isopropyl-5-methyl-9-methylene-",0,0.0
LogisticRegression,20,581,1139_Unknown,2,0.06666666666666667
LogisticRegression,20,582,1140_Unknown,0,0.0
LogisticRegression,20,583,1141_Diphenyl ether,0,0.0
LogisticRegression,20,584,"1145_2,3-Dihydro-1H-cyclopenta[b]quinoxaline",0,0.0
LogisticRegression,20,585,1147_Unknown,0,0.0
LogisticRegression,20,586,1148_Unknown,0,0.0
LogisticRegression,20,587,1149_Unknown,0,0.0
LogisticRegression,20,588,"1150_1H-3a,7-Methanoazulene, octahydro-1,4,9,9-tetramethyl-, (1.alpha.,3a.alpha.,4.beta.,7.alpha.,8a.beta.)-",0,0.0
LogisticRegression,20,589,"1151_1H-Cycloprop[e]azulene, decahydro-1,1,4,7-tetramethyl-",0,0.0
LogisticRegression,20,590,"1157_2,4,8-Trimethyl-1,2,3,4-tetrahydroquinoline",0,0.0
LogisticRegression,20,591,"1159_5-Azulenemethanol, 1,2,3,4,5,6,7,8-octahydro-.alpha.,.alpha.,3,8-tetramethyl-, acetate, [3S-(3.alpha.,5.alpha.,8.alpha.)]-",0,0.0
LogisticRegression,20,592,"1163_10,10-Dimethyl-4-acetyl-tricyclo[5.2.1.0(1,5)]decane",0,0.0
LogisticRegression,20,593,"1167_(3S,4aR,8aS)-1,1,3,6-Tetramethyl-3-vinyl-3,4,4a,7,8,8a-hexahydro-1H-isochromene",0,0.0
LogisticRegression,20,594,1168_Unknown,0,0.0
LogisticRegression,20,595,1172_2-Cyanoquinoxaline,0,0.0
LogisticRegression,20,596,"1173_Spiro[5.5]undec-2-ene, 3,7,7-trimethyl-11-methylene-, (-)-",0,0.0
LogisticRegression,20,597,"1175_4,7-methano-1H-inden-5-ol, 3a,4,5,6,7,7a-hexahydro-, acetate",1,0.03333333333333333
LogisticRegression,20,598,"1177_2-Isopropenyl-4a,8-dimethyl-1,2,3,4,4a,5,6,8a-octahydronaphthalene",0,0.0
LogisticRegression,20,599,1178_Nopyl acetate,0,0.0
LogisticRegression,20,600,1180_Unknown,0,0.0
LogisticRegression,20,601,1184_Isosativene,0,0.0
LogisticRegression,20,602,"1185_Ethanone, 1,1'-(1,4-phenylene)bis-",0,0.0
LogisticRegression,20,603,"1186_1,1,7,7a-Tetramethyl-1a,2,6,7,7a,7b-hexahydro-1H-cyclopropa[a]naphthalene",0,0.0
LogisticRegression,20,604,"1187_2-Butanone, 4-(2,6,6-trimethyl-1-cyclohexen-1-yl)-",0,0.0
LogisticRegression,20,605,1189_.gamma.-Neoclovene,0,0.0
LogisticRegression,20,606,"1190_Quinoline, 1,2-dihydro-2,2,4-trimethyl-",0,0.0
LogisticRegression,20,607,1192_Unknown,0,0.0
LogisticRegression,20,608,1193_Unknown,0,0.0
LogisticRegression,20,609,"1196_(-)-Neoclovene-(I), dihydro-",0,0.0
LogisticRegression,20,610,"1197_Quinoline, 2,7-dimethyl-",0,0.0
LogisticRegression,20,611,"1198_Phthalic acid, methyl neopentyl ester",0,0.0
LogisticRegression,20,612,"1200_Benzene, 1-(1,5-dimethylhexyl)-4-methyl-",0,0.0
LogisticRegression,20,613,1201_Dimethyl phthalate,0,0.0
LogisticRegression,20,614,1202_Biphenylene,0,0.0
LogisticRegression,20,615,1203_Unknown,0,0.0
LogisticRegression,20,616,1204_Unknown,0,0.0
LogisticRegression,20,617,"1206_5,9-Undecadien-2-one, 6,10-dimethyl-, (E)-",0,0.0
LogisticRegression,20,618,1208_Unknown,0,0.0
LogisticRegression,20,619,"1212_1-Cyclohexene, 1,3,3-trimethyl-2-(1-methylbut-1-en-3-on-1-yl)-",0,0.0
LogisticRegression,20,620,1213_(-)-.alpha.-Panasinsen,0,0.0
LogisticRegression,20,621,1216_Unknown,0,0.0
LogisticRegression,20,622,"1217_Silane, trichlorooctadecyl-",0,0.0
LogisticRegression,20,623,1219_Unknown,0,0.0
LogisticRegression,20,624,"1220_2,5-cyclohexadien-1-one, 2,6-bis(1,1-dimethylethyl)-4-hydroxy-4-methyl-",0,0.0
LogisticRegression,20,625,"1221_1,2-Bis(trimethylsilyl)-4-methylbenzene",0,0.0
LogisticRegression,20,626,"1223_2,5-Cyclohexadiene-1,4-dione, 2,6-bis(1,1-dimethylethyl)-",0,0.0
LogisticRegression,20,627,1224_Unknown,0,0.0
LogisticRegression,20,628,1228_Unknown,0,0.0
LogisticRegression,20,629,"1234_2,5-cyclohexadiene-1,4-dione, 2-(1,1-dimethylethyl)-5-(2-methyl-2-propen-1-yl)-",0,0.0
LogisticRegression,20,630,"1235_Cycloheptasiloxane, tetradecamethyl-",0,0.0
LogisticRegression,20,631,1237_Unknown,0,0.0
LogisticRegression,20,632,"1241_Ethanone, 1-[4-(1-hydroxy-1-methylethyl)phenyl]-",0,0.0
LogisticRegression,20,633,"1242_Butanedioic acid, bis(2-methylpropyl) ester",0,0.0
LogisticRegression,20,634,"1243_Ppropiolic acid, 3-(1-hydroxy-2-isopropyl-5-methylcyclohexyl)-",0,0.0
LogisticRegression,20,635,1244_Unknown,0,0.0
LogisticRegression,20,636,1247_Unknown,0,0.0
LogisticRegression,20,637,1248_Dodecanenitrile,0,0.0
LogisticRegression,20,638,"1250_Octacosane, 1-iodo-",0,0.0
LogisticRegression,20,639,1251_Unknown,23,0.7666666666666667
LogisticRegression,20,640,1252_n-Pentadecanol,0,0.0
LogisticRegression,20,641,1255_Unknown,0,0.0
LogisticRegression,20,642,1257_Pentadecane,0,0.0
LogisticRegression,20,643,1258_Butylated Hydroxytoluene,0,0.0
LogisticRegression,20,644,1259_Unknown,0,0.0
LogisticRegression,20,645,1261_Unknown,0,0.0
LogisticRegression,20,646,1262_Unknown,0,0.0
LogisticRegression,20,647,"1263_2,4-Di-tert-butylphenol",0,0.0
LogisticRegression,20,648,1264_Unknown,0,0.0
LogisticRegression,20,649,1265_Unknown,0,0.0
LogisticRegression,20,650,1266_Unknown,0,0.0
LogisticRegression,20,651,1267_Unknown,3,0.1
LogisticRegression,20,652,1268_Bis(pentamethylcyclotrisiloxy)tetramethyldisiloxane,0,0.0
LogisticRegression,20,653,1269_Unknown,0,0.0
LogisticRegression,20,654,1271_Unknown,0,0.0
LogisticRegression,20,655,1274_Unknown,0,0.0
LogisticRegression,20,656,1277_Octadecyl octyl ether,4,0.13333333333333333
LogisticRegression,20,657,"1281_Eicosane, 1-iodo-",0,0.0
LogisticRegression,20,658,"1282_Benzoic acid, 4-ethoxy-, ethyl ester",0,0.0
LogisticRegression,20,659,1283_2-(1-Cyclohexenyl)cyclohexanone,0,0.0
LogisticRegression,20,660,"1286_1-Dodecanol, 2-hexyl-",0,0.0
LogisticRegression,20,661,1290_Unknown,0,0.0
LogisticRegression,20,662,1293_Unknown,0,0.0
LogisticRegression,20,663,1296_Unknown,0,0.0
LogisticRegression,20,664,1297_aR-Himachalene,0,0.0
LogisticRegression,20,665,1298_Unknown,0,0.0
LogisticRegression,20,666,1300_Unknown,0,0.0
LogisticRegression,20,667,"1302_Adipic acid, di(but-2-en-1-yl) ester",0,0.0
LogisticRegression,20,668,1304_Unknown,0,0.0
LogisticRegression,20,669,"1305_Hexadecane, 2,6,11,15-tetramethyl-",0,0.0
LogisticRegression,20,670,"1308_Dotriacontane, 1-iodo-",0,0.0
LogisticRegression,20,671,"1312_Heptasiloxane, hexadecamethyl-",0,0.0
LogisticRegression,20,672,1314_Unknown,0,0.0
LogisticRegression,20,673,1315_Eicosane,0,0.0
LogisticRegression,20,674,"1319_Pentadecane, 4-methyl-",0,0.0
LogisticRegression,20,675,1321_Dodecanoic acid,0,0.0
LogisticRegression,20,676,1323_Unknown,0,0.0
LogisticRegression,20,677,"1324_Hexadecane, 7,9-dimethyl-",0,0.0
LogisticRegression,20,678,"1325_1-Adamantanecarboxylic acid, 2-adamantyl ester",0,0.0
LogisticRegression,20,679,1329_2-Methoxycarbonyl-2-methylbrendane,0,0.0
LogisticRegression,20,680,"1334_Glutaric acid, di(isobutyl) ester",0,0.0
LogisticRegression,20,681,1335_Unknown,0,0.0
LogisticRegression,20,682,1336_Unknown,0,0.0
LogisticRegression,20,683,"1338_4-tert-Butyl-2,6-diisopropylphenol",0,0.0
LogisticRegression,20,684,1339_Unknown,0,0.0
LogisticRegression,20,685,1340_Diethyl Phthalate,0,0.0
LogisticRegression,20,686,1341_Unknown,0,0.0
LogisticRegression,20,687,1342_Unknown,0,0.0
LogisticRegression,20,688,"1343_2,2,4-Trimethyl-1,3-pentanediol diisobutyrate",0,0.0
LogisticRegression,20,689,"1344_Phenol, 2,4,6-tri-tert-butyl-",0,0.0
LogisticRegression,20,690,1345_Unknown,0,0.0
LogisticRegression,20,691,1347_Unknown,0,0.0
LogisticRegression,20,692,1353_Hexadecane,0,0.0
LogisticRegression,20,693,1354_Unknown,0,0.0
LogisticRegression,20,694,"1358_Cedrane, 8-propoxy-",0,0.0
LogisticRegression,20,695,1361_Tetradecanal,0,0.0
LogisticRegression,20,696,1366_Unknown,0,0.0
LogisticRegression,20,697,1368_Benzophenone,0,0.0
LogisticRegression,20,698,1369_Unknown,0,0.0
LogisticRegression,20,699,1370_Unknown,0,0.0
LogisticRegression,20,700,"1371_Benzene, (1-butylheptyl)-",0,0.0
LogisticRegression,20,701,1372_Unknown,0,0.0
LogisticRegression,20,702,1374_Unknown,0,0.0
LogisticRegression,20,703,1375_Unknown,0,0.0
LogisticRegression,20,704,"1376_Cyclooctasiloxane, hexadecamethyl-",0,0.0
LogisticRegression,20,705,"1388_Pentadecane, 2,6,10-trimethyl-",0,0.0
LogisticRegression,20,706,"1392_1,3,5-Triazine-2,4,6(1H,3H,5H)-trione, 1,3,5-tri-2-propenyl-",0,0.0
LogisticRegression,20,707,"1393_Fumaric acid, eicosyl trans-hex-3-enyl ester",0,0.0
LogisticRegression,20,708,1394_Unknown,0,0.0
LogisticRegression,20,709,1395_Unknown,0,0.0
LogisticRegression,20,710,"1406_Pyrene, hexadecahydro-",0,0.0
LogisticRegression,20,711,1407_Unknown,0,0.0
LogisticRegression,20,712,"1408_Heptadecane, 2-methyl-",0,0.0
LogisticRegression,20,713,1410_Unknown,0,0.0
LogisticRegression,20,714,"1411_Phenol, 2,4-di-t-butyl-6-nitro-",0,0.0
LogisticRegression,20,715,1415_Unknown,0,0.0
LogisticRegression,20,716,1419_Tetradecyl trifluoroacetate,0,0.0
LogisticRegression,20,717,"1433_3-Chloropropionic acid, heptadecyl ester",0,0.0
LogisticRegression,20,718,1434_Unknown,0,0.0
LogisticRegression,20,719,1435_Unknown,0,0.0
LogisticRegression,20,720,"1436_Pentanoic acid, 6-ethyl-3-octyl ester",0,0.0
LogisticRegression,20,721,1439_Unknown,0,0.0
LogisticRegression,20,722,1442_Unknown,8,0.26666666666666666
LogisticRegression,20,723,1443_Unknown,0,0.0
LogisticRegression,20,724,1444_Unknown,0,0.0
LogisticRegression,20,725,1445_Heptadecane,3,0.1
LogisticRegression,20,726,"1448_Benzene, (3-iodo-1-methoxypropyl)-",0,0.0
LogisticRegression,20,727,"1452_Silane, diethoxydiphenyl-",0,0.0
LogisticRegression,20,728,1454_Unknown,1,0.03333333333333333
LogisticRegression,20,729,1455_Unknown,0,0.0
LogisticRegression,20,730,1459_Pentadecanal-,0,0.0
LogisticRegression,20,731,"1464_2,6,11,15-Tetramethyl-hexadeca-2,6,8,10,14-pentaene",0,0.0
LogisticRegression,20,732,"1465_1-Penten-3-one, 2-methyl-1-(2,2,6-trimethylcyclohexen-1-yl)-",0,0.0
LogisticRegression,20,733,1470_Hippuric acid,0,0.0
LogisticRegression,20,734,"1472_Benzenecarbothioic acid, S-ethyl ester",2,0.06666666666666667
LogisticRegression,20,735,1475_Unknown,0,0.0
LogisticRegression,20,736,"1481_Benzene, 1-(1,1-dimethylethyl)-4-phenoxy-",0,0.0
LogisticRegression,20,737,1484_Unknown,0,0.0
LogisticRegression,20,738,"1488_Octadecane, 1-iodo-",0,0.0
LogisticRegression,20,739,1492_Unknown,0,0.0
LogisticRegression,20,740,1493_Unknown,0,0.0
LogisticRegression,20,741,1499_Heneicosane,0,0.0
LogisticRegression,20,742,1501_Hexestrol,0,0.0
LogisticRegression,20,743,"1503_3,5-di-tert-Butyl-4-hydroxybenzaldehyde",0,0.0
LogisticRegression,20,744,1504_Unknown,0,0.0
LogisticRegression,20,745,1505_Unknown,0,0.0
LogisticRegression,20,746,"1507_1,3-Cyclopentadiene, 5,5-dimethyl-1,2-Dipropyl-",0,0.0
LogisticRegression,20,747,1510_Unknown,0,0.0
LogisticRegression,20,748,1516_Tetradecanoic acid,0,0.0
LogisticRegression,20,749,"1526_.alpha.-Phellandrene, dimer",0,0.0
LogisticRegression,20,750,1535_Unknown,0,0.0
LogisticRegression,20,751,"1556_Kaur-16-ene, (8.beta.,13.beta.)-",0,0.0
LogisticRegression,20,752,1557_Unknown,0,0.0
LogisticRegression,20,753,"1563_Benzene, 1-methyl-4-(1,2,2-trimethylcyclopentyl)-, (R)-",0,0.0
LogisticRegression,20,754,"1564_Acetophenone, 2,2-difluoro-2-phenyl-",0,0.0
LogisticRegression,20,755,1569_Unknown,0,0.0
LogisticRegression,20,756,"1570_Ethanedione, diphenyl-",0,0.0
LogisticRegression,20,757,1579_Isopropyl myristate,0,0.0
LogisticRegression,20,758,"1597_Benzenebutanal, .gamma.,4-dimethyl-",0,0.0
LogisticRegression,20,759,1601_Unknown,0,0.0
LogisticRegression,20,760,"1623_Bayer 28,589",0,0.0
LogisticRegression,20,761,1645_Palmitoleic acid,0,0.0
LogisticRegression,20,762,1650_Diisooctyl phthalate,0,0.0
LogisticRegression,20,763,"1653_1,2-Benzenedicarboxylic acid, bis(2-methylpropyl) ester",0,0.0
LogisticRegression,20,764,1654_Tetracosane,0,0.0
LogisticRegression,20,765,1658_Unknown,0,0.0
LogisticRegression,20,766,"1660_l-(+)-Ascorbic acid 2,6-dihexadecanoate",0,0.0
LogisticRegression,20,767,1661_Unknown,0,0.0
LogisticRegression,20,768,"1663_7,11-Hexadecadienal",0,0.0
LogisticRegression,20,769,1665_Unknown,0,0.0
LogisticRegression,20,770,1667_Unknown,0,0.0
LogisticRegression,20,771,1670_Unknown,0,0.0
LogisticRegression,20,772,1672_Bis(2-ethylhexyl) phthalate,0,0.0
LogisticRegression,20,773,1698_Unknown,0,0.0
LogisticRegression,20,774,1700_Dotriacontane,0,0.0
LogisticRegression,20,775,1707_Squalane,0,0.0
LogisticRegression,20,776,1717_Unknown,0,0.0
LogisticRegression,20,777,"1718_1,1'-Binaphthalene, 5,5',6,6',7,7',8,8'-octahydro-",0,0.0
LogisticRegression,20,778,1720_Tritriacontane,0,0.0
LogisticRegression,20,779,1730_Cyclic octaatomic sulfur,0,0.0
LogisticRegression,50,0,"1_2-Butenal, (Z)-",0,0.0
LogisticRegression,50,1,2_Unknown,0,0.0
LogisticRegression,50,2,3_Unknown,0,0.0
LogisticRegression,50,3,"4_4,5-Dihydrooxazole-5-one, 4-[4-acetoxy-3-methoxybenzylidene]-2-phenyl-",0,0.0
LogisticRegression,50,4,6_Cyclopropyl methyl carbinol,0,0.0
LogisticRegression,50,5,7_Unknown,0,0.0
LogisticRegression,50,6,9_Unknown,24,0.8
LogisticRegression,50,7,"11_Ethane, 1,2-dichloro-",0,0.0
LogisticRegression,50,8,13_3-Methoxypropionic acid,0,0.0
LogisticRegression,50,9,14_Thiirane,0,0.0
LogisticRegression,50,10,"17_Furan, 2,3-dihydro-4-methyl-",0,0.0
LogisticRegression,50,11,"18_Diborane(6), .mu.-mercapto-",0,0.0
LogisticRegression,50,12,"19_Cyclohexane, (1,1-dimethylethyl)-",5,0.16666666666666666
LogisticRegression,50,13,20_Unknown,0,0.0
LogisticRegression,50,14,21_Unknown,0,0.0
LogisticRegression,50,15,23_Unknown,0,0.0
LogisticRegression,50,16,25_2-Oxo-6-(piperidine-1-sulfonyl)-benzooxazole-3-carboxylic acid 2-chloro-ethyl ester,0,0.0
LogisticRegression,50,17,"26_2-Propanol, 1-methoxy-",0,0.0
LogisticRegression,50,18,27_Unknown,0,0.0
LogisticRegression,50,19,"28_Nonane, 5-methylene-",0,0.0
LogisticRegression,50,20,"29_Disiloxane, hexamethyl-",0,0.0
LogisticRegression,50,21,33_Unknown,0,0.0
LogisticRegression,50,22,"34_Butanal, 2-methyl-",25,0.8333333333333334
LogisticRegression,50,23,35_Unknown,0,0.0
LogisticRegression,50,24,36_1-Penten-3-one,23,0.7666666666666667
LogisticRegression,50,25,37_Unknown,1,0.03333333333333333
LogisticRegression,50,26,"38_Methoxyacetic acid, 2-tetrahydrofurylmethyl ester",3,0.1
LogisticRegression,50,27,40_tert-Butylpentamethyldisiloxane,0,0.0
LogisticRegression,50,28,42_Triethylamine,30,1.0
LogisticRegression,50,29,44_Unknown,1,0.03333333333333333
LogisticRegression,50,30,"45_Pentane, 2,2,4-trimethyl-",0,0.0
LogisticRegression,50,31,49_Unknown,0,0.0
LogisticRegression,50,32,50_Unknown,28,0.9333333333333333
LogisticRegression,50,33,51_Unknown,0,0.0
LogisticRegression,50,34,53_Unknown,2,0.06666666666666667
LogisticRegression,50,35,"54_Heptanal, 2-methyl-",0,0.0
LogisticRegression,50,36,56_Unknown,0,0.0
LogisticRegression,50,37,58_cis-1-Ethoxy-1-butene,2,0.06666666666666667
LogisticRegression,50,38,60_Unknown,0,0.0
LogisticRegression,50,39,"61_2-Butanol, 3,3-dimethyl-4-dimethylamino-2-phenyl-",1,0.03333333333333333
LogisticRegression,50,40,62_Unknown,1,0.03333333333333333
LogisticRegression,50,41,66_Unknown,0,0.0
LogisticRegression,50,42,68_Unknown,0,0.0
LogisticRegression,50,43,70_Trimethylene oxide,0,0.0
LogisticRegression,50,44,71_Unknown,0,0.0
LogisticRegression,50,45,72_Unknown,0,0.0
LogisticRegression,50,46,"74_1,4-Dioxane",0,0.0
LogisticRegression,50,47,75_Unknown,0,0.0
LogisticRegression,50,48,"76_Ethane, methoxy-",0,0.0
LogisticRegression,50,49,78_Unknown,0,0.0
LogisticRegression,50,50,79_Unknown,8,0.26666666666666666
LogisticRegression,50,51,"80_Propionic acid, 2-mercapto-, allyl ester",0,0.0
LogisticRegression,50,52,"82_2-Cyclopenten-1-one, 3-methyl-",0,0.0
LogisticRegression,50,53,"83_Ethanamine, N-ethyl-",0,0.0
LogisticRegression,50,54,84_Unknown,0,0.0
LogisticRegression,50,55,"86_Silanediol, dimethyl-",0,0.0
LogisticRegression,50,56,87_Unknown,0,0.0
LogisticRegression,50,57,"88_Sulfurous acid, dimethyl ester",0,0.0
LogisticRegression,50,58,90_Unknown,1,0.03333333333333333
LogisticRegression,50,59,91_Unknown,16,0.5333333333333333
LogisticRegression,50,60,"92_Propane, 1-isothiocyanato-",0,0.0
LogisticRegression,50,61,93_Unknown,0,0.0
LogisticRegression,50,62,"94_Cyclopentanemethanol, 3-methylene-",0,0.0
LogisticRegression,50,63,97_Unknown,0,0.0
LogisticRegression,50,64,"100_Formic acid, butyl ester",0,0.0
LogisticRegression,50,65,"101_1,3-Propanediol",15,0.5
LogisticRegression,50,66,"104_Ethane, 1,1-diethoxy-",0,0.0
LogisticRegression,50,67,"107_Formic acid, 5-methylhex-2-yl ester",0,0.0
LogisticRegression,50,68,110_2-Heptene,0,0.0
LogisticRegression,50,69,111_Unknown,0,0.0
LogisticRegression,50,70,112_Unknown,0,0.0
LogisticRegression,50,71,114_Unknown,0,0.0
LogisticRegression,50,72,115_Unknown,13,0.43333333333333335
LogisticRegression,50,73,"117_Propane, 3,3-dichloro-1,1,1,2,2-pentafluoro-",0,0.0
LogisticRegression,50,74,"119_2-Pentanol, 2-methyl-",0,0.0
LogisticRegression,50,75,"120_Oxirane, 2-(1,1-dimethylethyl)-3-methyl-",0,0.0
LogisticRegression,50,76,121_Unknown,1,0.03333333333333333
LogisticRegression,50,77,122_Unknown,0,0.0
LogisticRegression,50,78,123_Unknown,0,0.0
LogisticRegression,50,79,124_Unknown,0,0.0
LogisticRegression,50,80,125_Unknown,20,0.6666666666666666
LogisticRegression,50,81,"126_2,4-Pentadienenitrile",29,0.9666666666666667
LogisticRegression,50,82,127_Unknown,3,0.1
LogisticRegression,50,83,129_Unknown,0,0.0
LogisticRegression,50,84,"130_3-Oxa-bicyclo[3.2.0]hept-6-ene-2,4-dione",14,0.4666666666666667
LogisticRegression,50,85,"131_2-Butenal, 2-methyl-, (E)-",1,0.03333333333333333
LogisticRegression,50,86,132_Pyridine,11,0.36666666666666664
LogisticRegression,50,87,"133_Formic acid, 2-methylbutyl ester",25,0.8333333333333334
LogisticRegression,50,88,134_Unknown,0,0.0
LogisticRegression,50,89,"135_Disulfide, dimethyl",0,0.0
LogisticRegression,50,90,136_Unknown,3,0.1
LogisticRegression,50,91,"137_2-Butenal, 2-methyl-",29,0.9666666666666667
LogisticRegression,50,92,138_Unknown,2,0.06666666666666667
LogisticRegression,50,93,139_Unknown,12,0.4
LogisticRegression,50,94,140_Unknown,0,0.0
LogisticRegression,50,95,145_Unknown,0,0.0
LogisticRegression,50,96,146_Unknown,0,0.0
LogisticRegression,50,97,"147_Methanamine, N,N-difluoro-",0,0.0
LogisticRegression,50,98,148_Propanoic acid,0,0.0
LogisticRegression,50,99,149_Unknown,0,0.0
LogisticRegression,50,100,150_Unknown,0,0.0
LogisticRegression,50,101,152_Unknown,0,0.0
LogisticRegression,50,102,153_Unknown,0,0.0
LogisticRegression,50,103,154_Unknown,0,0.0
LogisticRegression,50,104,155_Tetraethylammonium chloride,0,0.0
LogisticRegression,50,105,"160_Butanoic acid, 2-amino-4-(methylsulfinyl)-, (.+/-.)-",0,0.0
LogisticRegression,50,106,161_Unknown,0,0.0
LogisticRegression,50,107,"162_3-Hexene, 2,2-dimethyl-, (Z)-",0,0.0
LogisticRegression,50,108,169_Unknown,0,0.0
LogisticRegression,50,109,170_Unknown,0,0.0
LogisticRegression,50,110,172_Toluene,0,0.0
LogisticRegression,50,111,173_Unknown,0,0.0
LogisticRegression,50,112,174_1-Methyl-1-ethoxycyclobutane,0,0.0
LogisticRegression,50,113,"176_Boron, trihydro(pyridine)-, (T-4)-",0,0.0
LogisticRegression,50,114,177_Unknown,0,0.0
LogisticRegression,50,115,178_Unknown,0,0.0
LogisticRegression,50,116,179_Unknown,0,0.0
LogisticRegression,50,117,"180_1-Penten-3-one, 2-methyl-",0,0.0
LogisticRegression,50,118,181_Unknown,0,0.0
LogisticRegression,50,119,"182_2,2,4,4-Tetramethyloctane",0,0.0
LogisticRegression,50,120,183_Unknown,13,0.43333333333333335
LogisticRegression,50,121,184_Unknown,0,0.0
LogisticRegression,50,122,185_Unknown,1,0.03333333333333333
LogisticRegression,50,123,"186_Butane, 2-cyclopropyl-",0,0.0
LogisticRegression,50,124,"188_2-Hexene, 3-methyl-, (Z)-",0,0.0
LogisticRegression,50,125,189_Unknown,0,0.0
LogisticRegression,50,126,190_Unknown,1,0.03333333333333333
LogisticRegression,50,127,"194_D-Erythro-Tetrofuranose-3-ulose, 4-C-cyclopropyl-1,2-O-isopropylidene-, .alpha.-",0,0.0
LogisticRegression,50,128,"203_1,3-Dioxolane, 2-ethyl-4-methyl-",0,0.0
LogisticRegression,50,129,205_Unknown,0,0.0
LogisticRegression,50,130,207_Unknown,0,0.0
LogisticRegression,50,131,209_Unknown,0,0.0
LogisticRegression,50,132,211_Unknown,0,0.0
LogisticRegression,50,133,213_Unknown,12,0.4
LogisticRegression,50,134,214_Cyclopentanone,0,0.0
LogisticRegression,50,135,"216_Propane, 1,3-dimethoxy-",9,0.3
LogisticRegression,50,136,"217_1,3-Diisopropoxy-1,3-dimethyl-1,3-disilacyclobutane",0,0.0
LogisticRegression,50,137,218_Unknown,0,0.0
LogisticRegression,50,138,223_4-Ethylbenzamide,0,0.0
LogisticRegression,50,139,"224_2-Methoxy-1,3-dioxolane",0,0.0
LogisticRegression,50,140,"226_4-Hexen-3-one, 4-methyl-",0,0.0
LogisticRegression,50,141,"227_Pipecolic acid, N-propoxycarbonyl-, dodecyl ester",0,0.0
LogisticRegression,50,142,"228_Cyclopentane, 1,2,4-trimethyl-, (1.alpha.,2.beta.,4.alpha.)-",2,0.06666666666666667
LogisticRegression,50,143,229_Unknown,0,0.0
LogisticRegression,50,144,"230_3-Penten-2-one, 4-methyl-",6,0.2
LogisticRegression,50,145,231_Unknown,0,0.0
LogisticRegression,50,146,"232_Isovaleric acid, 3-methylbutyl-2 ester",0,0.0
LogisticRegression,50,147,233_Unknown,4,0.13333333333333333
LogisticRegression,50,148,"234_Hexane, 2,2,4-trimethyl-",8,0.26666666666666666
LogisticRegression,50,149,235_3-Nonen-5-one,0,0.0
LogisticRegression,50,150,236_Hexanal,0,0.0
LogisticRegression,50,151,"237_Ethanol, 2-propoxy-",0,0.0
LogisticRegression,50,152,238_2-Methyl-4-methoxy-1-butanol,0,0.0
LogisticRegression,50,153,"239_1-Butene, 2,3,3-trimethyl-",0,0.0
LogisticRegression,50,154,240_Tetrachloroethylene,0,0.0
LogisticRegression,50,155,243_Unknown,0,0.0
LogisticRegression,50,156,247_Unknown,0,0.0
LogisticRegression,50,157,249_Butanoic acid,0,0.0
LogisticRegression,50,158,251_Unknown,7,0.23333333333333334
LogisticRegression,50,159,252_Unknown,0,0.0
LogisticRegression,50,160,"256_Propanoic acid, propyl ester",0,0.0
LogisticRegression,50,161,"259_Heptane, 3,4,5-trimethyl-",0,0.0
LogisticRegression,50,162,"262_1,5-Dimethyl-6-oxa-bicyclo[3.1.0]hexane",0,0.0
LogisticRegression,50,163,263_Unknown,0,0.0
LogisticRegression,50,164,"266_Acetic acid, butyl ester",0,0.0
LogisticRegression,50,165,267_Unknown,0,0.0
LogisticRegression,50,166,"268_Cyclotrisiloxane, hexamethyl-",2,0.06666666666666667
LogisticRegression,50,167,269_Unknown,5,0.16666666666666666
LogisticRegression,50,168,270_Unknown,0,0.0
LogisticRegression,50,169,271_Unknown,11,0.36666666666666664
LogisticRegression,50,170,"272_Butanoic acid, 2-oxo-, methyl ester",0,0.0
LogisticRegression,50,171,"273_1-Butyne, 3-chloro-",0,0.0
LogisticRegression,50,172,"274_Hexane, 3,3-dimethyl-",0,0.0
LogisticRegression,50,173,275_Unknown,0,0.0
LogisticRegression,50,174,277_Unknown,19,0.6333333333333333
LogisticRegression,50,175,283_3-Furaldehyde,0,0.0
LogisticRegression,50,176,286_Unknown,0,0.0
LogisticRegression,50,177,288_4-Hexen-3-one,0,0.0
LogisticRegression,50,178,290_Unknown,0,0.0
LogisticRegression,50,179,291_Tetrafluoromethane,18,0.6
LogisticRegression,50,180,"296_.beta.-D-Glucopyranose, 1,6-anhydro-",0,0.0
LogisticRegression,50,181,300_Unknown,0,0.0
LogisticRegression,50,182,"301_Benzene, chloro-",0,0.0
LogisticRegression,50,183,302_Unknown,2,0.06666666666666667
LogisticRegression,50,184,304_Unknown,0,0.0
LogisticRegression,50,185,313_Unknown,6,0.2
LogisticRegression,50,186,316_2-Ethyl-5-propylcyclopentanone,0,0.0
LogisticRegression,50,187,317_Ethylbenzene,0,0.0
LogisticRegression,50,188,319_Unknown,5,0.16666666666666666
LogisticRegression,50,189,320_Unknown,0,0.0
LogisticRegression,50,190,321_4-Hydroxy-3-hexanone,0,0.0
LogisticRegression,50,191,"325_2,6-Octadiene-4,5-diol",0,0.0
LogisticRegression,50,192,328_Unknown,0,0.0
LogisticRegression,50,193,"329_Succinic acid, but-3-yn-2-yl tetrahydrofurfuryl ester",2,0.06666666666666667
LogisticRegression,50,194,331_Unknown,1,0.03333333333333333
LogisticRegression,50,195,332_N-(2-Methoxyethyl)-tert-butylamine,0,0.0
LogisticRegression,50,196,333_Unknown,0,0.0
LogisticRegression,50,197,334_Unknown,0,0.0
LogisticRegression,50,198,"335_2-Ethylthiolane, S,S-dioxide",0,0.0
LogisticRegression,50,199,336_1-Methylcyclopropanemethanol,0,0.0
LogisticRegression,50,200,337_2-Methoxythiophene,0,0.0
LogisticRegression,50,201,338_1-Methoxycyclohexane,0,0.0
LogisticRegression,50,202,"339_2H-Imidazole-2-thione, 1,3-dihydro-1-methyl-",0,0.0
LogisticRegression,50,203,"340_Acetaldehyde, butylhydrazone",2,0.06666666666666667
LogisticRegression,50,204,341_Unknown,0,0.0
LogisticRegression,50,205,342_Unknown,0,0.0
LogisticRegression,50,206,346_Unknown,4,0.13333333333333333
LogisticRegression,50,207,348_Unknown,1,0.03333333333333333
LogisticRegression,50,208,349_Unknown,0,0.0
LogisticRegression,50,209,"350_Trisiloxane, octamethyl-",0,0.0
LogisticRegression,50,210,351_Unknown,1,0.03333333333333333
LogisticRegression,50,211,353_3-Ethyl-2-nonanone,0,0.0
LogisticRegression,50,212,"358_Ethanone, 1-(1-cyclohexen-1-yl)-",3,0.1
LogisticRegression,50,213,"360_3,5-Octanedione, 2,2,4,7-tetramethyl-",0,0.0
LogisticRegression,50,214,"361_1,2-Propanediol diformate",0,0.0
LogisticRegression,50,215,362_Hypoglycin,0,0.0
LogisticRegression,50,216,363_Cyclohexylmethylsilane,0,0.0
LogisticRegression,50,217,364_3-Heptanone,0,0.0
LogisticRegression,50,218,365_Unknown,0,0.0
LogisticRegression,50,219,370_o-Xylene,0,0.0
LogisticRegression,50,220,371_Unknown,0,0.0
LogisticRegression,50,221,372_Unknown,2,0.06666666666666667
LogisticRegression,50,222,374_Unknown,9,0.3
LogisticRegression,50,223,375_Unknown,0,0.0
LogisticRegression,50,224,376_Unknown,0,0.0
LogisticRegression,50,225,"378_2,2,3-Triethyloxirane",2,0.06666666666666667
LogisticRegression,50,226,381_Unknown,26,0.8666666666666667
LogisticRegression,50,227,"383_3,3-Dichloropropyne",19,0.6333333333333333
LogisticRegression,50,228,385_n-Heptyl acrylate,0,0.0
LogisticRegression,50,229,"386_Cyclohexa-1,3-diene, 5,6-diethyl-",0,0.0
LogisticRegression,50,230,"387_2-Propenoic acid, butyl ester",0,0.0
LogisticRegression,50,231,388_Unknown,0,0.0
LogisticRegression,50,232,389_3-Heptanol,0,0.0
LogisticRegression,50,233,390_Unknown,0,0.0
LogisticRegression,50,234,391_Unknown,0,0.0
LogisticRegression,50,235,"392_1-Butyl(dimethyl)silyloxy-2,2-dimethylpropane",1,0.03333333333333333
LogisticRegression,50,236,394_Unknown,4,0.13333333333333333
LogisticRegression,50,237,"395_Ethanol, 2-butoxy-",4,0.13333333333333333
LogisticRegression,50,238,396_Heptanal,0,0.0
LogisticRegression,50,239,398_Unknown,0,0.0
LogisticRegression,50,240,"399_2-Hexanol, 5-methyl-",0,0.0
LogisticRegression,50,241,"401_2-Propanol, 1-methoxy-2-methyl-",0,0.0
LogisticRegression,50,242,403_Unknown,0,0.0
LogisticRegression,50,243,405_Unknown,0,0.0
LogisticRegression,50,244,406_Unknown,0,0.0
LogisticRegression,50,245,407_Unknown,5,0.16666666666666666
LogisticRegression,50,246,409_Unknown,0,0.0
LogisticRegression,50,247,410_Unknown,0,0.0
LogisticRegression,50,248,"411_Propanoic acid, butyl ester",0,0.0
LogisticRegression,50,249,412_Unknown,0,0.0
LogisticRegression,50,250,413_Unknown,0,0.0
LogisticRegression,50,251,416_Unknown,0,0.0
LogisticRegression,50,252,"422_1-Pentanol, TBDMS derivative",0,0.0
LogisticRegression,50,253,427_Unknown,4,0.13333333333333333
LogisticRegression,50,254,428_Unknown,0,0.0
LogisticRegression,50,255,"431_1-Hexyn-3-ol, 3-methyl-",0,0.0
LogisticRegression,50,256,434_Unknown,0,0.0
LogisticRegression,50,257,436_Unknown,2,0.06666666666666667
LogisticRegression,50,258,"438_Undecane, 5,5-dimethyl-",0,0.0
LogisticRegression,50,259,442_2-Cyclohexen-1-one,0,0.0
LogisticRegression,50,260,446_Unknown,0,0.0
LogisticRegression,50,261,"449_Cyclohexane, 1,3-dimethyl-",0,0.0
LogisticRegression,50,262,450_Unknown,0,0.0
LogisticRegression,50,263,"451_2-Heptanone, 4-methyl-",0,0.0
LogisticRegression,50,264,454_Unknown,0,0.0
LogisticRegression,50,265,459_Unknown,0,0.0
LogisticRegression,50,266,462_(-)-trans-Pinane,0,0.0
LogisticRegression,50,267,464_Unknown,0,0.0
LogisticRegression,50,268,465_3-Ethyl-4-methylpentan-1-ol,29,0.9666666666666667
LogisticRegression,50,269,"466_Hexanal, 3,3-dimethyl-",1,0.03333333333333333
LogisticRegression,50,270,"471_Hexanal, 2-ethyl-",28,0.9333333333333333
LogisticRegression,50,271,"474_2-Heptenal, (Z)-",30,1.0
LogisticRegression,50,272,475_Unknown,6,0.2
LogisticRegression,50,273,476_Unknown,0,0.0
LogisticRegression,50,274,477_Unknown,0,0.0
LogisticRegression,50,275,478_Unknown,9,0.3
LogisticRegression,50,276,479_3-Ethylcyclopentanone,1,0.03333333333333333
LogisticRegression,50,277,"480_Benzene, 1,1'-(1-methyl-1,2-ethanediyl)bis-",0,0.0
LogisticRegression,50,278,"483_2H-Pyran-3,4,5-triol, tetrahydro-2-methoxy-6-methyl-",0,0.0
LogisticRegression,50,279,484_Unknown,0,0.0
LogisticRegression,50,280,"485_Nonane, 4-methyl-",0,0.0
LogisticRegression,50,281,"488_Tridecane, 6-methyl-",0,0.0
LogisticRegression,50,282,490_Unknown,0,0.0
LogisticRegression,50,283,"492_Pentadecane, 6-methyl-",6,0.2
LogisticRegression,50,284,"495_Ethanol, 2,2'-oxybis-",0,0.0
LogisticRegression,50,285,496_(E)1-Allyl-2-methylcyclohexanol,11,0.36666666666666664
LogisticRegression,50,286,"497_4-Octanol, 2-methyl-",0,0.0
LogisticRegression,50,287,500_Dibutylsulfamic acid,0,0.0
LogisticRegression,50,288,"501_5-Ethyl-2,4-nonandione",0,0.0
LogisticRegression,50,289,"502_Oxalic acid, butyl 2-ethylhexyl ester",0,0.0
LogisticRegression,50,290,503_5-Nonanol,0,0.0
LogisticRegression,50,291,"507_Formic acid, heptyl ester",0,0.0
LogisticRegression,50,292,508_Unknown,0,0.0
LogisticRegression,50,293,510_Unknown,7,0.23333333333333334
LogisticRegression,50,294,511_Unknown,0,0.0
LogisticRegression,50,295,512_Unknown,0,0.0
LogisticRegression,50,296,513_Unknown,0,0.0
LogisticRegression,50,297,516_1-Decen-3-one,1,0.03333333333333333
LogisticRegression,50,298,521_Unknown,0,0.0
LogisticRegression,50,299,522_Unknown,28,0.9333333333333333
LogisticRegression,50,300,523_Benzonitrile,3,0.1
LogisticRegression,50,301,"524_3-Pentenoic acid, 4-methyl-",0,0.0
LogisticRegression,50,302,525_1-Octen-3-ol,0,0.0
LogisticRegression,50,303,"527_Dodecane, 2,2,11,11-tetramethyl-",0,0.0
LogisticRegression,50,304,528_Phenol,0,0.0
LogisticRegression,50,305,531_Unknown,0,0.0
LogisticRegression,50,306,533_Unknown,7,0.23333333333333334
LogisticRegression,50,307,535_Unknown,1,0.03333333333333333
LogisticRegression,50,308,"536_Propanoic acid, 2,2-dimethyl-, cesium salt",1,0.03333333333333333
LogisticRegression,50,309,537_Hexanoic acid,0,0.0
LogisticRegression,50,310,"538_Cyclotetrasiloxane, octamethyl-",0,0.0
LogisticRegression,50,311,540_Unknown,30,1.0
LogisticRegression,50,312,543_Unknown,14,0.4666666666666667
LogisticRegression,50,313,544_2-Octanone,6,0.2
LogisticRegression,50,314,545_Unknown,0,0.0
LogisticRegression,50,315,"546_Benzene, 1,2,3-trimethyl-",1,0.03333333333333333
LogisticRegression,50,316,548_4-Octanol,0,0.0
LogisticRegression,50,317,549_Unknown,0,0.0
LogisticRegression,50,318,"551_2-Methyl-1,6-dioxaspiro[4.4]nonane",8,0.26666666666666666
LogisticRegression,50,319,552_Unknown,0,0.0
LogisticRegression,50,320,561_Unknown,0,0.0
LogisticRegression,50,321,565_Propanenitrile,0,0.0
LogisticRegression,50,322,566_Unknown,0,0.0
LogisticRegression,50,323,567_Decane,0,0.0
LogisticRegression,50,324,569_Octanal,1,0.03333333333333333
LogisticRegression,50,325,570_Unknown,0,0.0
LogisticRegression,50,326,"571_Ethanol, 2-(2-ethoxyethoxy)-",0,0.0
LogisticRegression,50,327,572_Unknown,0,0.0
LogisticRegression,50,328,"574_2-Octanol, (S)-",7,0.23333333333333334
LogisticRegression,50,329,"575_Cyclopentene, 1,4-dimethyl-5-(1-methylethyl)-",0,0.0
LogisticRegression,50,330,584_Unknown,0,0.0
LogisticRegression,50,331,"586_Benzene, 1,2,4-trimethyl-",0,0.0
LogisticRegression,50,332,"588_Propanenitrile, 2,2'-azobis[2-methyl-",12,0.4
LogisticRegression,50,333,589_Unknown,0,0.0
LogisticRegression,50,334,"590_2-Propanol, 1-(2-ethoxypropoxy)-",0,0.0
LogisticRegression,50,335,"591_Silane, triethylfluoro-",0,0.0
LogisticRegression,50,336,592_Tetramethylbutanedinitrile,0,0.0
LogisticRegression,50,337,593_Unknown,0,0.0
LogisticRegression,50,338,598_Unknown,0,0.0
LogisticRegression,50,339,602_Unknown,0,0.0
LogisticRegression,50,340,605_D-Limonene,0,0.0
LogisticRegression,50,341,606_Unknown,0,0.0
LogisticRegression,50,342,608_2-Propyl-1-pentanol,0,0.0
LogisticRegression,50,343,609_Unknown,1,0.03333333333333333
LogisticRegression,50,344,610_Unknown,0,0.0
LogisticRegression,50,345,611_Unknown,0,0.0
LogisticRegression,50,346,613_Unknown,0,0.0
LogisticRegression,50,347,"614_Butanedioic acid, dimethyl ester",1,0.03333333333333333
LogisticRegression,50,348,615_Unknown,2,0.06666666666666667
LogisticRegression,50,349,616_Unknown,0,0.0
LogisticRegression,50,350,619_1-(1'-pyrrolidinyl)-2-butanone,0,0.0
LogisticRegression,50,351,"620_1,3,2-Dioxaborolane, 2,4-diethyl-",0,0.0
LogisticRegression,50,352,621_Benzyl alcohol,0,0.0
LogisticRegression,50,353,"623_3-Benzofurancarboxaldehyde, 2,3-dihydro-3-methyl-",23,0.7666666666666667
LogisticRegression,50,354,"624_Cyclopropanecarboxylic acid,4-methylpentyl ester",0,0.0
LogisticRegression,50,355,"626_3,5-Octadien-2-ol",0,0.0
LogisticRegression,50,356,627_3-Ethyl-3-heptanol,0,0.0
LogisticRegression,50,357,"629_Benzaldehyde, 2-hydroxy-",0,0.0
LogisticRegression,50,358,630_Unknown,3,0.1
LogisticRegression,50,359,632_Unknown,0,0.0
LogisticRegression,50,360,634_Unknown,0,0.0
LogisticRegression,50,361,"635_2,4,6-Cycloheptatrien-1-one, 4-methyl-",9,0.3
LogisticRegression,50,362,"636_2-Propenoic acid, 2-methyl-, 2-hydroxypropyl ester",0,0.0
LogisticRegression,50,363,"637_4,4'-Bi-1,3,2-dioxaborolane, 2,2'-diethyl-",0,0.0
LogisticRegression,50,364,"640_1-Hexanol, 3,5,5-trimethyl-",0,0.0
LogisticRegression,50,365,"645_Nonane, 5-methyl-5-propyl-",0,0.0
LogisticRegression,50,366,"648_Succinic acid, tridec-2-yn-1-yl 3-methylbut-3-en-1-yl ester",0,0.0
LogisticRegression,50,367,"649_2(3H)-Furanone, 5-ethyldihydro-",0,0.0
LogisticRegression,50,368,"650_1,2,4,5-Tetrazine, 1,4-dibutylhexahydro-",0,0.0
LogisticRegression,50,369,651_Unknown,15,0.5
LogisticRegression,50,370,"654_Pentanal, 5-[(tetrahydro-2H-pyran-2-yl)oxy]-",0,0.0
LogisticRegression,50,371,658_Unknown,0,0.0
LogisticRegression,50,372,660_Unknown,0,0.0
LogisticRegression,50,373,"663_2,5-Hexanediol, 2,5-dimethyl-",2,0.06666666666666667
LogisticRegression,50,374,664_Unknown,0,0.0
LogisticRegression,50,375,"666_4,7-Methano-1H-indene, octahydro-",13,0.43333333333333335
LogisticRegression,50,376,668_Phenylglyoxal,0,0.0
LogisticRegression,50,377,"670_Aniline, N-methyl-",0,0.0
LogisticRegression,50,378,672_Acetophenone,0,0.0
LogisticRegression,50,379,675_Cyclooctyl alcohol,0,0.0
LogisticRegression,50,380,"677_Decane, 3-methyl-",0,0.0
LogisticRegression,50,381,680_Unknown,0,0.0
LogisticRegression,50,382,"681_7-Octen-2-ol, 2,6-dimethyl-",0,0.0
LogisticRegression,50,383,"683_Formic acid, octyl ester",14,0.4666666666666667
LogisticRegression,50,384,684_Decyl octyl ether,29,0.9666666666666667
LogisticRegression,50,385,687_Unknown,0,0.0
LogisticRegression,50,386,"688_Terephthalic acid, 2-methoxyethyl propyl ester",0,0.0
LogisticRegression,50,387,"689_Arsenous acid, tris(trimethylsilyl) ester",0,0.0
LogisticRegression,50,388,"693_Hexane, 2,5-dimethoxy-2,5-dimethyl-",0,0.0
LogisticRegression,50,389,695_Unknown,1,0.03333333333333333
LogisticRegression,50,390,"696_Silicic acid, diethyl bis(trimethylsilyl) ester",0,0.0
LogisticRegression,50,391,"697_Benzene, 2-ethyl-1,4-dimethyl-",0,0.0
LogisticRegression,50,392,"698_1,6-Dioxaspiro[4.4]nonane, 2-ethyl-",0,0.0
LogisticRegression,50,393,701_(+)-4-Carene,11,0.36666666666666664
LogisticRegression,50,394,703_Lethane,0,0.0
LogisticRegression,50,395,706_2-Butoxyethyl acetate,0,0.0
LogisticRegression,50,396,"709_4-Heptanol, 2,6-dimethyl-",0,0.0
LogisticRegression,50,397,711_2-Nonanone,0,0.0
LogisticRegression,50,398,712_Unknown,0,0.0
LogisticRegression,50,399,713_Unknown,0,0.0
LogisticRegression,50,400,"714_Benzoic acid, methyl ester",0,0.0
LogisticRegression,50,401,"715_2,5-Furandione, 3-(1,1-dimethylethyl)-",0,0.0
LogisticRegression,50,402,716_Unknown,0,0.0
LogisticRegression,50,403,"717_1-Hexadecen-3-ol, 3,5,11,15-tetramethyl-",0,0.0
LogisticRegression,50,404,720_Linalool,0,0.0
LogisticRegression,50,405,724_Unknown,0,0.0
LogisticRegression,50,406,726_Unknown,0,0.0
LogisticRegression,50,407,"728_2-Cyclohexen-1-one, 3,6-dimethyl-6-(1-methylethyl)-",0,0.0
LogisticRegression,50,408,729_Unknown,0,0.0
LogisticRegression,50,409,730_Unknown,9,0.3
LogisticRegression,50,410,732_Nonanal,24,0.8
LogisticRegression,50,411,738_Unknown,0,0.0
LogisticRegression,50,412,742_Unknown,0,0.0
LogisticRegression,50,413,"743_Benzene, 1,3-dichloro-2-methyl-",0,0.0
LogisticRegression,50,414,744_Unknown,3,0.1
LogisticRegression,50,415,746_Unknown,11,0.36666666666666664
LogisticRegression,50,416,749_Isophorone,0,0.0
LogisticRegression,50,417,"752_Hexanoic acid, 2-ethyl-",17,0.5666666666666667
LogisticRegression,50,418,753_Unknown,0,0.0
LogisticRegression,50,419,754_Unknown,0,0.0
LogisticRegression,50,420,"755_Undecane, 3,8-dimethyl-",0,0.0
LogisticRegression,50,421,758_Unknown,24,0.8
LogisticRegression,50,422,760_Unknown,11,0.36666666666666664
LogisticRegression,50,423,"771_1H-Indene, 2,3-dihydro-5-methyl-",0,0.0
LogisticRegression,50,424,772_Unknown,0,0.0
LogisticRegression,50,425,"777_Cyclopentasiloxane, decamethyl-",0,0.0
LogisticRegression,50,426,778_Unknown,0,0.0
LogisticRegression,50,427,779_Unknown,0,0.0
LogisticRegression,50,428,"781_trans-1,2-Dimethylsilacyclohexane",0,0.0
LogisticRegression,50,429,"782_2,6-Dihydroxyacetophenone, 2TMS derivative",0,0.0
LogisticRegression,50,430,"783_Cyclohexanol, 1-butyl-",0,0.0
LogisticRegression,50,431,"784_1,1,3,3,5,5,7,7-Octamethyl-7-(2-methylpropoxy)tetrasiloxan-1-ol",24,0.8
LogisticRegression,50,432,785_Unknown,0,0.0
LogisticRegression,50,433,"787_Acetamide, 2-(3-cyano-4-methoxymethyl-6-methylpyridin-2-ylsulfanyl)-N-(3-trifluoromethylphenyl)-",2,0.06666666666666667
LogisticRegression,50,434,"793_Hexadecanal, 2-methyl-",0,0.0
LogisticRegression,50,435,794_(R)-(+)-1-Phenyl-1-propanol,0,0.0
LogisticRegression,50,436,"795_2(3H)-Furanone, dihydro-5-propyl-",0,0.0
LogisticRegression,50,437,796_Unknown,0,0.0
LogisticRegression,50,438,"799_2(3H)-Furanone, 5-heptyldihydro-",0,0.0
LogisticRegression,50,439,"802_Silane, cyclohexyldimethoxymethyl-",0,0.0
LogisticRegression,50,440,"804_2,6-Dimethyldecane",0,0.0
LogisticRegression,50,441,805_Unknown,0,0.0
LogisticRegression,50,442,"807_Benzene, (2-methylbutyl)-",0,0.0
LogisticRegression,50,443,809_Unknown,0,0.0
LogisticRegression,50,444,"813_2-Nonenal, (E)-",0,0.0
LogisticRegression,50,445,"815_Acetic acid, phenylmethyl ester",0,0.0
LogisticRegression,50,446,819_Unknown,1,0.03333333333333333
LogisticRegression,50,447,820_Benzoic acid,0,0.0
LogisticRegression,50,448,824_Unknown,0,0.0
LogisticRegression,50,449,826_Unknown,1,0.03333333333333333
LogisticRegression,50,450,"827_p-Acetophenetidide, N-methyl-",2,0.06666666666666667
LogisticRegression,50,451,"828_Phenol, 2,4-dimethyl-",0,0.0
LogisticRegression,50,452,832_trans-2-Dodecen-1-ol,8,0.26666666666666666
LogisticRegression,50,453,834_Unknown,7,0.23333333333333334
LogisticRegression,50,454,835_1-Nonanol,5,0.16666666666666666
LogisticRegression,50,455,838_Terpinen-4-ol,0,0.0
LogisticRegression,50,456,845_3-Decanone,8,0.26666666666666666
LogisticRegression,50,457,"846_Ethanol, 1-(2-butoxyethoxy)-",2,0.06666666666666667
LogisticRegression,50,458,847_Unknown,0,0.0
LogisticRegression,50,459,"848_Benzenemethanol, .alpha.-methyl-, acetate",5,0.16666666666666666
LogisticRegression,50,460,849_Unknown,0,0.0
LogisticRegression,50,461,851_Unknown,18,0.6
LogisticRegression,50,462,853_Unknown,0,0.0
LogisticRegression,50,463,858_2-Decanone,0,0.0
LogisticRegression,50,464,"863_1-Buten-3-one, 1-(2-carboxy-4,4-dimethylcyclobutenyl)-",0,0.0
LogisticRegression,50,465,865_Unknown,0,0.0
LogisticRegression,50,466,872_Unknown,4,0.13333333333333333
LogisticRegression,50,467,874_Unknown,0,0.0
LogisticRegression,50,468,875_4-n-Propylbenzoic acid,30,1.0
LogisticRegression,50,469,877_Unknown,4,0.13333333333333333
LogisticRegression,50,470,878_Unknown,0,0.0
LogisticRegression,50,471,879_Unknown,18,0.6
LogisticRegression,50,472,880_Unknown,0,0.0
LogisticRegression,50,473,887_Unknown,21,0.7
LogisticRegression,50,474,"888_Benzaldehyde, 2,4-dimethyl-",0,0.0
LogisticRegression,50,475,889_Dodecyl nonyl ether,0,0.0
LogisticRegression,50,476,891_Unknown,0,0.0
LogisticRegression,50,477,892_Unknown,1,0.03333333333333333
LogisticRegression,50,478,"894_2,4-Nonadienal, (E,E)-",0,0.0
LogisticRegression,50,479,"897_2,3,4,6-Tetrahydroisoquinolin-6-one, 1-[4-hydroxybenzyl]-7-methoxy-",0,0.0
LogisticRegression,50,480,900_Benzothiazole,0,0.0
LogisticRegression,50,481,903_Unknown,0,0.0
LogisticRegression,50,482,906_Unknown,0,0.0
LogisticRegression,50,483,"907_2-Propenoic acid, 6-methylheptyl ester",0,0.0
LogisticRegression,50,484,908_Unknown,0,0.0
LogisticRegression,50,485,911_Unknown,22,0.7333333333333333
LogisticRegression,50,486,"912_Cyclohexane, isothiocyanato-",0,0.0
LogisticRegression,50,487,"914_Pentasiloxane, dodecamethyl-",0,0.0
LogisticRegression,50,488,917_Unknown,23,0.7666666666666667
LogisticRegression,50,489,934_Unknown,2,0.06666666666666667
LogisticRegression,50,490,"936_Silane, trimethyl(3-methyl-1-butynyl)-",0,0.0
LogisticRegression,50,491,938_Unknown,0,0.0
LogisticRegression,50,492,940_Unknown,0,0.0
LogisticRegression,50,493,943_Unknown,1,0.03333333333333333
LogisticRegression,50,494,"944_Benzene, 1,3-bis(1,1-dimethylethyl)-",0,0.0
LogisticRegression,50,495,947_Geraniol,0,0.0
LogisticRegression,50,496,"948_2,6,10-Trimethyltridecane",0,0.0
LogisticRegression,50,497,"949_Heptadecane, 2,6,10,15-tetramethyl-",0,0.0
LogisticRegression,50,498,"950_Acetic acid, chloro-, 2-phenylethyl ester",4,0.13333333333333333
LogisticRegression,50,499,"952_Sulfurous acid, 2-ethylhexyl undecyl ester",1,0.03333333333333333
LogisticRegression,50,500,"958_1H-Indene, 2,3-dihydro-1,1-dimethyl-",0,0.0
LogisticRegression,50,501,960_Unknown,0,0.0
LogisticRegression,50,502,962_Unknown,0,0.0
LogisticRegression,50,503,963_Unknown,0,0.0
LogisticRegression,50,504,966_Unknown,0,0.0
LogisticRegression,50,505,"967_2-Decenal, (E)-",0,0.0
LogisticRegression,50,506,968_Unknown,0,0.0
LogisticRegression,50,507,974_Unknown,0,0.0
LogisticRegression,50,508,"976_Benzoic acid, 2-hydroxy-, ethyl ester",0,0.0
LogisticRegression,50,509,977_Nonanoic acid,0,0.0
LogisticRegression,50,510,980_Unknown,0,0.0
LogisticRegression,50,511,"983_Benzaldehyde, 4-propyl-",0,0.0
LogisticRegression,50,512,984_1-Decanol,0,0.0
LogisticRegression,50,513,"990_3,4-Dimethylcumene",0,0.0
LogisticRegression,50,514,995_Unknown,0,0.0
LogisticRegression,50,515,"1002_3-Picoline, 5-(tert-butylthio)-",0,0.0
LogisticRegression,50,516,1010_Unknown,0,0.0
LogisticRegression,50,517,"1011_Naphthalene, 1,2,3,4-tetrahydro-1,8-dimethyl-",0,0.0
LogisticRegression,50,518,"1012_Phenol, 2-methyl-5-(1-methylethyl)-",0,0.0
LogisticRegression,50,519,1013_Unknown,2,0.06666666666666667
LogisticRegression,50,520,"1014_1H-Pyrazole, 3-ethyl-4,5-dihydro-1,4-dimethyl-",0,0.0
LogisticRegression,50,521,"1016_Benzothiazole, 2-methyl-",0,0.0
LogisticRegression,50,522,"1017_Naphthalene, 1-methyl-",0,0.0
LogisticRegression,50,523,1019_Unknown,0,0.0
LogisticRegression,50,524,"1022_2-Cyclohexen-1-one, 4-butyl-3-methoxy-",12,0.4
LogisticRegression,50,525,1024_Unknown,0,0.0
LogisticRegression,50,526,1026_Unknown,0,0.0
LogisticRegression,50,527,"1032_Carbonic acid, tetradecyl vinyl ester",0,0.0
LogisticRegression,50,528,"1033_Cyclohexasiloxane, dodecamethyl-",0,0.0
LogisticRegression,50,529,"1034_.beta.-Hydroxypyruvic acid, trimethylsilyl ether, trimethylsilyl ester",0,0.0
LogisticRegression,50,530,1036_Unknown,0,0.0
LogisticRegression,50,531,1041_Unknown,0,0.0
LogisticRegression,50,532,"1042_Ethanone, 1-[4-(1-methylethyl)phenyl]-",0,0.0
LogisticRegression,50,533,"1044_Ethanone, 1-(2,4,5-trimethylphenyl)-",0,0.0
LogisticRegression,50,534,1046_2-Bromo dodecane,0,0.0
LogisticRegression,50,535,1047_3-tert-Butyl-2-pyrazolin-5-one,0,0.0
LogisticRegression,50,536,1051_Unknown,0,0.0
LogisticRegression,50,537,"1052_1,3-Cyclohexadiene-1-carboxaldehyde, 2,6,6-trimethyl-",5,0.16666666666666666
LogisticRegression,50,538,1053_Unknown,2,0.06666666666666667
LogisticRegression,50,539,1056_Unknown,0,0.0
LogisticRegression,50,540,1057_Unknown,0,0.0
LogisticRegression,50,541,1059_Unknown,0,0.0
LogisticRegression,50,542,"1060_Cyclohexanol, 4-(1,1-dimethylethyl)-, acetate, cis-",0,0.0
LogisticRegression,50,543,"1061_Benzene, 3-cyclohexen-1-yl-",0,0.0
LogisticRegression,50,544,1062_Unknown,0,0.0
LogisticRegression,50,545,"1064_(-)-1,2,2.alpha.,3,3,4,6,7,8,8.alpha.-decahydro-2.alpha.,7,8-trimethylacenaphthylene",0,0.0
LogisticRegression,50,546,"1066_Hexanamide, N-methallyl-",0,0.0
LogisticRegression,50,547,1067_Cedrene-V6,6,0.2
LogisticRegression,50,548,1068_Unknown,0,0.0
LogisticRegression,50,549,1070_Unknown,0,0.0
LogisticRegression,50,550,"1071_2,4,4-Trimethyl-3-(3-methylbutyl)cyclohex-2-enone",0,0.0
LogisticRegression,50,551,1072_Unknown,0,0.0
LogisticRegression,50,552,1073_Unknown,0,0.0
LogisticRegression,50,553,"1074_Benzene, 1-(1,1-dimethylethyl)-3-ethyl-",0,0.0
LogisticRegression,50,554,"1077_Sulfurous acid, cyclohexylmethyl heptadecyl ester",0,0.0
LogisticRegression,50,555,"1080_Tricyclo[5.4.0.0(2,8)]undec-9-ene, 2,6,6,9-tetramethyl-, (1R,2S,7R,8R)-",0,0.0
LogisticRegression,50,556,"1083_2,7-Imino-3,6-methanonaphthalene, decahydro-",0,0.0
LogisticRegression,50,557,"1084_(1R,3aS,4aS,8aS)-1,4,4,6-Tetramethyl-1,2,3,3a,4,4a,7,8-octahydrocyclopenta[1,4]cyclobuta[1,2]benzene",0,0.0
LogisticRegression,50,558,"1090_Phenol, 2-(1,1-dimethylethyl)-6-methyl-",0,0.0
LogisticRegression,50,559,1091_Unknown,12,0.4
LogisticRegression,50,560,1093_Unknown,0,0.0
LogisticRegression,50,561,"1094_Heptacosane, 1-chloro-",0,0.0
LogisticRegression,50,562,1097_Unknown,2,0.06666666666666667
LogisticRegression,50,563,1099_2-Undecenal,0,0.0
LogisticRegression,50,564,"1100_Ethanone, 1-[4-(1-methylethenyl)phenyl]-",0,0.0
LogisticRegression,50,565,1102_N-(tert-Butyldimethylsilyl)-9-ethyl-9H-carbazol-3-amine,0,0.0
LogisticRegression,50,566,"1103_Ethanone, 1-(2,3-dihydro-1H-inden-5-yl)-",0,0.0
LogisticRegression,50,567,1106_o-tert-Butyl cyclohexyl acetate 1,1,0.03333333333333333
LogisticRegression,50,568,1111_Butyl benzoate,1,0.03333333333333333
LogisticRegression,50,569,"1112_Acetic acid, trifluoro-, undecyl ester",0,0.0
LogisticRegression,50,570,1117_Unknown,5,0.16666666666666666
LogisticRegression,50,571,1119_Longifolene-(V4),0,0.0
LogisticRegression,50,572,1121_Unknown,2,0.06666666666666667
LogisticRegression,50,573,"1125_2,4,4,6,6,8,8-Heptamethyl-1-nonene",1,0.03333333333333333
LogisticRegression,50,574,1127_Unknown,0,0.0
LogisticRegression,50,575,"1130_2-Butanone, 1-(1,3-benzodioxol-5-yl)-",0,0.0
LogisticRegression,50,576,1131_Unknown,1,0.03333333333333333
LogisticRegression,50,577,1133_2-Dodecanone,0,0.0
LogisticRegression,50,578,1134_Unknown,0,0.0
LogisticRegression,50,579,"1135_Hexasiloxane, tetradecamethyl-",0,0.0
LogisticRegression,50,580,"1138_Bicyclo[4.4.0]dec-1-ene, 2-isopropyl-5-methyl-9-methylene-",4,0.13333333333333333
LogisticRegression,50,581,1139_Unknown,7,0.23333333333333334
LogisticRegression,50,582,1140_Unknown,1,0.03333333333333333
LogisticRegression,50,583,1141_Diphenyl ether,0,0.0
LogisticRegression,50,584,"1145_2,3-Dihydro-1H-cyclopenta[b]quinoxaline",0,0.0
LogisticRegression,50,585,1147_Unknown,0,0.0
LogisticRegression,50,586,1148_Unknown,3,0.1
LogisticRegression,50,587,1149_Unknown,2,0.06666666666666667
LogisticRegression,50,588,"1150_1H-3a,7-Methanoazulene, octahydro-1,4,9,9-tetramethyl-, (1.alpha.,3a.alpha.,4.beta.,7.alpha.,8a.beta.)-",1,0.03333333333333333
LogisticRegression,50,589,"1151_1H-Cycloprop[e]azulene, decahydro-1,1,4,7-tetramethyl-",0,0.0
LogisticRegression,50,590,"1157_2,4,8-Trimethyl-1,2,3,4-tetrahydroquinoline",0,0.0
LogisticRegression,50,591,"1159_5-Azulenemethanol, 1,2,3,4,5,6,7,8-octahydro-.alpha.,.alpha.,3,8-tetramethyl-, acetate, [3S-(3.alpha.,5.alpha.,8.alpha.)]-",0,0.0
LogisticRegression,50,592,"1163_10,10-Dimethyl-4-acetyl-tricyclo[5.2.1.0(1,5)]decane",4,0.13333333333333333
LogisticRegression,50,593,"1167_(3S,4aR,8aS)-1,1,3,6-Tetramethyl-3-vinyl-3,4,4a,7,8,8a-hexahydro-1H-isochromene",0,0.0
LogisticRegression,50,594,1168_Unknown,0,0.0
LogisticRegression,50,595,1172_2-Cyanoquinoxaline,0,0.0
LogisticRegression,50,596,"1173_Spiro[5.5]undec-2-ene, 3,7,7-trimethyl-11-methylene-, (-)-",0,0.0
LogisticRegression,50,597,"1175_4,7-methano-1H-inden-5-ol, 3a,4,5,6,7,7a-hexahydro-, acetate",3,0.1
LogisticRegression,50,598,"1177_2-Isopropenyl-4a,8-dimethyl-1,2,3,4,4a,5,6,8a-octahydronaphthalene",3,0.1
LogisticRegression,50,599,1178_Nopyl acetate,0,0.0
LogisticRegression,50,600,1180_Unknown,1,0.03333333333333333
LogisticRegression,50,601,1184_Isosativene,0,0.0
LogisticRegression,50,602,"1185_Ethanone, 1,1'-(1,4-phenylene)bis-",0,0.0
LogisticRegression,50,603,"1186_1,1,7,7a-Tetramethyl-1a,2,6,7,7a,7b-hexahydro-1H-cyclopropa[a]naphthalene",0,0.0
LogisticRegression,50,604,"1187_2-Butanone, 4-(2,6,6-trimethyl-1-cyclohexen-1-yl)-",0,0.0
LogisticRegression,50,605,1189_.gamma.-Neoclovene,0,0.0
LogisticRegression,50,606,"1190_Quinoline, 1,2-dihydro-2,2,4-trimethyl-",0,0.0
LogisticRegression,50,607,1192_Unknown,0,0.0
LogisticRegression,50,608,1193_Unknown,0,0.0
LogisticRegression,50,609,"1196_(-)-Neoclovene-(I), dihydro-",0,0.0
LogisticRegression,50,610,"1197_Quinoline, 2,7-dimethyl-",1,0.03333333333333333
LogisticRegression,50,611,"1198_Phthalic acid, methyl neopentyl ester",0,0.0
LogisticRegression,50,612,"1200_Benzene, 1-(1,5-dimethylhexyl)-4-methyl-",11,0.36666666666666664
LogisticRegression,50,613,1201_Dimethyl phthalate,0,0.0
LogisticRegression,50,614,1202_Biphenylene,0,0.0
LogisticRegression,50,615,1203_Unknown,0,0.0
LogisticRegression,50,616,1204_Unknown,0,0.0
LogisticRegression,50,617,"1206_5,9-Undecadien-2-one, 6,10-dimethyl-, (E)-",0,0.0
LogisticRegression,50,618,1208_Unknown,0,0.0
LogisticRegression,50,619,"1212_1-Cyclohexene, 1,3,3-trimethyl-2-(1-methylbut-1-en-3-on-1-yl)-",0,0.0
LogisticRegression,50,620,1213_(-)-.alpha.-Panasinsen,0,0.0
LogisticRegression,50,621,1216_Unknown,0,0.0
LogisticRegression,50,622,"1217_Silane, trichlorooctadecyl-",0,0.0
LogisticRegression,50,623,1219_Unknown,0,0.0
LogisticRegression,50,624,"1220_2,5-cyclohexadien-1-one, 2,6-bis(1,1-dimethylethyl)-4-hydroxy-4-methyl-",0,0.0
LogisticRegression,50,625,"1221_1,2-Bis(trimethylsilyl)-4-methylbenzene",0,0.0
LogisticRegression,50,626,"1223_2,5-Cyclohexadiene-1,4-dione, 2,6-bis(1,1-dimethylethyl)-",0,0.0
LogisticRegression,50,627,1224_Unknown,0,0.0
LogisticRegression,50,628,1228_Unknown,1,0.03333333333333333
LogisticRegression,50,629,"1234_2,5-cyclohexadiene-1,4-dione, 2-(1,1-dimethylethyl)-5-(2-methyl-2-propen-1-yl)-",0,0.0
LogisticRegression,50,630,"1235_Cycloheptasiloxane, tetradecamethyl-",1,0.03333333333333333
LogisticRegression,50,631,1237_Unknown,0,0.0
LogisticRegression,50,632,"1241_Ethanone, 1-[4-(1-hydroxy-1-methylethyl)phenyl]-",0,0.0
LogisticRegression,50,633,"1242_Butanedioic acid, bis(2-methylpropyl) ester",0,0.0
LogisticRegression,50,634,"1243_Ppropiolic acid, 3-(1-hydroxy-2-isopropyl-5-methylcyclohexyl)-",0,0.0
LogisticRegression,50,635,1244_Unknown,0,0.0
LogisticRegression,50,636,1247_Unknown,2,0.06666666666666667
LogisticRegression,50,637,1248_Dodecanenitrile,0,0.0
LogisticRegression,50,638,"1250_Octacosane, 1-iodo-",0,0.0
LogisticRegression,50,639,1251_Unknown,30,1.0
LogisticRegression,50,640,1252_n-Pentadecanol,0,0.0
LogisticRegression,50,641,1255_Unknown,0,0.0
LogisticRegression,50,642,1257_Pentadecane,0,0.0
LogisticRegression,50,643,1258_Butylated Hydroxytoluene,1,0.03333333333333333
LogisticRegression,50,644,1259_Unknown,2,0.06666666666666667
LogisticRegression,50,645,1261_Unknown,0,0.0
LogisticRegression,50,646,1262_Unknown,0,0.0
LogisticRegression,50,647,"1263_2,4-Di-tert-butylphenol",0,0.0
LogisticRegression,50,648,1264_Unknown,0,0.0
LogisticRegression,50,649,1265_Unknown,0,0.0
LogisticRegression,50,650,1266_Unknown,6,0.2
LogisticRegression,50,651,1267_Unknown,10,0.3333333333333333
LogisticRegression,50,652,1268_Bis(pentamethylcyclotrisiloxy)tetramethyldisiloxane,1,0.03333333333333333
LogisticRegression,50,653,1269_Unknown,0,0.0
LogisticRegression,50,654,1271_Unknown,7,0.23333333333333334
LogisticRegression,50,655,1274_Unknown,0,0.0
LogisticRegression,50,656,1277_Octadecyl octyl ether,16,0.5333333333333333
LogisticRegression,50,657,"1281_Eicosane, 1-iodo-",0,0.0
LogisticRegression,50,658,"1282_Benzoic acid, 4-ethoxy-, ethyl ester",0,0.0
LogisticRegression,50,659,1283_2-(1-Cyclohexenyl)cyclohexanone,0,0.0
LogisticRegression,50,660,"1286_1-Dodecanol, 2-hexyl-",0,0.0
LogisticRegression,50,661,1290_Unknown,0,0.0
LogisticRegression,50,662,1293_Unknown,7,0.23333333333333334
LogisticRegression,50,663,1296_Unknown,0,0.0
LogisticRegression,50,664,1297_aR-Himachalene,0,0.0
LogisticRegression,50,665,1298_Unknown,0,0.0
LogisticRegression,50,666,1300_Unknown,0,0.0
LogisticRegression,50,667,"1302_Adipic acid, di(but-2-en-1-yl) ester",0,0.0
LogisticRegression,50,668,1304_Unknown,0,0.0
LogisticRegression,50,669,"1305_Hexadecane, 2,6,11,15-tetramethyl-",0,0.0
LogisticRegression,50,670,"1308_Dotriacontane, 1-iodo-",0,0.0
LogisticRegression,50,671,"1312_Heptasiloxane, hexadecamethyl-",0,0.0
LogisticRegression,50,672,1314_Unknown,0,0.0
LogisticRegression,50,673,1315_Eicosane,0,0.0
LogisticRegression,50,674,"1319_Pentadecane, 4-methyl-",0,0.0
LogisticRegression,50,675,1321_Dodecanoic acid,0,0.0
LogisticRegression,50,676,1323_Unknown,0,0.0
LogisticRegression,50,677,"1324_Hexadecane, 7,9-dimethyl-",0,0.0
LogisticRegression,50,678,"1325_1-Adamantanecarboxylic acid, 2-adamantyl ester",0,0.0
LogisticRegression,50,679,1329_2-Methoxycarbonyl-2-methylbrendane,0,0.0
LogisticRegression,50,680,"1334_Glutaric acid, di(isobutyl) ester",0,0.0
LogisticRegression,50,681,1335_Unknown,0,0.0
LogisticRegression,50,682,1336_Unknown,0,0.0
LogisticRegression,50,683,"1338_4-tert-Butyl-2,6-diisopropylphenol",0,0.0
LogisticRegression,50,684,1339_Unknown,1,0.03333333333333333
LogisticRegression,50,685,1340_Diethyl Phthalate,0,0.0
LogisticRegression,50,686,1341_Unknown,0,0.0
LogisticRegression,50,687,1342_Unknown,0,0.0
LogisticRegression,50,688,"1343_2,2,4-Trimethyl-1,3-pentanediol diisobutyrate",1,0.03333333333333333
LogisticRegression,50,689,"1344_Phenol, 2,4,6-tri-tert-butyl-",0,0.0
LogisticRegression,50,690,1345_Unknown,0,0.0
LogisticRegression,50,691,1347_Unknown,0,0.0
LogisticRegression,50,692,1353_Hexadecane,0,0.0
LogisticRegression,50,693,1354_Unknown,0,0.0
LogisticRegression,50,694,"1358_Cedrane, 8-propoxy-",0,0.0
LogisticRegression,50,695,1361_Tetradecanal,6,0.2
LogisticRegression,50,696,1366_Unknown,0,0.0
LogisticRegression,50,697,1368_Benzophenone,0,0.0
LogisticRegression,50,698,1369_Unknown,0,0.0
LogisticRegression,50,699,1370_Unknown,0,0.0
LogisticRegression,50,700,"1371_Benzene, (1-butylheptyl)-",0,0.0
LogisticRegression,50,701,1372_Unknown,0,0.0
LogisticRegression,50,702,1374_Unknown,0,0.0
LogisticRegression,50,703,1375_Unknown,0,0.0
LogisticRegression,50,704,"1376_Cyclooctasiloxane, hexadecamethyl-",2,0.06666666666666667
LogisticRegression,50,705,"1388_Pentadecane, 2,6,10-trimethyl-",0,0.0
LogisticRegression,50,706,"1392_1,3,5-Triazine-2,4,6(1H,3H,5H)-trione, 1,3,5-tri-2-propenyl-",0,0.0
LogisticRegression,50,707,"1393_Fumaric acid, eicosyl trans-hex-3-enyl ester",0,0.0
LogisticRegression,50,708,1394_Unknown,0,0.0
LogisticRegression,50,709,1395_Unknown,0,0.0
LogisticRegression,50,710,"1406_Pyrene, hexadecahydro-",0,0.0
LogisticRegression,50,711,1407_Unknown,0,0.0
LogisticRegression,50,712,"1408_Heptadecane, 2-methyl-",0,0.0
LogisticRegression,50,713,1410_Unknown,0,0.0
LogisticRegression,50,714,"1411_Phenol, 2,4-di-t-butyl-6-nitro-",0,0.0
LogisticRegression,50,715,1415_Unknown,0,0.0
LogisticRegression,50,716,1419_Tetradecyl trifluoroacetate,0,0.0
LogisticRegression,50,717,"1433_3-Chloropropionic acid, heptadecyl ester",0,0.0
LogisticRegression,50,718,1434_Unknown,0,0.0
LogisticRegression,50,719,1435_Unknown,0,0.0
LogisticRegression,50,720,"1436_Pentanoic acid, 6-ethyl-3-octyl ester",0,0.0
LogisticRegression,50,721,1439_Unknown,0,0.0
LogisticRegression,50,722,1442_Unknown,20,0.6666666666666666
LogisticRegression,50,723,1443_Unknown,0,0.0
LogisticRegression,50,724,1444_Unknown,2,0.06666666666666667
LogisticRegression,50,725,1445_Heptadecane,12,0.4
LogisticRegression,50,726,"1448_Benzene, (3-iodo-1-methoxypropyl)-",0,0.0
LogisticRegression,50,727,"1452_Silane, diethoxydiphenyl-",0,0.0
LogisticRegression,50,728,1454_Unknown,3,0.1
LogisticRegression,50,729,1455_Unknown,0,0.0
LogisticRegression,50,730,1459_Pentadecanal-,0,0.0
LogisticRegression,50,731,"1464_2,6,11,15-Tetramethyl-hexadeca-2,6,8,10,14-pentaene",0,0.0
LogisticRegression,50,732,"1465_1-Penten-3-one, 2-methyl-1-(2,2,6-trimethylcyclohexen-1-yl)-",0,0.0
LogisticRegression,50,733,1470_Hippuric acid,0,0.0
LogisticRegression,50,734,"1472_Benzenecarbothioic acid, S-ethyl ester",5,0.16666666666666666
LogisticRegression,50,735,1475_Unknown,0,0.0
LogisticRegression,50,736,"1481_Benzene, 1-(1,1-dimethylethyl)-4-phenoxy-",0,0.0
LogisticRegression,50,737,1484_Unknown,0,0.0
LogisticRegression,50,738,"1488_Octadecane, 1-iodo-",0,0.0
LogisticRegression,50,739,1492_Unknown,0,0.0
LogisticRegression,50,740,1493_Unknown,0,0.0
LogisticRegression,50,741,1499_Heneicosane,4,0.13333333333333333
LogisticRegression,50,742,1501_Hexestrol,0,0.0
LogisticRegression,50,743,"1503_3,5-di-tert-Butyl-4-hydroxybenzaldehyde",0,0.0
LogisticRegression,50,744,1504_Unknown,0,0.0
LogisticRegression,50,745,1505_Unknown,0,0.0
LogisticRegression,50,746,"1507_1,3-Cyclopentadiene, 5,5-dimethyl-1,2-Dipropyl-",0,0.0
LogisticRegression,50,747,1510_Unknown,0,0.0
LogisticRegression,50,748,1516_Tetradecanoic acid,0,0.0
LogisticRegression,50,749,"1526_.alpha.-Phellandrene, dimer",0,0.0
LogisticRegression,50,750,1535_Unknown,0,0.0
LogisticRegression,50,751,"1556_Kaur-16-ene, (8.beta.,13.beta.)-",0,0.0
LogisticRegression,50,752,1557_Unknown,0,0.0
LogisticRegression,50,753,"1563_Benzene, 1-methyl-4-(1,2,2-trimethylcyclopentyl)-, (R)-",0,0.0
LogisticRegression,50,754,"1564_Acetophenone, 2,2-difluoro-2-phenyl-",1,0.03333333333333333
LogisticRegression,50,755,1569_Unknown,0,0.0
LogisticRegression,50,756,"1570_Ethanedione, diphenyl-",0,0.0
LogisticRegression,50,757,1579_Isopropyl myristate,0,0.0
LogisticRegression,50,758,"1597_Benzenebutanal, .gamma.,4-dimethyl-",0,0.0
LogisticRegression,50,759,1601_Unknown,1,0.03333333333333333
LogisticRegression,50,760,"1623_Bayer 28,589",0,0.0
LogisticRegression,50,761,1645_Palmitoleic acid,0,0.0
LogisticRegression,50,762,1650_Diisooctyl phthalate,0,0.0
LogisticRegression,50,763,"1653_1,2-Benzenedicarboxylic acid, bis(2-methylpropyl) ester",0,0.0
LogisticRegression,50,764,1654_Tetracosane,0,0.0
LogisticRegression,50,765,1658_Unknown,0,0.0
LogisticRegression,50,766,"1660_l-(+)-Ascorbic acid 2,6-dihexadecanoate",0,0.0
LogisticRegression,50,767,1661_Unknown,0,0.0
LogisticRegression,50,768,"1663_7,11-Hexadecadienal",0,0.0
LogisticRegression,50,769,1665_Unknown,0,0.0
LogisticRegression,50,770,1667_Unknown,0,0.0
LogisticRegression,50,771,1670_Unknown,0,0.0
LogisticRegression,50,772,1672_Bis(2-ethylhexyl) phthalate,0,0.0
LogisticRegression,50,773,1698_Unknown,7,0.23333333333333334
LogisticRegression,50,774,1700_Dotriacontane,0,0.0
LogisticRegression,50,775,1707_Squalane,1,0.03333333333333333
LogisticRegression,50,776,1717_Unknown,0,0.0
LogisticRegression,50,777,"1718_1,1'-Binaphthalene, 5,5',6,6',7,7',8,8'-octahydro-",0,0.0
LogisticRegression,50,778,1720_Tritriacontane,0,0.0
LogisticRegression,50,779,1730_Cyclic octaatomic sulfur,0,0.0
LogisticRegression,100,0,"1_2-Butenal, (Z)-",0,0.0
LogisticRegression,100,1,2_Unknown,0,0.0
LogisticRegression,100,2,3_Unknown,0,0.0
LogisticRegression,100,3,"4_4,5-Dihydrooxazole-5-one, 4-[4-acetoxy-3-methoxybenzylidene]-2-phenyl-",0,0.0
LogisticRegression,100,4,6_Cyclopropyl methyl carbinol,2,0.06666666666666667
LogisticRegression,100,5,7_Unknown,0,0.0
LogisticRegression,100,6,9_Unknown,27,0.9
LogisticRegression,100,7,"11_Ethane, 1,2-dichloro-",0,0.0
LogisticRegression,100,8,13_3-Methoxypropionic acid,1,0.03333333333333333
LogisticRegression,100,9,14_Thiirane,0,0.0
LogisticRegression,100,10,"17_Furan, 2,3-dihydro-4-methyl-",0,0.0
LogisticRegression,100,11,"18_Diborane(6), .mu.-mercapto-",2,0.06666666666666667
LogisticRegression,100,12,"19_Cyclohexane, (1,1-dimethylethyl)-",10,0.3333333333333333
LogisticRegression,100,13,20_Unknown,0,0.0
LogisticRegression,100,14,21_Unknown,0,0.0
LogisticRegression,100,15,23_Unknown,0,0.0
LogisticRegression,100,16,25_2-Oxo-6-(piperidine-1-sulfonyl)-benzooxazole-3-carboxylic acid 2-chloro-ethyl ester,0,0.0
LogisticRegression,100,17,"26_2-Propanol, 1-methoxy-",0,0.0
LogisticRegression,100,18,27_Unknown,0,0.0
LogisticRegression,100,19,"28_Nonane, 5-methylene-",0,0.0
LogisticRegression,100,20,"29_Disiloxane, hexamethyl-",2,0.06666666666666667
LogisticRegression,100,21,33_Unknown,0,0.0
LogisticRegression,100,22,"34_Butanal, 2-methyl-",30,1.0
LogisticRegression,100,23,35_Unknown,0,0.0
LogisticRegression,100,24,36_1-Penten-3-one,28,0.9333333333333333
LogisticRegression,100,25,37_Unknown,2,0.06666666666666667
LogisticRegression,100,26,"38_Methoxyacetic acid, 2-tetrahydrofurylmethyl ester",7,0.23333333333333334
LogisticRegression,100,27,40_tert-Butylpentamethyldisiloxane,0,0.0
LogisticRegression,100,28,42_Triethylamine,30,1.0
LogisticRegression,100,29,44_Unknown,5,0.16666666666666666
LogisticRegression,100,30,"45_Pentane, 2,2,4-trimethyl-",1,0.03333333333333333
LogisticRegression,100,31,49_Unknown,0,0.0
LogisticRegression,100,32,50_Unknown,30,1.0
LogisticRegression,100,33,51_Unknown,0,0.0
LogisticRegression,100,34,53_Unknown,9,0.3
LogisticRegression,100,35,"54_Heptanal, 2-methyl-",3,0.1
LogisticRegression,100,36,56_Unknown,0,0.0
LogisticRegression,100,37,58_cis-1-Ethoxy-1-butene,6,0.2
LogisticRegression,100,38,60_Unknown,0,0.0
LogisticRegression,100,39,"61_2-Butanol, 3,3-dimethyl-4-dimethylamino-2-phenyl-",6,0.2
LogisticRegression,100,40,62_Unknown,9,0.3
LogisticRegression,100,41,66_Unknown,0,0.0
LogisticRegression,100,42,68_Unknown,0,0.0
LogisticRegression,100,43,70_Trimethylene oxide,2,0.06666666666666667
LogisticRegression,100,44,71_Unknown,1,0.03333333333333333
LogisticRegression,100,45,72_Unknown,1,0.03333333333333333
LogisticRegression,100,46,"74_1,4-Dioxane",0,0.0
LogisticRegression,100,47,75_Unknown,0,0.0
LogisticRegression,100,48,"76_Ethane, methoxy-",1,0.03333333333333333
LogisticRegression,100,49,78_Unknown,0,0.0
LogisticRegression,100,50,79_Unknown,18,0.6
LogisticRegression,100,51,"80_Propionic acid, 2-mercapto-, allyl ester",0,0.0
LogisticRegression,100,52,"82_2-Cyclopenten-1-one, 3-methyl-",1,0.03333333333333333
LogisticRegression,100,53,"83_Ethanamine, N-ethyl-",0,0.0
LogisticRegression,100,54,84_Unknown,0,0.0
LogisticRegression,100,55,"86_Silanediol, dimethyl-",0,0.0
LogisticRegression,100,56,87_Unknown,0,0.0
LogisticRegression,100,57,"88_Sulfurous acid, dimethyl ester",0,0.0
LogisticRegression,100,58,90_Unknown,8,0.26666666666666666
LogisticRegression,100,59,91_Unknown,25,0.8333333333333334
LogisticRegression,100,60,"92_Propane, 1-isothiocyanato-",0,0.0
LogisticRegression,100,61,93_Unknown,1,0.03333333333333333
LogisticRegression,100,62,"94_Cyclopentanemethanol, 3-methylene-",0,0.0
LogisticRegression,100,63,97_Unknown,5,0.16666666666666666
LogisticRegression,100,64,"100_Formic acid, butyl ester",0,0.0
LogisticRegression,100,65,"101_1,3-Propanediol",25,0.8333333333333334
LogisticRegression,100,66,"104_Ethane, 1,1-diethoxy-",0,0.0
LogisticRegression,100,67,"107_Formic acid, 5-methylhex-2-yl ester",0,0.0
LogisticRegression,100,68,110_2-Heptene,0,0.0
LogisticRegression,100,69,111_Unknown,0,0.0
LogisticRegression,100,70,112_Unknown,1,0.03333333333333333
LogisticRegression,100,71,114_Unknown,0,0.0
LogisticRegression,100,72,115_Unknown,22,0.7333333333333333
LogisticRegression,100,73,"117_Propane, 3,3-dichloro-1,1,1,2,2-pentafluoro-",0,0.0
LogisticRegression,100,74,"119_2-Pentanol, 2-methyl-",0,0.0
LogisticRegression,100,75,"120_Oxirane, 2-(1,1-dimethylethyl)-3-methyl-",0,0.0
LogisticRegression,100,76,121_Unknown,13,0.43333333333333335
LogisticRegression,100,77,122_Unknown,0,0.0
LogisticRegression,100,78,123_Unknown,2,0.06666666666666667
LogisticRegression,100,79,124_Unknown,0,0.0
LogisticRegression,100,80,125_Unknown,27,0.9
LogisticRegression,100,81,"126_2,4-Pentadienenitrile",30,1.0
LogisticRegression,100,82,127_Unknown,7,0.23333333333333334
LogisticRegression,100,83,129_Unknown,4,0.13333333333333333
LogisticRegression,100,84,"130_3-Oxa-bicyclo[3.2.0]hept-6-ene-2,4-dione",26,0.8666666666666667
LogisticRegression,100,85,"131_2-Butenal, 2-methyl-, (E)-",1,0.03333333333333333
LogisticRegression,100,86,132_Pyridine,25,0.8333333333333334
LogisticRegression,100,87,"133_Formic acid, 2-methylbutyl ester",29,0.9666666666666667
LogisticRegression,100,88,134_Unknown,0,0.0
LogisticRegression,100,89,"135_Disulfide, dimethyl",1,0.03333333333333333
LogisticRegression,100,90,136_Unknown,3,0.1
LogisticRegression,100,91,"137_2-Butenal, 2-methyl-",30,1.0
LogisticRegression,100,92,138_Unknown,2,0.06666666666666667
LogisticRegression,100,93,139_Unknown,25,0.8333333333333334
LogisticRegression,100,94,140_Unknown,0,0.0
LogisticRegression,100,95,145_Unknown,0,0.0
LogisticRegression,100,96,146_Unknown,0,0.0
LogisticRegression,100,97,"147_Methanamine, N,N-difluoro-",2,0.06666666666666667
LogisticRegression,100,98,148_Propanoic acid,0,0.0
LogisticRegression,100,99,149_Unknown,0,0.0
LogisticRegression,100,100,150_Unknown,0,0.0
LogisticRegression,100,101,152_Unknown,0,0.0
LogisticRegression,100,102,153_Unknown,1,0.03333333333333333
LogisticRegression,100,103,154_Unknown,0,0.0
LogisticRegression,100,104,155_Tetraethylammonium chloride,0,0.0
LogisticRegression,100,105,"160_Butanoic acid, 2-amino-4-(methylsulfinyl)-, (.+/-.)-",0,0.0
LogisticRegression,100,106,161_Unknown,0,0.0
LogisticRegression,100,107,"162_3-Hexene, 2,2-dimethyl-, (Z)-",0,0.0
LogisticRegression,100,108,169_Unknown,0,0.0
LogisticRegression,100,109,170_Unknown,0,0.0
LogisticRegression,100,110,172_Toluene,0,0.0
LogisticRegression,100,111,173_Unknown,0,0.0
LogisticRegression,100,112,174_1-Methyl-1-ethoxycyclobutane,0,0.0
LogisticRegression,100,113,"176_Boron, trihydro(pyridine)-, (T-4)-",0,0.0
LogisticRegression,100,114,177_Unknown,0,0.0
LogisticRegression,100,115,178_Unknown,0,0.0
LogisticRegression,100,116,179_Unknown,0,0.0
LogisticRegression,100,117,"180_1-Penten-3-one, 2-methyl-",1,0.03333333333333333
LogisticRegression,100,118,181_Unknown,0,0.0
LogisticRegression,100,119,"182_2,2,4,4-Tetramethyloctane",0,0.0
LogisticRegression,100,120,183_Unknown,19,0.6333333333333333
LogisticRegression,100,121,184_Unknown,0,0.0
LogisticRegression,100,122,185_Unknown,4,0.13333333333333333
LogisticRegression,100,123,"186_Butane, 2-cyclopropyl-",0,0.0
LogisticRegression,100,124,"188_2-Hexene, 3-methyl-, (Z)-",0,0.0
LogisticRegression,100,125,189_Unknown,0,0.0
LogisticRegression,100,126,190_Unknown,1,0.03333333333333333
LogisticRegression,100,127,"194_D-Erythro-Tetrofuranose-3-ulose, 4-C-cyclopropyl-1,2-O-isopropylidene-, .alpha.-",0,0.0
LogisticRegression,100,128,"203_1,3-Dioxolane, 2-ethyl-4-methyl-",0,0.0
LogisticRegression,100,129,205_Unknown,0,0.0
LogisticRegression,100,130,207_Unknown,0,0.0
LogisticRegression,100,131,209_Unknown,0,0.0
LogisticRegression,100,132,211_Unknown,0,0.0
LogisticRegression,100,133,213_Unknown,24,0.8
LogisticRegression,100,134,214_Cyclopentanone,0,0.0
LogisticRegression,100,135,"216_Propane, 1,3-dimethoxy-",20,0.6666666666666666
LogisticRegression,100,136,"217_1,3-Diisopropoxy-1,3-dimethyl-1,3-disilacyclobutane",4,0.13333333333333333
LogisticRegression,100,137,218_Unknown,0,0.0
LogisticRegression,100,138,223_4-Ethylbenzamide,0,0.0
LogisticRegression,100,139,"224_2-Methoxy-1,3-dioxolane",0,0.0
LogisticRegression,100,140,"226_4-Hexen-3-one, 4-methyl-",1,0.03333333333333333
LogisticRegression,100,141,"227_Pipecolic acid, N-propoxycarbonyl-, dodecyl ester",1,0.03333333333333333
LogisticRegression,100,142,"228_Cyclopentane, 1,2,4-trimethyl-, (1.alpha.,2.beta.,4.alpha.)-",14,0.4666666666666667
LogisticRegression,100,143,229_Unknown,2,0.06666666666666667
LogisticRegression,100,144,"230_3-Penten-2-one, 4-methyl-",12,0.4
LogisticRegression,100,145,231_Unknown,0,0.0
LogisticRegression,100,146,"232_Isovaleric acid, 3-methylbutyl-2 ester",1,0.03333333333333333
LogisticRegression,100,147,233_Unknown,9,0.3
LogisticRegression,100,148,"234_Hexane, 2,2,4-trimethyl-",20,0.6666666666666666
LogisticRegression,100,149,235_3-Nonen-5-one,3,0.1
LogisticRegression,100,150,236_Hexanal,0,0.0
LogisticRegression,100,151,"237_Ethanol, 2-propoxy-",0,0.0
LogisticRegression,100,152,238_2-Methyl-4-methoxy-1-butanol,2,0.06666666666666667
LogisticRegression,100,153,"239_1-Butene, 2,3,3-trimethyl-",0,0.0
LogisticRegression,100,154,240_Tetrachloroethylene,0,0.0
LogisticRegression,100,155,243_Unknown,2,0.06666666666666667
LogisticRegression,100,156,247_Unknown,0,0.0
LogisticRegression,100,157,249_Butanoic acid,1,0.03333333333333333
LogisticRegression,100,158,251_Unknown,16,0.5333333333333333
LogisticRegression,100,159,252_Unknown,0,0.0
LogisticRegression,100,160,"256_Propanoic acid, propyl ester",0,0.0
LogisticRegression,100,161,"259_Heptane, 3,4,5-trimethyl-",0,0.0
LogisticRegression,100,162,"262_1,5-Dimethyl-6-oxa-bicyclo[3.1.0]hexane",0,0.0
LogisticRegression,100,163,263_Unknown,0,0.0
LogisticRegression,100,164,"266_Acetic acid, butyl ester",0,0.0
LogisticRegression,100,165,267_Unknown,1,0.03333333333333333
LogisticRegression,100,166,"268_Cyclotrisiloxane, hexamethyl-",6,0.2
LogisticRegression,100,167,269_Unknown,15,0.5
LogisticRegression,100,168,270_Unknown,0,0.0
LogisticRegression,100,169,271_Unknown,20,0.6666666666666666
LogisticRegression,100,170,"272_Butanoic acid, 2-oxo-, methyl ester",0,0.0
LogisticRegression,100,171,"273_1-Butyne, 3-chloro-",0,0.0
LogisticRegression,100,172,"274_Hexane, 3,3-dimethyl-",0,0.0
LogisticRegression,100,173,275_Unknown,0,0.0
LogisticRegression,100,174,277_Unknown,26,0.8666666666666667
LogisticRegression,100,175,283_3-Furaldehyde,0,0.0
LogisticRegression,100,176,286_Unknown,0,0.0
LogisticRegression,100,177,288_4-Hexen-3-one,0,0.0
LogisticRegression,100,178,290_Unknown,0,0.0
LogisticRegression,100,179,291_Tetrafluoromethane,27,0.9
LogisticRegression,100,180,"296_.beta.-D-Glucopyranose, 1,6-anhydro-",0,0.0
LogisticRegression,100,181,300_Unknown,0,0.0
LogisticRegression,100,182,"301_Benzene, chloro-",6,0.2
LogisticRegression,100,183,302_Unknown,8,0.26666666666666666
LogisticRegression,100,184,304_Unknown,0,0.0
LogisticRegression,100,185,313_Unknown,13,0.43333333333333335
LogisticRegression,100,186,316_2-Ethyl-5-propylcyclopentanone,0,0.0
LogisticRegression,100,187,317_Ethylbenzene,0,0.0
LogisticRegression,100,188,319_Unknown,10,0.3333333333333333
LogisticRegression,100,189,320_Unknown,2,0.06666666666666667
LogisticRegression,100,190,321_4-Hydroxy-3-hexanone,0,0.0
LogisticRegression,100,191,"325_2,6-Octadiene-4,5-diol",0,0.0
LogisticRegression,100,192,328_Unknown,0,0.0
LogisticRegression,100,193,"329_Succinic acid, but-3-yn-2-yl tetrahydrofurfuryl ester",3,0.1
LogisticRegression,100,194,331_Unknown,15,0.5
LogisticRegression,100,195,332_N-(2-Methoxyethyl)-tert-butylamine,0,0.0
LogisticRegression,100,196,333_Unknown,2,0.06666666666666667
LogisticRegression,100,197,334_Unknown,0,0.0
LogisticRegression,100,198,"335_2-Ethylthiolane, S,S-dioxide",0,0.0
LogisticRegression,100,199,336_1-Methylcyclopropanemethanol,0,0.0
LogisticRegression,100,200,337_2-Methoxythiophene,0,0.0
LogisticRegression,100,201,338_1-Methoxycyclohexane,1,0.03333333333333333
LogisticRegression,100,202,"339_2H-Imidazole-2-thione, 1,3-dihydro-1-methyl-",0,0.0
LogisticRegression,100,203,"340_Acetaldehyde, butylhydrazone",5,0.16666666666666666
LogisticRegression,100,204,341_Unknown,0,0.0
LogisticRegression,100,205,342_Unknown,1,0.03333333333333333
LogisticRegression,100,206,346_Unknown,14,0.4666666666666667
LogisticRegression,100,207,348_Unknown,2,0.06666666666666667
LogisticRegression,100,208,349_Unknown,2,0.06666666666666667
LogisticRegression,100,209,"350_Trisiloxane, octamethyl-",0,0.0
LogisticRegression,100,210,351_Unknown,2,0.06666666666666667
LogisticRegression,100,211,353_3-Ethyl-2-nonanone,5,0.16666666666666666
LogisticRegression,100,212,"358_Ethanone, 1-(1-cyclohexen-1-yl)-",8,0.26666666666666666
LogisticRegression,100,213,"360_3,5-Octanedione, 2,2,4,7-tetramethyl-",0,0.0
LogisticRegression,100,214,"361_1,2-Propanediol diformate",0,0.0
LogisticRegression,100,215,362_Hypoglycin,0,0.0
LogisticRegression,100,216,363_Cyclohexylmethylsilane,0,0.0
LogisticRegression,100,217,364_3-Heptanone,0,0.0
LogisticRegression,100,218,365_Unknown,0,0.0
LogisticRegression,100,219,370_o-Xylene,0,0.0
LogisticRegression,100,220,371_Unknown,0,0.0
LogisticRegression,100,221,372_Unknown,15,0.5
LogisticRegression,100,222,374_Unknown,20,0.6666666666666666
LogisticRegression,100,223,375_Unknown,0,0.0
LogisticRegression,100,224,376_Unknown,0,0.0
LogisticRegression,100,225,"378_2,2,3-Triethyloxirane",7,0.23333333333333334
LogisticRegression,100,226,381_Unknown,29,0.9666666666666667
LogisticRegression,100,227,"383_3,3-Dichloropropyne",28,0.9333333333333333
LogisticRegression,100,228,385_n-Heptyl acrylate,0,0.0
LogisticRegression,100,229,"386_Cyclohexa-1,3-diene, 5,6-diethyl-",0,0.0
LogisticRegression,100,230,"387_2-Propenoic acid, butyl ester",0,0.0
LogisticRegression,100,231,388_Unknown,0,0.0
LogisticRegression,100,232,389_3-Heptanol,0,0.0
LogisticRegression,100,233,390_Unknown,0,0.0
LogisticRegression,100,234,391_Unknown,0,0.0
LogisticRegression,100,235,"392_1-Butyl(dimethyl)silyloxy-2,2-dimethylpropane",8,0.26666666666666666
LogisticRegression,100,236,394_Unknown,17,0.5666666666666667
LogisticRegression,100,237,"395_Ethanol, 2-butoxy-",12,0.4
LogisticRegression,100,238,396_Heptanal,0,0.0
LogisticRegression,100,239,398_Unknown,0,0.0
LogisticRegression,100,240,"399_2-Hexanol, 5-methyl-",0,0.0
LogisticRegression,100,241,"401_2-Propanol, 1-methoxy-2-methyl-",0,0.0
LogisticRegression,100,242,403_Unknown,0,0.0
LogisticRegression,100,243,405_Unknown,0,0.0
LogisticRegression,100,244,406_Unknown,1,0.03333333333333333
LogisticRegression,100,245,407_Unknown,11,0.36666666666666664
LogisticRegression,100,246,409_Unknown,2,0.06666666666666667
LogisticRegression,100,247,410_Unknown,0,0.0
LogisticRegression,100,248,"411_Propanoic acid, butyl ester",0,0.0
LogisticRegression,100,249,412_Unknown,0,0.0
LogisticRegression,100,250,413_Unknown,0,0.0
LogisticRegression,100,251,416_Unknown,0,0.0
LogisticRegression,100,252,"422_1-Pentanol, TBDMS derivative",0,0.0
LogisticRegression,100,253,427_Unknown,6,0.2
LogisticRegression,100,254,428_Unknown,0,0.0
LogisticRegression,100,255,"431_1-Hexyn-3-ol, 3-methyl-",0,0.0
LogisticRegression,100,256,434_Unknown,0,0.0
LogisticRegression,100,257,436_Unknown,12,0.4
LogisticRegression,100,258,"438_Undecane, 5,5-dimethyl-",0,0.0
LogisticRegression,100,259,442_2-Cyclohexen-1-one,0,0.0
LogisticRegression,100,260,446_Unknown,0,0.0
LogisticRegression,100,261,"449_Cyclohexane, 1,3-dimethyl-",0,0.0
LogisticRegression,100,262,450_Unknown,7,0.23333333333333334
LogisticRegression,100,263,"451_2-Heptanone, 4-methyl-",0,0.0
LogisticRegression,100,264,454_Unknown,1,0.03333333333333333
LogisticRegression,100,265,459_Unknown,0,0.0
LogisticRegression,100,266,462_(-)-trans-Pinane,0,0.0
LogisticRegression,100,267,464_Unknown,1,0.03333333333333333
LogisticRegression,100,268,465_3-Ethyl-4-methylpentan-1-ol,30,1.0
LogisticRegression,100,269,"466_Hexanal, 3,3-dimethyl-",8,0.26666666666666666
LogisticRegression,100,270,"471_Hexanal, 2-ethyl-",30,1.0
LogisticRegression,100,271,"474_2-Heptenal, (Z)-",30,1.0
LogisticRegression,100,272,475_Unknown,15,0.5
LogisticRegression,100,273,476_Unknown,0,0.0
LogisticRegression,100,274,477_Unknown,0,0.0
LogisticRegression,100,275,478_Unknown,23,0.7666666666666667
LogisticRegression,100,276,479_3-Ethylcyclopentanone,3,0.1
LogisticRegression,100,277,"480_Benzene, 1,1'-(1-methyl-1,2-ethanediyl)bis-",0,0.0
LogisticRegression,100,278,"483_2H-Pyran-3,4,5-triol, tetrahydro-2-methoxy-6-methyl-",0,0.0
LogisticRegression,100,279,484_Unknown,0,0.0
LogisticRegression,100,280,"485_Nonane, 4-methyl-",0,0.0
LogisticRegression,100,281,"488_Tridecane, 6-methyl-",0,0.0
LogisticRegression,100,282,490_Unknown,0,0.0
LogisticRegression,100,283,"492_Pentadecane, 6-methyl-",17,0.5666666666666667
LogisticRegression,100,284,"495_Ethanol, 2,2'-oxybis-",0,0.0
LogisticRegression,100,285,496_(E)1-Allyl-2-methylcyclohexanol,20,0.6666666666666666
LogisticRegression,100,286,"497_4-Octanol, 2-methyl-",0,0.0
LogisticRegression,100,287,500_Dibutylsulfamic acid,0,0.0
LogisticRegression,100,288,"501_5-Ethyl-2,4-nonandione",0,0.0
LogisticRegression,100,289,"502_Oxalic acid, butyl 2-ethylhexyl ester",0,0.0
LogisticRegression,100,290,503_5-Nonanol,0,0.0
LogisticRegression,100,291,"507_Formic acid, heptyl ester",0,0.0
LogisticRegression,100,292,508_Unknown,0,0.0
LogisticRegression,100,293,510_Unknown,22,0.7333333333333333
LogisticRegression,100,294,511_Unknown,5,0.16666666666666666
LogisticRegression,100,295,512_Unknown,2,0.06666666666666667
LogisticRegression,100,296,513_Unknown,0,0.0
LogisticRegression,100,297,516_1-Decen-3-one,2,0.06666666666666667
LogisticRegression,100,298,521_Unknown,0,0.0
LogisticRegression,100,299,522_Unknown,30,1.0
LogisticRegression,100,300,523_Benzonitrile,4,0.13333333333333333
LogisticRegression,100,301,"524_3-Pentenoic acid, 4-methyl-",0,0.0
LogisticRegression,100,302,525_1-Octen-3-ol,8,0.26666666666666666
LogisticRegression,100,303,"527_Dodecane, 2,2,11,11-tetramethyl-",1,0.03333333333333333
LogisticRegression,100,304,528_Phenol,0,0.0
LogisticRegression,100,305,531_Unknown,0,0.0
LogisticRegression,100,306,533_Unknown,23,0.7666666666666667
LogisticRegression,100,307,535_Unknown,1,0.03333333333333333
LogisticRegression,100,308,"536_Propanoic acid, 2,2-dimethyl-, cesium salt",3,0.1
LogisticRegression,100,309,537_Hexanoic acid,0,0.0
LogisticRegression,100,310,"538_Cyclotetrasiloxane, octamethyl-",0,0.0
LogisticRegression,100,311,540_Unknown,30,1.0
LogisticRegression,100,312,543_Unknown,26,0.8666666666666667
LogisticRegression,100,313,544_2-Octanone,13,0.43333333333333335
LogisticRegression,100,314,545_Unknown,0,0.0
LogisticRegression,100,315,"546_Benzene, 1,2,3-trimethyl-",14,0.4666666666666667
LogisticRegression,100,316,548_4-Octanol,0,0.0
LogisticRegression,100,317,549_Unknown,0,0.0
LogisticRegression,100,318,"551_2-Methyl-1,6-dioxaspiro[4.4]nonane",13,0.43333333333333335
LogisticRegression,100,319,552_Unknown,0,0.0
LogisticRegression,100,320,561_Unknown,1,0.03333333333333333
LogisticRegression,100,321,565_Propanenitrile,0,0.0
LogisticRegression,100,322,566_Unknown,0,0.0
LogisticRegression,100,323,567_Decane,0,0.0
LogisticRegression,100,324,569_Octanal,7,0.23333333333333334
LogisticRegression,100,325,570_Unknown,0,0.0
LogisticRegression,100,326,"571_Ethanol, 2-(2-ethoxyethoxy)-",0,0.0
LogisticRegression,100,327,572_Unknown,5,0.16666666666666666
LogisticRegression,100,328,"574_2-Octanol, (S)-",23,0.7666666666666667
LogisticRegression,100,329,"575_Cyclopentene, 1,4-dimethyl-5-(1-methylethyl)-",6,0.2
LogisticRegression,100,330,584_Unknown,0,0.0
LogisticRegression,100,331,"586_Benzene, 1,2,4-trimethyl-",0,0.0
LogisticRegression,100,332,"588_Propanenitrile, 2,2'-azobis[2-methyl-",20,0.6666666666666666
LogisticRegression,100,333,589_Unknown,0,0.0
LogisticRegression,100,334,"590_2-Propanol, 1-(2-ethoxypropoxy)-",0,0.0
LogisticRegression,100,335,"591_Silane, triethylfluoro-",0,0.0
LogisticRegression,100,336,592_Tetramethylbutanedinitrile,1,0.03333333333333333
LogisticRegression,100,337,593_Unknown,0,0.0
LogisticRegression,100,338,598_Unknown,0,0.0
LogisticRegression,100,339,602_Unknown,0,0.0
LogisticRegression,100,340,605_D-Limonene,0,0.0
LogisticRegression,100,341,606_Unknown,1,0.03333333333333333
LogisticRegression,100,342,608_2-Propyl-1-pentanol,1,0.03333333333333333
LogisticRegression,100,343,609_Unknown,5,0.16666666666666666
LogisticRegression,100,344,610_Unknown,2,0.06666666666666667
LogisticRegression,100,345,611_Unknown,0,0.0
LogisticRegression,100,346,613_Unknown,0,0.0
LogisticRegression,100,347,"614_Butanedioic acid, dimethyl ester",2,0.06666666666666667
LogisticRegression,100,348,615_Unknown,4,0.13333333333333333
LogisticRegression,100,349,616_Unknown,0,0.0
LogisticRegression,100,350,619_1-(1'-pyrrolidinyl)-2-butanone,0,0.0
LogisticRegression,100,351,"620_1,3,2-Dioxaborolane, 2,4-diethyl-",1,0.03333333333333333
LogisticRegression,100,352,621_Benzyl alcohol,0,0.0
LogisticRegression,100,353,"623_3-Benzofurancarboxaldehyde, 2,3-dihydro-3-methyl-",29,0.9666666666666667
LogisticRegression,100,354,"624_Cyclopropanecarboxylic acid,4-methylpentyl ester",0,0.0
LogisticRegression,100,355,"626_3,5-Octadien-2-ol",1,0.03333333333333333
LogisticRegression,100,356,627_3-Ethyl-3-heptanol,0,0.0
LogisticRegression,100,357,"629_Benzaldehyde, 2-hydroxy-",0,0.0
LogisticRegression,100,358,630_Unknown,10,0.3333333333333333
LogisticRegression,100,359,632_Unknown,0,0.0
LogisticRegression,100,360,634_Unknown,0,0.0
LogisticRegression,100,361,"635_2,4,6-Cycloheptatrien-1-one, 4-methyl-",20,0.6666666666666666
LogisticRegression,100,362,"636_2-Propenoic acid, 2-methyl-, 2-hydroxypropyl ester",0,0.0
LogisticRegression,100,363,"637_4,4'-Bi-1,3,2-dioxaborolane, 2,2'-diethyl-",0,0.0
LogisticRegression,100,364,"640_1-Hexanol, 3,5,5-trimethyl-",0,0.0
LogisticRegression,100,365,"645_Nonane, 5-methyl-5-propyl-",0,0.0
LogisticRegression,100,366,"648_Succinic acid, tridec-2-yn-1-yl 3-methylbut-3-en-1-yl ester",0,0.0
LogisticRegression,100,367,"649_2(3H)-Furanone, 5-ethyldihydro-",0,0.0
LogisticRegression,100,368,"650_1,2,4,5-Tetrazine, 1,4-dibutylhexahydro-",0,0.0
LogisticRegression,100,369,651_Unknown,24,0.8
LogisticRegression,100,370,"654_Pentanal, 5-[(tetrahydro-2H-pyran-2-yl)oxy]-",0,0.0
LogisticRegression,100,371,658_Unknown,0,0.0
LogisticRegression,100,372,660_Unknown,0,0.0
LogisticRegression,100,373,"663_2,5-Hexanediol, 2,5-dimethyl-",4,0.13333333333333333
LogisticRegression,100,374,664_Unknown,0,0.0
LogisticRegression,100,375,"666_4,7-Methano-1H-indene, octahydro-",23,0.7666666666666667
LogisticRegression,100,376,668_Phenylglyoxal,0,0.0
LogisticRegression,100,377,"670_Aniline, N-methyl-",2,0.06666666666666667
LogisticRegression,100,378,672_Acetophenone,0,0.0
LogisticRegression,100,379,675_Cyclooctyl alcohol,0,0.0
LogisticRegression,100,380,"677_Decane, 3-methyl-",0,0.0
LogisticRegression,100,381,680_Unknown,1,0.03333333333333333
LogisticRegression,100,382,"681_7-Octen-2-ol, 2,6-dimethyl-",0,0.0
LogisticRegression,100,383,"683_Formic acid, octyl ester",21,0.7
LogisticRegression,100,384,684_Decyl octyl ether,30,1.0
LogisticRegression,100,385,687_Unknown,0,0.0
LogisticRegression,100,386,"688_Terephthalic acid, 2-methoxyethyl propyl ester",0,0.0
LogisticRegression,100,387,"689_Arsenous acid, tris(trimethylsilyl) ester",0,0.0
LogisticRegression,100,388,"693_Hexane, 2,5-dimethoxy-2,5-dimethyl-",1,0.03333333333333333
LogisticRegression,100,389,695_Unknown,1,0.03333333333333333
LogisticRegression,100,390,"696_Silicic acid, diethyl bis(trimethylsilyl) ester",0,0.0
LogisticRegression,100,391,"697_Benzene, 2-ethyl-1,4-dimethyl-",0,0.0
LogisticRegression,100,392,"698_1,6-Dioxaspiro[4.4]nonane, 2-ethyl-",0,0.0
LogisticRegression,100,393,701_(+)-4-Carene,22,0.7333333333333333
LogisticRegression,100,394,703_Lethane,1,0.03333333333333333
LogisticRegression,100,395,706_2-Butoxyethyl acetate,0,0.0
LogisticRegression,100,396,"709_4-Heptanol, 2,6-dimethyl-",2,0.06666666666666667
LogisticRegression,100,397,711_2-Nonanone,2,0.06666666666666667
LogisticRegression,100,398,712_Unknown,0,0.0
LogisticRegression,100,399,713_Unknown,0,0.0
LogisticRegression,100,400,"714_Benzoic acid, methyl ester",0,0.0
LogisticRegression,100,401,"715_2,5-Furandione, 3-(1,1-dimethylethyl)-",0,0.0
LogisticRegression,100,402,716_Unknown,0,0.0
LogisticRegression,100,403,"717_1-Hexadecen-3-ol, 3,5,11,15-tetramethyl-",0,0.0
LogisticRegression,100,404,720_Linalool,0,0.0
LogisticRegression,100,405,724_Unknown,11,0.36666666666666664
LogisticRegression,100,406,726_Unknown,0,0.0
LogisticRegression,100,407,"728_2-Cyclohexen-1-one, 3,6-dimethyl-6-(1-methylethyl)-",1,0.03333333333333333
LogisticRegression,100,408,729_Unknown,4,0.13333333333333333
LogisticRegression,100,409,730_Unknown,21,0.7
LogisticRegression,100,410,732_Nonanal,29,0.9666666666666667
LogisticRegression,100,411,738_Unknown,2,0.06666666666666667
LogisticRegression,100,412,742_Unknown,0,0.0
LogisticRegression,100,413,"743_Benzene, 1,3-dichloro-2-methyl-",0,0.0
LogisticRegression,100,414,744_Unknown,10,0.3333333333333333
LogisticRegression,100,415,746_Unknown,21,0.7
LogisticRegression,100,416,749_Isophorone,0,0.0
LogisticRegression,100,417,"752_Hexanoic acid, 2-ethyl-",25,0.8333333333333334
LogisticRegression,100,418,753_Unknown,0,0.0
LogisticRegression,100,419,754_Unknown,0,0.0
LogisticRegression,100,420,"755_Undecane, 3,8-dimethyl-",0,0.0
LogisticRegression,100,421,758_Unknown,27,0.9
LogisticRegression,100,422,760_Unknown,22,0.7333333333333333
LogisticRegression,100,423,"771_1H-Indene, 2,3-dihydro-5-methyl-",5,0.16666666666666666
LogisticRegression,100,424,772_Unknown,3,0.1
LogisticRegression,100,425,"777_Cyclopentasiloxane, decamethyl-",1,0.03333333333333333
LogisticRegression,100,426,778_Unknown,2,0.06666666666666667
LogisticRegression,100,427,779_Unknown,0,0.0
LogisticRegression,100,428,"781_trans-1,2-Dimethylsilacyclohexane",0,0.0
LogisticRegression,100,429,"782_2,6-Dihydroxyacetophenone, 2TMS derivative",0,0.0
LogisticRegression,100,430,"783_Cyclohexanol, 1-butyl-",0,0.0
LogisticRegression,100,431,"784_1,1,3,3,5,5,7,7-Octamethyl-7-(2-methylpropoxy)tetrasiloxan-1-ol",29,0.9666666666666667
LogisticRegression,100,432,785_Unknown,1,0.03333333333333333
LogisticRegression,100,433,"787_Acetamide, 2-(3-cyano-4-methoxymethyl-6-methylpyridin-2-ylsulfanyl)-N-(3-trifluoromethylphenyl)-",11,0.36666666666666664
LogisticRegression,100,434,"793_Hexadecanal, 2-methyl-",0,0.0
LogisticRegression,100,435,794_(R)-(+)-1-Phenyl-1-propanol,0,0.0
LogisticRegression,100,436,"795_2(3H)-Furanone, dihydro-5-propyl-",0,0.0
LogisticRegression,100,437,796_Unknown,0,0.0
LogisticRegression,100,438,"799_2(3H)-Furanone, 5-heptyldihydro-",0,0.0
LogisticRegression,100,439,"802_Silane, cyclohexyldimethoxymethyl-",0,0.0
LogisticRegression,100,440,"804_2,6-Dimethyldecane",2,0.06666666666666667
LogisticRegression,100,441,805_Unknown,0,0.0
LogisticRegression,100,442,"807_Benzene, (2-methylbutyl)-",7,0.23333333333333334
LogisticRegression,100,443,809_Unknown,1,0.03333333333333333
LogisticRegression,100,444,"813_2-Nonenal, (E)-",0,0.0
LogisticRegression,100,445,"815_Acetic acid, phenylmethyl ester",3,0.1
LogisticRegression,100,446,819_Unknown,4,0.13333333333333333
LogisticRegression,100,447,820_Benzoic acid,0,0.0
LogisticRegression,100,448,824_Unknown,1,0.03333333333333333
LogisticRegression,100,449,826_Unknown,3,0.1
LogisticRegression,100,450,"827_p-Acetophenetidide, N-methyl-",9,0.3
LogisticRegression,100,451,"828_Phenol, 2,4-dimethyl-",0,0.0
LogisticRegression,100,452,832_trans-2-Dodecen-1-ol,19,0.6333333333333333
LogisticRegression,100,453,834_Unknown,10,0.3333333333333333
LogisticRegression,100,454,835_1-Nonanol,15,0.5
LogisticRegression,100,455,838_Terpinen-4-ol,0,0.0
LogisticRegression,100,456,845_3-Decanone,18,0.6
LogisticRegression,100,457,"846_Ethanol, 1-(2-butoxyethoxy)-",6,0.2
LogisticRegression,100,458,847_Unknown,0,0.0
LogisticRegression,100,459,"848_Benzenemethanol, .alpha.-methyl-, acetate",16,0.5333333333333333
LogisticRegression,100,460,849_Unknown,0,0.0
LogisticRegression,100,461,851_Unknown,27,0.9
LogisticRegression,100,462,853_Unknown,4,0.13333333333333333
LogisticRegression,100,463,858_2-Decanone,0,0.0
LogisticRegression,100,464,"863_1-Buten-3-one, 1-(2-carboxy-4,4-dimethylcyclobutenyl)-",0,0.0
LogisticRegression,100,465,865_Unknown,0,0.0
LogisticRegression,100,466,872_Unknown,10,0.3333333333333333
LogisticRegression,100,467,874_Unknown,0,0.0
LogisticRegression,100,468,875_4-n-Propylbenzoic acid,30,1.0
LogisticRegression,100,469,877_Unknown,12,0.4
LogisticRegression,100,470,878_Unknown,2,0.06666666666666667
LogisticRegression,100,471,879_Unknown,29,0.9666666666666667
LogisticRegression,100,472,880_Unknown,0,0.0
LogisticRegression,100,473,887_Unknown,29,0.9666666666666667
LogisticRegression,100,474,"888_Benzaldehyde, 2,4-dimethyl-",0,0.0
LogisticRegression,100,475,889_Dodecyl nonyl ether,1,0.03333333333333333
LogisticRegression,100,476,891_Unknown,0,0.0
LogisticRegression,100,477,892_Unknown,3,0.1
LogisticRegression,100,478,"894_2,4-Nonadienal, (E,E)-",0,0.0
LogisticRegression,100,479,"897_2,3,4,6-Tetrahydroisoquinolin-6-one, 1-[4-hydroxybenzyl]-7-methoxy-",0,0.0
LogisticRegression,100,480,900_Benzothiazole,0,0.0
LogisticRegression,100,481,903_Unknown,0,0.0
LogisticRegression,100,482,906_Unknown,0,0.0
LogisticRegression,100,483,"907_2-Propenoic acid, 6-methylheptyl ester",5,0.16666666666666666
LogisticRegression,100,484,908_Unknown,0,0.0
LogisticRegression,100,485,911_Unknown,27,0.9
LogisticRegression,100,486,"912_Cyclohexane, isothiocyanato-",1,0.03333333333333333
LogisticRegression,100,487,"914_Pentasiloxane, dodecamethyl-",1,0.03333333333333333
LogisticRegression,100,488,917_Unknown,27,0.9
LogisticRegression,100,489,934_Unknown,6,0.2
LogisticRegression,100,490,"936_Silane, trimethyl(3-methyl-1-butynyl)-",0,0.0
LogisticRegression,100,491,938_Unknown,0,0.0
LogisticRegression,100,492,940_Unknown,0,0.0
LogisticRegression,100,493,943_Unknown,3,0.1
LogisticRegression,100,494,"944_Benzene, 1,3-bis(1,1-dimethylethyl)-",1,0.03333333333333333
LogisticRegression,100,495,947_Geraniol,0,0.0
LogisticRegression,100,496,"948_2,6,10-Trimethyltridecane",0,0.0
LogisticRegression,100,497,"949_Heptadecane, 2,6,10,15-tetramethyl-",0,0.0
LogisticRegression,100,498,"950_Acetic acid, chloro-, 2-phenylethyl ester",13,0.43333333333333335
LogisticRegression,100,499,"952_Sulfurous acid, 2-ethylhexyl undecyl ester",13,0.43333333333333335
LogisticRegression,100,500,"958_1H-Indene, 2,3-dihydro-1,1-dimethyl-",0,0.0
LogisticRegression,100,501,960_Unknown,0,0.0
LogisticRegression,100,502,962_Unknown,2,0.06666666666666667
LogisticRegression,100,503,963_Unknown,0,0.0
LogisticRegression,100,504,966_Unknown,0,0.0
LogisticRegression,100,505,"967_2-Decenal, (E)-",0,0.0
LogisticRegression,100,506,968_Unknown,0,0.0
LogisticRegression,100,507,974_Unknown,0,0.0
LogisticRegression,100,508,"976_Benzoic acid, 2-hydroxy-, ethyl ester",3,0.1
LogisticRegression,100,509,977_Nonanoic acid,0,0.0
LogisticRegression,100,510,980_Unknown,0,0.0
LogisticRegression,100,511,"983_Benzaldehyde, 4-propyl-",0,0.0
LogisticRegression,100,512,984_1-Decanol,0,0.0
LogisticRegression,100,513,"990_3,4-Dimethylcumene",0,0.0
LogisticRegression,100,514,995_Unknown,0,0.0
LogisticRegression,100,515,"1002_3-Picoline, 5-(tert-butylthio)-",3,0.1
LogisticRegression,100,516,1010_Unknown,0,0.0
LogisticRegression,100,517,"1011_Naphthalene, 1,2,3,4-tetrahydro-1,8-dimethyl-",0,0.0
LogisticRegression,100,518,"1012_Phenol, 2-methyl-5-(1-methylethyl)-",0,0.0
LogisticRegression,100,519,1013_Unknown,6,0.2
LogisticRegression,100,520,"1014_1H-Pyrazole, 3-ethyl-4,5-dihydro-1,4-dimethyl-",1,0.03333333333333333
LogisticRegression,100,521,"1016_Benzothiazole, 2-methyl-",0,0.0
LogisticRegression,100,522,"1017_Naphthalene, 1-methyl-",0,0.0
LogisticRegression,100,523,1019_Unknown,5,0.16666666666666666
LogisticRegression,100,524,"1022_2-Cyclohexen-1-one, 4-butyl-3-methoxy-",21,0.7
LogisticRegression,100,525,1024_Unknown,0,0.0
LogisticRegression,100,526,1026_Unknown,0,0.0
LogisticRegression,100,527,"1032_Carbonic acid, tetradecyl vinyl ester",0,0.0
LogisticRegression,100,528,"1033_Cyclohexasiloxane, dodecamethyl-",3,0.1
LogisticRegression,100,529,"1034_.beta.-Hydroxypyruvic acid, trimethylsilyl ether, trimethylsilyl ester",0,0.0
LogisticRegression,100,530,1036_Unknown,0,0.0
LogisticRegression,100,531,1041_Unknown,1,0.03333333333333333
LogisticRegression,100,532,"1042_Ethanone, 1-[4-(1-methylethyl)phenyl]-",1,0.03333333333333333
LogisticRegression,100,533,"1044_Ethanone, 1-(2,4,5-trimethylphenyl)-",0,0.0
LogisticRegression,100,534,1046_2-Bromo dodecane,0,0.0
LogisticRegression,100,535,1047_3-tert-Butyl-2-pyrazolin-5-one,0,0.0
LogisticRegression,100,536,1051_Unknown,1,0.03333333333333333
LogisticRegression,100,537,"1052_1,3-Cyclohexadiene-1-carboxaldehyde, 2,6,6-trimethyl-",11,0.36666666666666664
LogisticRegression,100,538,1053_Unknown,16,0.5333333333333333
LogisticRegression,100,539,1056_Unknown,0,0.0
LogisticRegression,100,540,1057_Unknown,0,0.0
LogisticRegression,100,541,1059_Unknown,0,0.0
LogisticRegression,100,542,"1060_Cyclohexanol, 4-(1,1-dimethylethyl)-, acetate, cis-",0,0.0
LogisticRegression,100,543,"1061_Benzene, 3-cyclohexen-1-yl-",0,0.0
LogisticRegression,100,544,1062_Unknown,0,0.0
LogisticRegression,100,545,"1064_(-)-1,2,2.alpha.,3,3,4,6,7,8,8.alpha.-decahydro-2.alpha.,7,8-trimethylacenaphthylene",0,0.0
LogisticRegression,100,546,"1066_Hexanamide, N-methallyl-",0,0.0
LogisticRegression,100,547,1067_Cedrene-V6,12,0.4
LogisticRegression,100,548,1068_Unknown,0,0.0
LogisticRegression,100,549,1070_Unknown,0,0.0
LogisticRegression,100,550,"1071_2,4,4-Trimethyl-3-(3-methylbutyl)cyclohex-2-enone",0,0.0
LogisticRegression,100,551,1072_Unknown,0,0.0
LogisticRegression,100,552,1073_Unknown,0,0.0
LogisticRegression,100,553,"1074_Benzene, 1-(1,1-dimethylethyl)-3-ethyl-",0,0.0
LogisticRegression,100,554,"1077_Sulfurous acid, cyclohexylmethyl heptadecyl ester",1,0.03333333333333333
LogisticRegression,100,555,"1080_Tricyclo[5.4.0.0(2,8)]undec-9-ene, 2,6,6,9-tetramethyl-, (1R,2S,7R,8R)-",0,0.0
LogisticRegression,100,556,"1083_2,7-Imino-3,6-methanonaphthalene, decahydro-",2,0.06666666666666667
LogisticRegression,100,557,"1084_(1R,3aS,4aS,8aS)-1,4,4,6-Tetramethyl-1,2,3,3a,4,4a,7,8-octahydrocyclopenta[1,4]cyclobuta[1,2]benzene",0,0.0
LogisticRegression,100,558,"1090_Phenol, 2-(1,1-dimethylethyl)-6-methyl-",0,0.0
LogisticRegression,100,559,1091_Unknown,20,0.6666666666666666
LogisticRegression,100,560,1093_Unknown,0,0.0
LogisticRegression,100,561,"1094_Heptacosane, 1-chloro-",0,0.0
LogisticRegression,100,562,1097_Unknown,4,0.13333333333333333
LogisticRegression,100,563,1099_2-Undecenal,0,0.0
LogisticRegression,100,564,"1100_Ethanone, 1-[4-(1-methylethenyl)phenyl]-",0,0.0
LogisticRegression,100,565,1102_N-(tert-Butyldimethylsilyl)-9-ethyl-9H-carbazol-3-amine,0,0.0
LogisticRegression,100,566,"1103_Ethanone, 1-(2,3-dihydro-1H-inden-5-yl)-",0,0.0
LogisticRegression,100,567,1106_o-tert-Butyl cyclohexyl acetate 1,2,0.06666666666666667
LogisticRegression,100,568,1111_Butyl benzoate,11,0.36666666666666664
LogisticRegression,100,569,"1112_Acetic acid, trifluoro-, undecyl ester",1,0.03333333333333333
LogisticRegression,100,570,1117_Unknown,18,0.6
LogisticRegression,100,571,1119_Longifolene-(V4),0,0.0
LogisticRegression,100,572,1121_Unknown,6,0.2
LogisticRegression,100,573,"1125_2,4,4,6,6,8,8-Heptamethyl-1-nonene",5,0.16666666666666666
LogisticRegression,100,574,1127_Unknown,0,0.0
LogisticRegression,100,575,"1130_2-Butanone, 1-(1,3-benzodioxol-5-yl)-",0,0.0
LogisticRegression,100,576,1131_Unknown,7,0.23333333333333334
LogisticRegression,100,577,1133_2-Dodecanone,0,0.0
LogisticRegression,100,578,1134_Unknown,0,0.0
LogisticRegression,100,579,"1135_Hexasiloxane, tetradecamethyl-",0,0.0
LogisticRegression,100,580,"1138_Bicyclo[4.4.0]dec-1-ene, 2-isopropyl-5-methyl-9-methylene-",10,0.3333333333333333
LogisticRegression,100,581,1139_Unknown,22,0.7333333333333333
LogisticRegression,100,582,1140_Unknown,4,0.13333333333333333
LogisticRegression,100,583,1141_Diphenyl ether,3,0.1
LogisticRegression,100,584,"1145_2,3-Dihydro-1H-cyclopenta[b]quinoxaline",0,0.0
LogisticRegression,100,585,1147_Unknown,0,0.0
LogisticRegression,100,586,1148_Unknown,17,0.5666666666666667
LogisticRegression,100,587,1149_Unknown,7,0.23333333333333334
LogisticRegression,100,588,"1150_1H-3a,7-Methanoazulene, octahydro-1,4,9,9-tetramethyl-, (1.alpha.,3a.alpha.,4.beta.,7.alpha.,8a.beta.)-",9,0.3
LogisticRegression,100,589,"1151_1H-Cycloprop[e]azulene, decahydro-1,1,4,7-tetramethyl-",1,0.03333333333333333
LogisticRegression,100,590,"1157_2,4,8-Trimethyl-1,2,3,4-tetrahydroquinoline",0,0.0
LogisticRegression,100,591,"1159_5-Azulenemethanol, 1,2,3,4,5,6,7,8-octahydro-.alpha.,.alpha.,3,8-tetramethyl-, acetate, [3S-(3.alpha.,5.alpha.,8.alpha.)]-",0,0.0
LogisticRegression,100,592,"1163_10,10-Dimethyl-4-acetyl-tricyclo[5.2.1.0(1,5)]decane",16,0.5333333333333333
LogisticRegression,100,593,"1167_(3S,4aR,8aS)-1,1,3,6-Tetramethyl-3-vinyl-3,4,4a,7,8,8a-hexahydro-1H-isochromene",0,0.0
LogisticRegression,100,594,1168_Unknown,0,0.0
LogisticRegression,100,595,1172_2-Cyanoquinoxaline,0,0.0
LogisticRegression,100,596,"1173_Spiro[5.5]undec-2-ene, 3,7,7-trimethyl-11-methylene-, (-)-",0,0.0
LogisticRegression,100,597,"1175_4,7-methano-1H-inden-5-ol, 3a,4,5,6,7,7a-hexahydro-, acetate",17,0.5666666666666667
LogisticRegression,100,598,"1177_2-Isopropenyl-4a,8-dimethyl-1,2,3,4,4a,5,6,8a-octahydronaphthalene",10,0.3333333333333333
LogisticRegression,100,599,1178_Nopyl acetate,0,0.0
LogisticRegression,100,600,1180_Unknown,1,0.03333333333333333
LogisticRegression,100,601,1184_Isosativene,1,0.03333333333333333
LogisticRegression,100,602,"1185_Ethanone, 1,1'-(1,4-phenylene)bis-",0,0.0
LogisticRegression,100,603,"1186_1,1,7,7a-Tetramethyl-1a,2,6,7,7a,7b-hexahydro-1H-cyclopropa[a]naphthalene",0,0.0
LogisticRegression,100,604,"1187_2-Butanone, 4-(2,6,6-trimethyl-1-cyclohexen-1-yl)-",0,0.0
LogisticRegression,100,605,1189_.gamma.-Neoclovene,2,0.06666666666666667
LogisticRegression,100,606,"1190_Quinoline, 1,2-dihydro-2,2,4-trimethyl-",0,0.0
LogisticRegression,100,607,1192_Unknown,0,0.0
LogisticRegression,100,608,1193_Unknown,0,0.0
LogisticRegression,100,609,"1196_(-)-Neoclovene-(I), dihydro-",0,0.0
LogisticRegression,100,610,"1197_Quinoline, 2,7-dimethyl-",1,0.03333333333333333
LogisticRegression,100,611,"1198_Phthalic acid, methyl neopentyl ester",0,0.0
LogisticRegression,100,612,"1200_Benzene, 1-(1,5-dimethylhexyl)-4-methyl-",21,0.7
LogisticRegression,100,613,1201_Dimethyl phthalate,0,0.0
LogisticRegression,100,614,1202_Biphenylene,0,0.0
LogisticRegression,100,615,1203_Unknown,1,0.03333333333333333
LogisticRegression,100,616,1204_Unknown,0,0.0
LogisticRegression,100,617,"1206_5,9-Undecadien-2-one, 6,10-dimethyl-, (E)-",2,0.06666666666666667
LogisticRegression,100,618,1208_Unknown,9,0.3
LogisticRegression,100,619,"1212_1-Cyclohexene, 1,3,3-trimethyl-2-(1-methylbut-1-en-3-on-1-yl)-",2,0.06666666666666667
LogisticRegression,100,620,1213_(-)-.alpha.-Panasinsen,0,0.0
LogisticRegression,100,621,1216_Unknown,0,0.0
LogisticRegression,100,622,"1217_Silane, trichlorooctadecyl-",0,0.0
LogisticRegression,100,623,1219_Unknown,0,0.0
LogisticRegression,100,624,"1220_2,5-cyclohexadien-1-one, 2,6-bis(1,1-dimethylethyl)-4-hydroxy-4-methyl-",0,0.0
LogisticRegression,100,625,"1221_1,2-Bis(trimethylsilyl)-4-methylbenzene",0,0.0
LogisticRegression,100,626,"1223_2,5-Cyclohexadiene-1,4-dione, 2,6-bis(1,1-dimethylethyl)-",0,0.0
LogisticRegression,100,627,1224_Unknown,0,0.0
LogisticRegression,100,628,1228_Unknown,7,0.23333333333333334
LogisticRegression,100,629,"1234_2,5-cyclohexadiene-1,4-dione, 2-(1,1-dimethylethyl)-5-(2-methyl-2-propen-1-yl)-",0,0.0
LogisticRegression,100,630,"1235_Cycloheptasiloxane, tetradecamethyl-",6,0.2
LogisticRegression,100,631,1237_Unknown,1,0.03333333333333333
LogisticRegression,100,632,"1241_Ethanone, 1-[4-(1-hydroxy-1-methylethyl)phenyl]-",0,0.0
LogisticRegression,100,633,"1242_Butanedioic acid, bis(2-methylpropyl) ester",0,0.0
LogisticRegression,100,634,"1243_Ppropiolic acid, 3-(1-hydroxy-2-isopropyl-5-methylcyclohexyl)-",0,0.0
LogisticRegression,100,635,1244_Unknown,1,0.03333333333333333
LogisticRegression,100,636,1247_Unknown,8,0.26666666666666666
LogisticRegression,100,637,1248_Dodecanenitrile,0,0.0
LogisticRegression,100,638,"1250_Octacosane, 1-iodo-",0,0.0
LogisticRegression,100,639,1251_Unknown,30,1.0
LogisticRegression,100,640,1252_n-Pentadecanol,0,0.0
LogisticRegression,100,641,1255_Unknown,0,0.0
LogisticRegression,100,642,1257_Pentadecane,6,0.2
LogisticRegression,100,643,1258_Butylated Hydroxytoluene,6,0.2
LogisticRegression,100,644,1259_Unknown,5,0.16666666666666666
LogisticRegression,100,645,1261_Unknown,0,0.0
LogisticRegression,100,646,1262_Unknown,0,0.0
LogisticRegression,100,647,"1263_2,4-Di-tert-butylphenol",0,0.0
LogisticRegression,100,648,1264_Unknown,0,0.0
LogisticRegression,100,649,1265_Unknown,0,0.0
LogisticRegression,100,650,1266_Unknown,16,0.5333333333333333
LogisticRegression,100,651,1267_Unknown,25,0.8333333333333334
LogisticRegression,100,652,1268_Bis(pentamethylcyclotrisiloxy)tetramethyldisiloxane,2,0.06666666666666667
LogisticRegression,100,653,1269_Unknown,0,0.0
LogisticRegression,100,654,1271_Unknown,20,0.6666666666666666
LogisticRegression,100,655,1274_Unknown,0,0.0
LogisticRegression,100,656,1277_Octadecyl octyl ether,25,0.8333333333333334
LogisticRegression,100,657,"1281_Eicosane, 1-iodo-",0,0.0
LogisticRegression,100,658,"1282_Benzoic acid, 4-ethoxy-, ethyl ester",0,0.0
LogisticRegression,100,659,1283_2-(1-Cyclohexenyl)cyclohexanone,1,0.03333333333333333
LogisticRegression,100,660,"1286_1-Dodecanol, 2-hexyl-",0,0.0
LogisticRegression,100,661,1290_Unknown,0,0.0
LogisticRegression,100,662,1293_Unknown,14,0.4666666666666667
LogisticRegression,100,663,1296_Unknown,0,0.0
LogisticRegression,100,664,1297_aR-Himachalene,0,0.0
LogisticRegression,100,665,1298_Unknown,4,0.13333333333333333
LogisticRegression,100,666,1300_Unknown,0,0.0
LogisticRegression,100,667,"1302_Adipic acid, di(but-2-en-1-yl) ester",0,0.0
LogisticRegression,100,668,1304_Unknown,0,0.0
LogisticRegression,100,669,"1305_Hexadecane, 2,6,11,15-tetramethyl-",0,0.0
LogisticRegression,100,670,"1308_Dotriacontane, 1-iodo-",0,0.0
LogisticRegression,100,671,"1312_Heptasiloxane, hexadecamethyl-",0,0.0
LogisticRegression,100,672,1314_Unknown,0,0.0
LogisticRegression,100,673,1315_Eicosane,0,0.0
LogisticRegression,100,674,"1319_Pentadecane, 4-methyl-",5,0.16666666666666666
LogisticRegression,100,675,1321_Dodecanoic acid,0,0.0
LogisticRegression,100,676,1323_Unknown,2,0.06666666666666667
LogisticRegression,100,677,"1324_Hexadecane, 7,9-dimethyl-",0,0.0
LogisticRegression,100,678,"1325_1-Adamantanecarboxylic acid, 2-adamantyl ester",0,0.0
LogisticRegression,100,679,1329_2-Methoxycarbonyl-2-methylbrendane,0,0.0
LogisticRegression,100,680,"1334_Glutaric acid, di(isobutyl) ester",0,0.0
LogisticRegression,100,681,1335_Unknown,1,0.03333333333333333
LogisticRegression,100,682,1336_Unknown,7,0.23333333333333334
LogisticRegression,100,683,"1338_4-tert-Butyl-2,6-diisopropylphenol",0,0.0
LogisticRegression,100,684,1339_Unknown,2,0.06666666666666667
LogisticRegression,100,685,1340_Diethyl Phthalate,0,0.0
LogisticRegression,100,686,1341_Unknown,2,0.06666666666666667
LogisticRegression,100,687,1342_Unknown,0,0.0
LogisticRegression,100,688,"1343_2,2,4-Trimethyl-1,3-pentanediol diisobutyrate",6,0.2
LogisticRegression,100,689,"1344_Phenol, 2,4,6-tri-tert-butyl-",1,0.03333333333333333
LogisticRegression,100,690,1345_Unknown,0,0.0
LogisticRegression,100,691,1347_Unknown,0,0.0
LogisticRegression,100,692,1353_Hexadecane,0,0.0
LogisticRegression,100,693,1354_Unknown,0,0.0
LogisticRegression,100,694,"1358_Cedrane, 8-propoxy-",0,0.0
LogisticRegression,100,695,1361_Tetradecanal,10,0.3333333333333333
LogisticRegression,100,696,1366_Unknown,0,0.0
LogisticRegression,100,697,1368_Benzophenone,0,0.0
LogisticRegression,100,698,1369_Unknown,0,0.0
LogisticRegression,100,699,1370_Unknown,0,0.0
LogisticRegression,100,700,"1371_Benzene, (1-butylheptyl)-",0,0.0
LogisticRegression,100,701,1372_Unknown,0,0.0
LogisticRegression,100,702,1374_Unknown,0,0.0
LogisticRegression,100,703,1375_Unknown,1,0.03333333333333333
LogisticRegression,100,704,"1376_Cyclooctasiloxane, hexadecamethyl-",5,0.16666666666666666
LogisticRegression,100,705,"1388_Pentadecane, 2,6,10-trimethyl-",1,0.03333333333333333
LogisticRegression,100,706,"1392_1,3,5-Triazine-2,4,6(1H,3H,5H)-trione, 1,3,5-tri-2-propenyl-",0,0.0
LogisticRegression,100,707,"1393_Fumaric acid, eicosyl trans-hex-3-enyl ester",0,0.0
LogisticRegression,100,708,1394_Unknown,0,0.0
LogisticRegression,100,709,1395_Unknown,0,0.0
LogisticRegression,100,710,"1406_Pyrene, hexadecahydro-",0,0.0
LogisticRegression,100,711,1407_Unknown,1,0.03333333333333333
LogisticRegression,100,712,"1408_Heptadecane, 2-methyl-",0,0.0
LogisticRegression,100,713,1410_Unknown,3,0.1
LogisticRegression,100,714,"1411_Phenol, 2,4-di-t-butyl-6-nitro-",0,0.0
LogisticRegression,100,715,1415_Unknown,1,0.03333333333333333
LogisticRegression,100,716,1419_Tetradecyl trifluoroacetate,0,0.0
LogisticRegression,100,717,"1433_3-Chloropropionic acid, heptadecyl ester",0,0.0
LogisticRegression,100,718,1434_Unknown,0,0.0
LogisticRegression,100,719,1435_Unknown,0,0.0
LogisticRegression,100,720,"1436_Pentanoic acid, 6-ethyl-3-octyl ester",0,0.0
LogisticRegression,100,721,1439_Unknown,0,0.0
LogisticRegression,100,722,1442_Unknown,29,0.9666666666666667
LogisticRegression,100,723,1443_Unknown,0,0.0
LogisticRegression,100,724,1444_Unknown,9,0.3
LogisticRegression,100,725,1445_Heptadecane,23,0.7666666666666667
LogisticRegression,100,726,"1448_Benzene, (3-iodo-1-methoxypropyl)-",0,0.0
LogisticRegression,100,727,"1452_Silane, diethoxydiphenyl-",0,0.0
LogisticRegression,100,728,1454_Unknown,9,0.3
LogisticRegression,100,729,1455_Unknown,0,0.0
LogisticRegression,100,730,1459_Pentadecanal-,0,0.0
LogisticRegression,100,731,"1464_2,6,11,15-Tetramethyl-hexadeca-2,6,8,10,14-pentaene",1,0.03333333333333333
LogisticRegression,100,732,"1465_1-Penten-3-one, 2-methyl-1-(2,2,6-trimethylcyclohexen-1-yl)-",0,0.0
LogisticRegression,100,733,1470_Hippuric acid,0,0.0
LogisticRegression,100,734,"1472_Benzenecarbothioic acid, S-ethyl ester",14,0.4666666666666667
LogisticRegression,100,735,1475_Unknown,0,0.0
LogisticRegression,100,736,"1481_Benzene, 1-(1,1-dimethylethyl)-4-phenoxy-",0,0.0
LogisticRegression,100,737,1484_Unknown,0,0.0
LogisticRegression,100,738,"1488_Octadecane, 1-iodo-",0,0.0
LogisticRegression,100,739,1492_Unknown,0,0.0
LogisticRegression,100,740,1493_Unknown,0,0.0
LogisticRegression,100,741,1499_Heneicosane,15,0.5
LogisticRegression,100,742,1501_Hexestrol,0,0.0
LogisticRegression,100,743,"1503_3,5-di-tert-Butyl-4-hydroxybenzaldehyde",0,0.0
LogisticRegression,100,744,1504_Unknown,0,0.0
LogisticRegression,100,745,1505_Unknown,2,0.06666666666666667
LogisticRegression,100,746,"1507_1,3-Cyclopentadiene, 5,5-dimethyl-1,2-Dipropyl-",0,0.0
LogisticRegression,100,747,1510_Unknown,0,0.0
LogisticRegression,100,748,1516_Tetradecanoic acid,3,0.1
LogisticRegression,100,749,"1526_.alpha.-Phellandrene, dimer",2,0.06666666666666667
LogisticRegression,100,750,1535_Unknown,0,0.0
LogisticRegression,100,751,"1556_Kaur-16-ene, (8.beta.,13.beta.)-",2,0.06666666666666667
LogisticRegression,100,752,1557_Unknown,0,0.0
LogisticRegression,100,753,"1563_Benzene, 1-methyl-4-(1,2,2-trimethylcyclopentyl)-, (R)-",1,0.03333333333333333
LogisticRegression,100,754,"1564_Acetophenone, 2,2-difluoro-2-phenyl-",6,0.2
LogisticRegression,100,755,1569_Unknown,0,0.0
LogisticRegression,100,756,"1570_Ethanedione, diphenyl-",0,0.0
LogisticRegression,100,757,1579_Isopropyl myristate,0,0.0
LogisticRegression,100,758,"1597_Benzenebutanal, .gamma.,4-dimethyl-",1,0.03333333333333333
LogisticRegression,100,759,1601_Unknown,8,0.26666666666666666
LogisticRegression,100,760,"1623_Bayer 28,589",0,0.0
LogisticRegression,100,761,1645_Palmitoleic acid,0,0.0
LogisticRegression,100,762,1650_Diisooctyl phthalate,0,0.0
LogisticRegression,100,763,"1653_1,2-Benzenedicarboxylic acid, bis(2-methylpropyl) ester",2,0.06666666666666667
LogisticRegression,100,764,1654_Tetracosane,0,0.0
LogisticRegression,100,765,1658_Unknown,0,0.0
LogisticRegression,100,766,"1660_l-(+)-Ascorbic acid 2,6-dihexadecanoate",0,0.0
LogisticRegression,100,767,1661_Unknown,0,0.0
LogisticRegression,100,768,"1663_7,11-Hexadecadienal",2,0.06666666666666667
LogisticRegression,100,769,1665_Unknown,1,0.03333333333333333
LogisticRegression,100,770,1667_Unknown,3,0.1
LogisticRegression,100,771,1670_Unknown,1,0.03333333333333333
LogisticRegression,100,772,1672_Bis(2-ethylhexyl) phthalate,1,0.03333333333333333
LogisticRegression,100,773,1698_Unknown,11,0.36666666666666664
LogisticRegression,100,774,1700_Dotriacontane,0,0.0
LogisticRegression,100,775,1707_Squalane,4,0.13333333333333333
LogisticRegression,100,776,1717_Unknown,0,0.0
LogisticRegression,100,777,"1718_1,1'-Binaphthalene, 5,5',6,6',7,7',8,8'-octahydro-",0,0.0
LogisticRegression,100,778,1720_Tritriacontane,0,0.0
LogisticRegression,100,779,1730_Cyclic octaatomic sulfur,0,0.0
LogisticRegression,200,0,"1_2-Butenal, (Z)-",6,0.2
LogisticRegression,200,1,2_Unknown,2,0.06666666666666667
LogisticRegression,200,2,3_Unknown,0,0.0
LogisticRegression,200,3,"4_4,5-Dihydrooxazole-5-one, 4-[4-acetoxy-3-methoxybenzylidene]-2-phenyl-",0,0.0
LogisticRegression,200,4,6_Cyclopropyl methyl carbinol,10,0.3333333333333333
LogisticRegression,200,5,7_Unknown,4,0.13333333333333333
LogisticRegression,200,6,9_Unknown,30,1.0
LogisticRegression,200,7,"11_Ethane, 1,2-dichloro-",1,0.03333333333333333
LogisticRegression,200,8,13_3-Methoxypropionic acid,6,0.2
LogisticRegression,200,9,14_Thiirane,4,0.13333333333333333
LogisticRegression,200,10,"17_Furan, 2,3-dihydro-4-methyl-",0,0.0
LogisticRegression,200,11,"18_Diborane(6), .mu.-mercapto-",4,0.13333333333333333
LogisticRegression,200,12,"19_Cyclohexane, (1,1-dimethylethyl)-",20,0.6666666666666666
LogisticRegression,200,13,20_Unknown,0,0.0
LogisticRegression,200,14,21_Unknown,0,0.0
LogisticRegression,200,15,23_Unknown,0,0.0
LogisticRegression,200,16,25_2-Oxo-6-(piperidine-1-sulfonyl)-benzooxazole-3-carboxylic acid 2-chloro-ethyl ester,0,0.0
LogisticRegression,200,17,"26_2-Propanol, 1-methoxy-",0,0.0
LogisticRegression,200,18,27_Unknown,5,0.16666666666666666
LogisticRegression,200,19,"28_Nonane, 5-methylene-",0,0.0
LogisticRegression,200,20,"29_Disiloxane, hexamethyl-",8,0.26666666666666666
LogisticRegression,200,21,33_Unknown,1,0.03333333333333333
LogisticRegression,200,22,"34_Butanal, 2-methyl-",30,1.0
LogisticRegression,200,23,35_Unknown,2,0.06666666666666667
LogisticRegression,200,24,36_1-Penten-3-one,30,1.0
LogisticRegression,200,25,37_Unknown,12,0.4
LogisticRegression,200,26,"38_Methoxyacetic acid, 2-tetrahydrofurylmethyl ester",17,0.5666666666666667
LogisticRegression,200,27,40_tert-Butylpentamethyldisiloxane,0,0.0
LogisticRegression,200,28,42_Triethylamine,30,1.0
LogisticRegression,200,29,44_Unknown,11,0.36666666666666664
LogisticRegression,200,30,"45_Pentane, 2,2,4-trimethyl-",13,0.43333333333333335
LogisticRegression,200,31,49_Unknown,3,0.1
LogisticRegression,200,32,50_Unknown,30,1.0
LogisticRegression,200,33,51_Unknown,0,0.0
LogisticRegression,200,34,53_Unknown,22,0.7333333333333333
LogisticRegression,200,35,"54_Heptanal, 2-methyl-",8,0.26666666666666666
LogisticRegression,200,36,56_Unknown,0,0.0
LogisticRegression,200,37,58_cis-1-Ethoxy-1-butene,21,0.7
LogisticRegression,200,38,60_Unknown,0,0.0
LogisticRegression,200,39,"61_2-Butanol, 3,3-dimethyl-4-dimethylamino-2-phenyl-",14,0.4666666666666667
LogisticRegression,200,40,62_Unknown,20,0.6666666666666666
LogisticRegression,200,41,66_Unknown,1,0.03333333333333333
LogisticRegression,200,42,68_Unknown,3,0.1
LogisticRegression,200,43,70_Trimethylene oxide,10,0.3333333333333333
LogisticRegression,200,44,71_Unknown,3,0.1
LogisticRegression,200,45,72_Unknown,1,0.03333333333333333
LogisticRegression,200,46,"74_1,4-Dioxane",0,0.0
LogisticRegression,200,47,75_Unknown,4,0.13333333333333333
LogisticRegression,200,48,"76_Ethane, methoxy-",3,0.1
LogisticRegression,200,49,78_Unknown,0,0.0
LogisticRegression,200,50,79_Unknown,29,0.9666666666666667
LogisticRegression,200,51,"80_Propionic acid, 2-mercapto-, allyl ester",0,0.0
LogisticRegression,200,52,"82_2-Cyclopenten-1-one, 3-methyl-",1,0.03333333333333333
LogisticRegression,200,53,"83_Ethanamine, N-ethyl-",2,0.06666666666666667
LogisticRegression,200,54,84_Unknown,0,0.0
LogisticRegression,200,55,"86_Silanediol, dimethyl-",0,0.0
LogisticRegression,200,56,87_Unknown,2,0.06666666666666667
LogisticRegression,200,57,"88_Sulfurous acid, dimethyl ester",1,0.03333333333333333
LogisticRegression,200,58,90_Unknown,20,0.6666666666666666
LogisticRegression,200,59,91_Unknown,28,0.9333333333333333
LogisticRegression,200,60,"92_Propane, 1-isothiocyanato-",0,0.0
LogisticRegression,200,61,93_Unknown,4,0.13333333333333333
LogisticRegression,200,62,"94_Cyclopentanemethanol, 3-methylene-",2,0.06666666666666667
LogisticRegression,200,63,97_Unknown,17,0.5666666666666667
LogisticRegression,200,64,"100_Formic acid, butyl ester",8,0.26666666666666666
LogisticRegression,200,65,"101_1,3-Propanediol",28,0.9333333333333333
LogisticRegression,200,66,"104_Ethane, 1,1-diethoxy-",1,0.03333333333333333
LogisticRegression,200,67,"107_Formic acid, 5-methylhex-2-yl ester",3,0.1
LogisticRegression,200,68,110_2-Heptene,1,0.03333333333333333
LogisticRegression,200,69,111_Unknown,10,0.3333333333333333
LogisticRegression,200,70,112_Unknown,3,0.1
LogisticRegression,200,71,114_Unknown,0,0.0
LogisticRegression,200,72,115_Unknown,25,0.8333333333333334
LogisticRegression,200,73,"117_Propane, 3,3-dichloro-1,1,1,2,2-pentafluoro-",1,0.03333333333333333
LogisticRegression,200,74,"119_2-Pentanol, 2-methyl-",2,0.06666666666666667
LogisticRegression,200,75,"120_Oxirane, 2-(1,1-dimethylethyl)-3-methyl-",0,0.0
LogisticRegression,200,76,121_Unknown,25,0.8333333333333334
LogisticRegression,200,77,122_Unknown,0,0.0
LogisticRegression,200,78,123_Unknown,8,0.26666666666666666
LogisticRegression,200,79,124_Unknown,0,0.0
LogisticRegression,200,80,125_Unknown,29,0.9666666666666667
LogisticRegression,200,81,"126_2,4-Pentadienenitrile",30,1.0
LogisticRegression,200,82,127_Unknown,20,0.6666666666666666
LogisticRegression,200,83,129_Unknown,9,0.3
LogisticRegression,200,84,"130_3-Oxa-bicyclo[3.2.0]hept-6-ene-2,4-dione",30,1.0
LogisticRegression,200,85,"131_2-Butenal, 2-methyl-, (E)-",4,0.13333333333333333
LogisticRegression,200,86,132_Pyridine,30,1.0
LogisticRegression,200,87,"133_Formic acid, 2-methylbutyl ester",30,1.0
LogisticRegression,200,88,134_Unknown,0,0.0
LogisticRegression,200,89,"135_Disulfide, dimethyl",1,0.03333333333333333
LogisticRegression,200,90,136_Unknown,15,0.5
LogisticRegression,200,91,"137_2-Butenal, 2-methyl-",30,1.0
LogisticRegression,200,92,138_Unknown,5,0.16666666666666666
LogisticRegression,200,93,139_Unknown,30,1.0
LogisticRegression,200,94,140_Unknown,3,0.1
LogisticRegression,200,95,145_Unknown,0,0.0
LogisticRegression,200,96,146_Unknown,12,0.4
LogisticRegression,200,97,"147_Methanamine, N,N-difluoro-",9,0.3
LogisticRegression,200,98,148_Propanoic acid,3,0.1
LogisticRegression,200,99,149_Unknown,0,0.0
LogisticRegression,200,100,150_Unknown,3,0.1
LogisticRegression,200,101,152_Unknown,0,0.0
LogisticRegression,200,102,153_Unknown,1,0.03333333333333333
LogisticRegression,200,103,154_Unknown,3,0.1
LogisticRegression,200,104,155_Tetraethylammonium chloride,2,0.06666666666666667
LogisticRegression,200,105,"160_Butanoic acid, 2-amino-4-(methylsulfinyl)-, (.+/-.)-",1,0.03333333333333333
LogisticRegression,200,106,161_Unknown,0,0.0
LogisticRegression,200,107,"162_3-Hexene, 2,2-dimethyl-, (Z)-",2,0.06666666666666667
LogisticRegression,200,108,169_Unknown,2,0.06666666666666667
LogisticRegression,200,109,170_Unknown,0,0.0
LogisticRegression,200,110,172_Toluene,1,0.03333333333333333
LogisticRegression,200,111,173_Unknown,1,0.03333333333333333
LogisticRegression,200,112,174_1-Methyl-1-ethoxycyclobutane,0,0.0
LogisticRegression,200,113,"176_Boron, trihydro(pyridine)-, (T-4)-",0,0.0
LogisticRegression,200,114,177_Unknown,0,0.0
LogisticRegression,200,115,178_Unknown,0,0.0
LogisticRegression,200,116,179_Unknown,0,0.0
LogisticRegression,200,117,"180_1-Penten-3-one, 2-methyl-",2,0.06666666666666667
LogisticRegression,200,118,181_Unknown,0,0.0
LogisticRegression,200,119,"182_2,2,4,4-Tetramethyloctane",0,0.0
LogisticRegression,200,120,183_Unknown,29,0.9666666666666667
LogisticRegression,200,121,184_Unknown,0,0.0
LogisticRegression,200,122,185_Unknown,15,0.5
LogisticRegression,200,123,"186_Butane, 2-cyclopropyl-",0,0.0
LogisticRegression,200,124,"188_2-Hexene, 3-methyl-, (Z)-",0,0.0
LogisticRegression,200,125,189_Unknown,0,0.0
LogisticRegression,200,126,190_Unknown,11,0.36666666666666664
LogisticRegression,200,127,"194_D-Erythro-Tetrofuranose-3-ulose, 4-C-cyclopropyl-1,2-O-isopropylidene-, .alpha.-",0,0.0
LogisticRegression,200,128,"203_1,3-Dioxolane, 2-ethyl-4-methyl-",0,0.0
LogisticRegression,200,129,205_Unknown,4,0.13333333333333333
LogisticRegression,200,130,207_Unknown,1,0.03333333333333333
LogisticRegression,200,131,209_Unknown,0,0.0
LogisticRegression,200,132,211_Unknown,2,0.06666666666666667
LogisticRegression,200,133,213_Unknown,30,1.0
LogisticRegression,200,134,214_Cyclopentanone,4,0.13333333333333333
LogisticRegression,200,135,"216_Propane, 1,3-dimethoxy-",28,0.9333333333333333
LogisticRegression,200,136,"217_1,3-Diisopropoxy-1,3-dimethyl-1,3-disilacyclobutane",18,0.6
LogisticRegression,200,137,218_Unknown,0,0.0
LogisticRegression,200,138,223_4-Ethylbenzamide,1,0.03333333333333333
LogisticRegression,200,139,"224_2-Methoxy-1,3-dioxolane",0,0.0
LogisticRegression,200,140,"226_4-Hexen-3-one, 4-methyl-",1,0.03333333333333333
LogisticRegression,200,141,"227_Pipecolic acid, N-propoxycarbonyl-, dodecyl ester",2,0.06666666666666667
LogisticRegression,200,142,"228_Cyclopentane, 1,2,4-trimethyl-, (1.alpha.,2.beta.,4.alpha.)-",26,0.8666666666666667
LogisticRegression,200,143,229_Unknown,5,0.16666666666666666
LogisticRegression,200,144,"230_3-Penten-2-one, 4-methyl-",21,0.7
LogisticRegression,200,145,231_Unknown,0,0.0
LogisticRegression,200,146,"232_Isovaleric acid, 3-methylbutyl-2 ester",2,0.06666666666666667
LogisticRegression,200,147,233_Unknown,17,0.5666666666666667
LogisticRegression,200,148,"234_Hexane, 2,2,4-trimethyl-",29,0.9666666666666667
LogisticRegression,200,149,235_3-Nonen-5-one,13,0.43333333333333335
LogisticRegression,200,150,236_Hexanal,0,0.0
LogisticRegression,200,151,"237_Ethanol, 2-propoxy-",1,0.03333333333333333
LogisticRegression,200,152,238_2-Methyl-4-methoxy-1-butanol,14,0.4666666666666667
LogisticRegression,200,153,"239_1-Butene, 2,3,3-trimethyl-",0,0.0
LogisticRegression,200,154,240_Tetrachloroethylene,0,0.0
LogisticRegression,200,155,243_Unknown,14,0.4666666666666667
LogisticRegression,200,156,247_Unknown,2,0.06666666666666667
LogisticRegression,200,157,249_Butanoic acid,4,0.13333333333333333
LogisticRegression,200,158,251_Unknown,23,0.7666666666666667
LogisticRegression,200,159,252_Unknown,0,0.0
LogisticRegression,200,160,"256_Propanoic acid, propyl ester",0,0.0
LogisticRegression,200,161,"259_Heptane, 3,4,5-trimethyl-",1,0.03333333333333333
LogisticRegression,200,162,"262_1,5-Dimethyl-6-oxa-bicyclo[3.1.0]hexane",0,0.0
LogisticRegression,200,163,263_Unknown,5,0.16666666666666666
LogisticRegression,200,164,"266_Acetic acid, butyl ester",1,0.03333333333333333
LogisticRegression,200,165,267_Unknown,1,0.03333333333333333
LogisticRegression,200,166,"268_Cyclotrisiloxane, hexamethyl-",13,0.43333333333333335
LogisticRegression,200,167,269_Unknown,24,0.8
LogisticRegression,200,168,270_Unknown,0,0.0
LogisticRegression,200,169,271_Unknown,27,0.9
LogisticRegression,200,170,"272_Butanoic acid, 2-oxo-, methyl ester",0,0.0
LogisticRegression,200,171,"273_1-Butyne, 3-chloro-",1,0.03333333333333333
LogisticRegression,200,172,"274_Hexane, 3,3-dimethyl-",2,0.06666666666666667
LogisticRegression,200,173,275_Unknown,2,0.06666666666666667
LogisticRegression,200,174,277_Unknown,30,1.0
LogisticRegression,200,175,283_3-Furaldehyde,6,0.2
LogisticRegression,200,176,286_Unknown,1,0.03333333333333333
LogisticRegression,200,177,288_4-Hexen-3-one,4,0.13333333333333333
LogisticRegression,200,178,290_Unknown,0,0.0
LogisticRegression,200,179,291_Tetrafluoromethane,30,1.0
LogisticRegression,200,180,"296_.beta.-D-Glucopyranose, 1,6-anhydro-",1,0.03333333333333333
LogisticRegression,200,181,300_Unknown,0,0.0
LogisticRegression,200,182,"301_Benzene, chloro-",15,0.5
LogisticRegression,200,183,302_Unknown,18,0.6
LogisticRegression,200,184,304_Unknown,5,0.16666666666666666
LogisticRegression,200,185,313_Unknown,27,0.9
LogisticRegression,200,186,316_2-Ethyl-5-propylcyclopentanone,0,0.0
LogisticRegression,200,187,317_Ethylbenzene,0,0.0
LogisticRegression,200,188,319_Unknown,24,0.8
LogisticRegression,200,189,320_Unknown,17,0.5666666666666667
LogisticRegression,200,190,321_4-Hydroxy-3-hexanone,0,0.0
LogisticRegression,200,191,"325_2,6-Octadiene-4,5-diol",2,0.06666666666666667
LogisticRegression,200,192,328_Unknown,0,0.0
LogisticRegression,200,193,"329_Succinic acid, but-3-yn-2-yl tetrahydrofurfuryl ester",11,0.36666666666666664
LogisticRegression,200,194,331_Unknown,28,0.9333333333333333
LogisticRegression,200,195,332_N-(2-Methoxyethyl)-tert-butylamine,0,0.0
LogisticRegression,200,196,333_Unknown,11,0.36666666666666664
LogisticRegression,200,197,334_Unknown,0,0.0
LogisticRegression,200,198,"335_2-Ethylthiolane, S,S-dioxide",1,0.03333333333333333
LogisticRegression,200,199,336_1-Methylcyclopropanemethanol,0,0.0
LogisticRegression,200,200,337_2-Methoxythiophene,0,0.0
LogisticRegression,200,201,338_1-Methoxycyclohexane,1,0.03333333333333333
LogisticRegression,200,202,"339_2H-Imidazole-2-thione, 1,3-dihydro-1-methyl-",1,0.03333333333333333
LogisticRegression,200,203,"340_Acetaldehyde, butylhydrazone",19,0.6333333333333333
LogisticRegression,200,204,341_Unknown,0,0.0
LogisticRegression,200,205,342_Unknown,10,0.3333333333333333
LogisticRegression,200,206,346_Unknown,29,0.9666666666666667
LogisticRegression,200,207,348_Unknown,13,0.43333333333333335
LogisticRegression,200,208,349_Unknown,7,0.23333333333333334
LogisticRegression,200,209,"350_Trisiloxane, octamethyl-",1,0.03333333333333333
LogisticRegression,200,210,351_Unknown,11,0.36666666666666664
LogisticRegression,200,211,353_3-Ethyl-2-nonanone,13,0.43333333333333335
LogisticRegression,200,212,"358_Ethanone, 1-(1-cyclohexen-1-yl)-",20,0.6666666666666666
LogisticRegression,200,213,"360_3,5-Octanedione, 2,2,4,7-tetramethyl-",5,0.16666666666666666
LogisticRegression,200,214,"361_1,2-Propanediol diformate",0,0.0
LogisticRegression,200,215,362_Hypoglycin,1,0.03333333333333333
LogisticRegression,200,216,363_Cyclohexylmethylsilane,0,0.0
LogisticRegression,200,217,364_3-Heptanone,0,0.0
LogisticRegression,200,218,365_Unknown,1,0.03333333333333333
LogisticRegression,200,219,370_o-Xylene,0,0.0
LogisticRegression,200,220,371_Unknown,5,0.16666666666666666
LogisticRegression,200,221,372_Unknown,26,0.8666666666666667
LogisticRegression,200,222,374_Unknown,29,0.9666666666666667
LogisticRegression,200,223,375_Unknown,2,0.06666666666666667
LogisticRegression,200,224,376_Unknown,0,0.0
LogisticRegression,200,225,"378_2,2,3-Triethyloxirane",22,0.7333333333333333
LogisticRegression,200,226,381_Unknown,30,1.0
LogisticRegression,200,227,"383_3,3-Dichloropropyne",30,1.0
LogisticRegression,200,228,385_n-Heptyl acrylate,0,0.0
LogisticRegression,200,229,"386_Cyclohexa-1,3-diene, 5,6-diethyl-",0,0.0
LogisticRegression,200,230,"387_2-Propenoic acid, butyl ester",1,0.03333333333333333
LogisticRegression,200,231,388_Unknown,0,0.0
LogisticRegression,200,232,389_3-Heptanol,0,0.0
LogisticRegression,200,233,390_Unknown,0,0.0
LogisticRegression,200,234,391_Unknown,0,0.0
LogisticRegression,200,235,"392_1-Butyl(dimethyl)silyloxy-2,2-dimethylpropane",25,0.8333333333333334
LogisticRegression,200,236,394_Unknown,29,0.9666666666666667
LogisticRegression,200,237,"395_Ethanol, 2-butoxy-",27,0.9
LogisticRegression,200,238,396_Heptanal,6,0.2
LogisticRegression,200,239,398_Unknown,0,0.0
LogisticRegression,200,240,"399_2-Hexanol, 5-methyl-",0,0.0
LogisticRegression,200,241,"401_2-Propanol, 1-methoxy-2-methyl-",0,0.0
LogisticRegression,200,242,403_Unknown,1,0.03333333333333333
LogisticRegression,200,243,405_Unknown,2,0.06666666666666667
LogisticRegression,200,244,406_Unknown,4,0.13333333333333333
LogisticRegression,200,245,407_Unknown,23,0.7666666666666667
LogisticRegression,200,246,409_Unknown,6,0.2
LogisticRegression,200,247,410_Unknown,0,0.0
LogisticRegression,200,248,"411_Propanoic acid, butyl ester",1,0.03333333333333333
LogisticRegression,200,249,412_Unknown,0,0.0
LogisticRegression,200,250,413_Unknown,4,0.13333333333333333
LogisticRegression,200,251,416_Unknown,2,0.06666666666666667
LogisticRegression,200,252,"422_1-Pentanol, TBDMS derivative",0,0.0
LogisticRegression,200,253,427_Unknown,16,0.5333333333333333
LogisticRegression,200,254,428_Unknown,0,0.0
LogisticRegression,200,255,"431_1-Hexyn-3-ol, 3-methyl-",0,0.0
LogisticRegression,200,256,434_Unknown,0,0.0
LogisticRegression,200,257,436_Unknown,25,0.8333333333333334
LogisticRegression,200,258,"438_Undecane, 5,5-dimethyl-",0,0.0
LogisticRegression,200,259,442_2-Cyclohexen-1-one,1,0.03333333333333333
LogisticRegression,200,260,446_Unknown,0,0.0
LogisticRegression,200,261,"449_Cyclohexane, 1,3-dimethyl-",0,0.0
LogisticRegression,200,262,450_Unknown,18,0.6
LogisticRegression,200,263,"451_2-Heptanone, 4-methyl-",0,0.0
LogisticRegression,200,264,454_Unknown,2,0.06666666666666667
LogisticRegression,200,265,459_Unknown,0,0.0
LogisticRegression,200,266,462_(-)-trans-Pinane,0,0.0
LogisticRegression,200,267,464_Unknown,5,0.16666666666666666
LogisticRegression,200,268,465_3-Ethyl-4-methylpentan-1-ol,30,1.0
LogisticRegression,200,269,"466_Hexanal, 3,3-dimethyl-",21,0.7
LogisticRegression,200,270,"471_Hexanal, 2-ethyl-",30,1.0
LogisticRegression,200,271,"474_2-Heptenal, (Z)-",30,1.0
LogisticRegression,200,272,475_Unknown,25,0.8333333333333334
LogisticRegression,200,273,476_Unknown,0,0.0
LogisticRegression,200,274,477_Unknown,2,0.06666666666666667
LogisticRegression,200,275,478_Unknown,30,1.0
LogisticRegression,200,276,479_3-Ethylcyclopentanone,5,0.16666666666666666
LogisticRegression,200,277,"480_Benzene, 1,1'-(1-methyl-1,2-ethanediyl)bis-",0,0.0
LogisticRegression,200,278,"483_2H-Pyran-3,4,5-triol, tetrahydro-2-methoxy-6-methyl-",6,0.2
LogisticRegression,200,279,484_Unknown,5,0.16666666666666666
LogisticRegression,200,280,"485_Nonane, 4-methyl-",0,0.0
LogisticRegression,200,281,"488_Tridecane, 6-methyl-",0,0.0
LogisticRegression,200,282,490_Unknown,0,0.0
LogisticRegression,200,283,"492_Pentadecane, 6-methyl-",25,0.8333333333333334
LogisticRegression,200,284,"495_Ethanol, 2,2'-oxybis-",0,0.0
LogisticRegression,200,285,496_(E)1-Allyl-2-methylcyclohexanol,29,0.9666666666666667
LogisticRegression,200,286,"497_4-Octanol, 2-methyl-",1,0.03333333333333333
LogisticRegression,200,287,500_Dibutylsulfamic acid,1,0.03333333333333333
LogisticRegression,200,288,"501_5-Ethyl-2,4-nonandione",2,0.06666666666666667
LogisticRegression,200,289,"502_Oxalic acid, butyl 2-ethylhexyl ester",0,0.0
LogisticRegression,200,290,503_5-Nonanol,0,0.0
LogisticRegression,200,291,"507_Formic acid, heptyl ester",0,0.0
LogisticRegression,200,292,508_Unknown,0,0.0
LogisticRegression,200,293,510_Unknown,29,0.9666666666666667
LogisticRegression,200,294,511_Unknown,17,0.5666666666666667
LogisticRegression,200,295,512_Unknown,7,0.23333333333333334
LogisticRegression,200,296,513_Unknown,0,0.0
LogisticRegression,200,297,516_1-Decen-3-one,6,0.2
LogisticRegression,200,298,521_Unknown,0,0.0
LogisticRegression,200,299,522_Unknown,30,1.0
LogisticRegression,200,300,523_Benzonitrile,10,0.3333333333333333
LogisticRegression,200,301,"524_3-Pentenoic acid, 4-methyl-",0,0.0
LogisticRegression,200,302,525_1-Octen-3-ol,23,0.7666666666666667
LogisticRegression,200,303,"527_Dodecane, 2,2,11,11-tetramethyl-",5,0.16666666666666666
LogisticRegression,200,304,528_Phenol,0,0.0
LogisticRegression,200,305,531_Unknown,3,0.1
LogisticRegression,200,306,533_Unknown,30,1.0
LogisticRegression,200,307,535_Unknown,1,0.03333333333333333
LogisticRegression,200,308,"536_Propanoic acid, 2,2-dimethyl-, cesium salt",13,0.43333333333333335
LogisticRegression,200,309,537_Hexanoic acid,2,0.06666666666666667
LogisticRegression,200,310,"538_Cyclotetrasiloxane, octamethyl-",0,0.0
LogisticRegression,200,311,540_Unknown,30,1.0
LogisticRegression,200,312,543_Unknown,29,0.9666666666666667
LogisticRegression,200,313,544_2-Octanone,28,0.9333333333333333
LogisticRegression,200,314,545_Unknown,0,0.0
LogisticRegression,200,315,"546_Benzene, 1,2,3-trimethyl-",25,0.8333333333333334
LogisticRegression,200,316,548_4-Octanol,0,0.0
LogisticRegression,200,317,549_Unknown,0,0.0
LogisticRegression,200,318,"551_2-Methyl-1,6-dioxaspiro[4.4]nonane",27,0.9
LogisticRegression,200,319,552_Unknown,0,0.0
LogisticRegression,200,320,561_Unknown,3,0.1
LogisticRegression,200,321,565_Propanenitrile,2,0.06666666666666667
LogisticRegression,200,322,566_Unknown,1,0.03333333333333333
LogisticRegression,200,323,567_Decane,1,0.03333333333333333
LogisticRegression,200,324,569_Octanal,26,0.8666666666666667
LogisticRegression,200,325,570_Unknown,0,0.0
LogisticRegression,200,326,"571_Ethanol, 2-(2-ethoxyethoxy)-",2,0.06666666666666667
LogisticRegression,200,327,572_Unknown,18,0.6
LogisticRegression,200,328,"574_2-Octanol, (S)-",30,1.0
LogisticRegression,200,329,"575_Cyclopentene, 1,4-dimethyl-5-(1-methylethyl)-",20,0.6666666666666666
LogisticRegression,200,330,584_Unknown,0,0.0
LogisticRegression,200,331,"586_Benzene, 1,2,4-trimethyl-",0,0.0
LogisticRegression,200,332,"588_Propanenitrile, 2,2'-azobis[2-methyl-",29,0.9666666666666667
LogisticRegression,200,333,589_Unknown,1,0.03333333333333333
LogisticRegression,200,334,"590_2-Propanol, 1-(2-ethoxypropoxy)-",1,0.03333333333333333
LogisticRegression,200,335,"591_Silane, triethylfluoro-",0,0.0
LogisticRegression,200,336,592_Tetramethylbutanedinitrile,6,0.2
LogisticRegression,200,337,593_Unknown,0,0.0
LogisticRegression,200,338,598_Unknown,1,0.03333333333333333
LogisticRegression,200,339,602_Unknown,0,0.0
LogisticRegression,200,340,605_D-Limonene,5,0.16666666666666666
LogisticRegression,200,341,606_Unknown,8,0.26666666666666666
LogisticRegression,200,342,608_2-Propyl-1-pentanol,3,0.1
LogisticRegression,200,343,609_Unknown,21,0.7
LogisticRegression,200,344,610_Unknown,12,0.4
LogisticRegression,200,345,611_Unknown,0,0.0
LogisticRegression,200,346,613_Unknown,0,0.0
LogisticRegression,200,347,"614_Butanedioic acid, dimethyl ester",10,0.3333333333333333
LogisticRegression,200,348,615_Unknown,17,0.5666666666666667
LogisticRegression,200,349,616_Unknown,0,0.0
LogisticRegression,200,350,619_1-(1'-pyrrolidinyl)-2-butanone,0,0.0
LogisticRegression,200,351,"620_1,3,2-Dioxaborolane, 2,4-diethyl-",5,0.16666666666666666
LogisticRegression,200,352,621_Benzyl alcohol,0,0.0
LogisticRegression,200,353,"623_3-Benzofurancarboxaldehyde, 2,3-dihydro-3-methyl-",30,1.0
LogisticRegression,200,354,"624_Cyclopropanecarboxylic acid,4-methylpentyl ester",2,0.06666666666666667
LogisticRegression,200,355,"626_3,5-Octadien-2-ol",6,0.2
LogisticRegression,200,356,627_3-Ethyl-3-heptanol,0,0.0
LogisticRegression,200,357,"629_Benzaldehyde, 2-hydroxy-",1,0.03333333333333333
LogisticRegression,200,358,630_Unknown,21,0.7
LogisticRegression,200,359,632_Unknown,0,0.0
LogisticRegression,200,360,634_Unknown,0,0.0
LogisticRegression,200,361,"635_2,4,6-Cycloheptatrien-1-one, 4-methyl-",29,0.9666666666666667
LogisticRegression,200,362,"636_2-Propenoic acid, 2-methyl-, 2-hydroxypropyl ester",0,0.0
LogisticRegression,200,363,"637_4,4'-Bi-1,3,2-dioxaborolane, 2,2'-diethyl-",0,0.0
LogisticRegression,200,364,"640_1-Hexanol, 3,5,5-trimethyl-",0,0.0
LogisticRegression,200,365,"645_Nonane, 5-methyl-5-propyl-",1,0.03333333333333333
LogisticRegression,200,366,"648_Succinic acid, tridec-2-yn-1-yl 3-methylbut-3-en-1-yl ester",1,0.03333333333333333
LogisticRegression,200,367,"649_2(3H)-Furanone, 5-ethyldihydro-",0,0.0
LogisticRegression,200,368,"650_1,2,4,5-Tetrazine, 1,4-dibutylhexahydro-",0,0.0
LogisticRegression,200,369,651_Unknown,30,1.0
LogisticRegression,200,370,"654_Pentanal, 5-[(tetrahydro-2H-pyran-2-yl)oxy]-",1,0.03333333333333333
LogisticRegression,200,371,658_Unknown,0,0.0
LogisticRegression,200,372,660_Unknown,0,0.0
LogisticRegression,200,373,"663_2,5-Hexanediol, 2,5-dimethyl-",15,0.5
LogisticRegression,200,374,664_Unknown,2,0.06666666666666667
LogisticRegression,200,375,"666_4,7-Methano-1H-indene, octahydro-",30,1.0
LogisticRegression,200,376,668_Phenylglyoxal,2,0.06666666666666667
LogisticRegression,200,377,"670_Aniline, N-methyl-",6,0.2
LogisticRegression,200,378,672_Acetophenone,4,0.13333333333333333
LogisticRegression,200,379,675_Cyclooctyl alcohol,2,0.06666666666666667
LogisticRegression,200,380,"677_Decane, 3-methyl-",2,0.06666666666666667
LogisticRegression,200,381,680_Unknown,6,0.2
LogisticRegression,200,382,"681_7-Octen-2-ol, 2,6-dimethyl-",0,0.0
LogisticRegression,200,383,"683_Formic acid, octyl ester",28,0.9333333333333333
LogisticRegression,200,384,684_Decyl octyl ether,30,1.0
LogisticRegression,200,385,687_Unknown,2,0.06666666666666667
LogisticRegression,200,386,"688_Terephthalic acid, 2-methoxyethyl propyl ester",0,0.0
LogisticRegression,200,387,"689_Arsenous acid, tris(trimethylsilyl) ester",1,0.03333333333333333
LogisticRegression,200,388,"693_Hexane, 2,5-dimethoxy-2,5-dimethyl-",5,0.16666666666666666
LogisticRegression,200,389,695_Unknown,5,0.16666666666666666
LogisticRegression,200,390,"696_Silicic acid, diethyl bis(trimethylsilyl) ester",0,0.0
LogisticRegression,200,391,"697_Benzene, 2-ethyl-1,4-dimethyl-",1,0.03333333333333333
LogisticRegression,200,392,"698_1,6-Dioxaspiro[4.4]nonane, 2-ethyl-",0,0.0
LogisticRegression,200,393,701_(+)-4-Carene,29,0.9666666666666667
LogisticRegression,200,394,703_Lethane,5,0.16666666666666666
LogisticRegression,200,395,706_2-Butoxyethyl acetate,0,0.0
LogisticRegression,200,396,"709_4-Heptanol, 2,6-dimethyl-",11,0.36666666666666664
LogisticRegression,200,397,711_2-Nonanone,10,0.3333333333333333
LogisticRegression,200,398,712_Unknown,0,0.0
LogisticRegression,200,399,713_Unknown,2,0.06666666666666667
LogisticRegression,200,400,"714_Benzoic acid, methyl ester",0,0.0
LogisticRegression,200,401,"715_2,5-Furandione, 3-(1,1-dimethylethyl)-",0,0.0
LogisticRegression,200,402,716_Unknown,1,0.03333333333333333
LogisticRegression,200,403,"717_1-Hexadecen-3-ol, 3,5,11,15-tetramethyl-",0,0.0
LogisticRegression,200,404,720_Linalool,4,0.13333333333333333
LogisticRegression,200,405,724_Unknown,23,0.7666666666666667
LogisticRegression,200,406,726_Unknown,4,0.13333333333333333
LogisticRegression,200,407,"728_2-Cyclohexen-1-one, 3,6-dimethyl-6-(1-methylethyl)-",2,0.06666666666666667
LogisticRegression,200,408,729_Unknown,17,0.5666666666666667
LogisticRegression,200,409,730_Unknown,29,0.9666666666666667
LogisticRegression,200,410,732_Nonanal,30,1.0
LogisticRegression,200,411,738_Unknown,6,0.2
LogisticRegression,200,412,742_Unknown,0,0.0
LogisticRegression,200,413,"743_Benzene, 1,3-dichloro-2-methyl-",4,0.13333333333333333
LogisticRegression,200,414,744_Unknown,16,0.5333333333333333
LogisticRegression,200,415,746_Unknown,30,1.0
LogisticRegression,200,416,749_Isophorone,2,0.06666666666666667
LogisticRegression,200,417,"752_Hexanoic acid, 2-ethyl-",28,0.9333333333333333
LogisticRegression,200,418,753_Unknown,0,0.0
LogisticRegression,200,419,754_Unknown,0,0.0
LogisticRegression,200,420,"755_Undecane, 3,8-dimethyl-",1,0.03333333333333333
LogisticRegression,200,421,758_Unknown,30,1.0
LogisticRegression,200,422,760_Unknown,29,0.9666666666666667
LogisticRegression,200,423,"771_1H-Indene, 2,3-dihydro-5-methyl-",22,0.7333333333333333
LogisticRegression,200,424,772_Unknown,10,0.3333333333333333
LogisticRegression,200,425,"777_Cyclopentasiloxane, decamethyl-",14,0.4666666666666667
LogisticRegression,200,426,778_Unknown,7,0.23333333333333334
LogisticRegression,200,427,779_Unknown,0,0.0
LogisticRegression,200,428,"781_trans-1,2-Dimethylsilacyclohexane",0,0.0
LogisticRegression,200,429,"782_2,6-Dihydroxyacetophenone, 2TMS derivative",2,0.06666666666666667
LogisticRegression,200,430,"783_Cyclohexanol, 1-butyl-",0,0.0
LogisticRegression,200,431,"784_1,1,3,3,5,5,7,7-Octamethyl-7-(2-methylpropoxy)tetrasiloxan-1-ol",30,1.0
LogisticRegression,200,432,785_Unknown,1,0.03333333333333333
LogisticRegression,200,433,"787_Acetamide, 2-(3-cyano-4-methoxymethyl-6-methylpyridin-2-ylsulfanyl)-N-(3-trifluoromethylphenyl)-",26,0.8666666666666667
LogisticRegression,200,434,"793_Hexadecanal, 2-methyl-",3,0.1
LogisticRegression,200,435,794_(R)-(+)-1-Phenyl-1-propanol,0,0.0
LogisticRegression,200,436,"795_2(3H)-Furanone, dihydro-5-propyl-",4,0.13333333333333333
LogisticRegression,200,437,796_Unknown,0,0.0
LogisticRegression,200,438,"799_2(3H)-Furanone, 5-heptyldihydro-",0,0.0
LogisticRegression,200,439,"802_Silane, cyclohexyldimethoxymethyl-",0,0.0
LogisticRegression,200,440,"804_2,6-Dimethyldecane",6,0.2
LogisticRegression,200,441,805_Unknown,0,0.0
LogisticRegression,200,442,"807_Benzene, (2-methylbutyl)-",23,0.7666666666666667
LogisticRegression,200,443,809_Unknown,9,0.3
LogisticRegression,200,444,"813_2-Nonenal, (E)-",0,0.0
LogisticRegression,200,445,"815_Acetic acid, phenylmethyl ester",8,0.26666666666666666
LogisticRegression,200,446,819_Unknown,18,0.6
LogisticRegression,200,447,820_Benzoic acid,0,0.0
LogisticRegression,200,448,824_Unknown,5,0.16666666666666666
LogisticRegression,200,449,826_Unknown,16,0.5333333333333333
LogisticRegression,200,450,"827_p-Acetophenetidide, N-methyl-",24,0.8
LogisticRegression,200,451,"828_Phenol, 2,4-dimethyl-",3,0.1
LogisticRegression,200,452,832_trans-2-Dodecen-1-ol,27,0.9
LogisticRegression,200,453,834_Unknown,23,0.7666666666666667
LogisticRegression,200,454,835_1-Nonanol,29,0.9666666666666667
LogisticRegression,200,455,838_Terpinen-4-ol,8,0.26666666666666666
LogisticRegression,200,456,845_3-Decanone,29,0.9666666666666667
LogisticRegression,200,457,"846_Ethanol, 1-(2-butoxyethoxy)-",18,0.6
LogisticRegression,200,458,847_Unknown,1,0.03333333333333333
LogisticRegression,200,459,"848_Benzenemethanol, .alpha.-methyl-, acetate",24,0.8
LogisticRegression,200,460,849_Unknown,0,0.0
LogisticRegression,200,461,851_Unknown,30,1.0
LogisticRegression,200,462,853_Unknown,18,0.6
LogisticRegression,200,463,858_2-Decanone,4,0.13333333333333333
LogisticRegression,200,464,"863_1-Buten-3-one, 1-(2-carboxy-4,4-dimethylcyclobutenyl)-",0,0.0
LogisticRegression,200,465,865_Unknown,0,0.0
LogisticRegression,200,466,872_Unknown,22,0.7333333333333333
LogisticRegression,200,467,874_Unknown,1,0.03333333333333333
LogisticRegression,200,468,875_4-n-Propylbenzoic acid,30,1.0
LogisticRegression,200,469,877_Unknown,22,0.7333333333333333
LogisticRegression,200,470,878_Unknown,13,0.43333333333333335
LogisticRegression,200,471,879_Unknown,30,1.0
LogisticRegression,200,472,880_Unknown,2,0.06666666666666667
LogisticRegression,200,473,887_Unknown,30,1.0
LogisticRegression,200,474,"888_Benzaldehyde, 2,4-dimethyl-",1,0.03333333333333333
LogisticRegression,200,475,889_Dodecyl nonyl ether,4,0.13333333333333333
LogisticRegression,200,476,891_Unknown,2,0.06666666666666667
LogisticRegression,200,477,892_Unknown,19,0.6333333333333333
LogisticRegression,200,478,"894_2,4-Nonadienal, (E,E)-",0,0.0
LogisticRegression,200,479,"897_2,3,4,6-Tetrahydroisoquinolin-6-one, 1-[4-hydroxybenzyl]-7-methoxy-",0,0.0
LogisticRegression,200,480,900_Benzothiazole,3,0.1
LogisticRegression,200,481,903_Unknown,0,0.0
LogisticRegression,200,482,906_Unknown,1,0.03333333333333333
LogisticRegression,200,483,"907_2-Propenoic acid, 6-methylheptyl ester",15,0.5
LogisticRegression,200,484,908_Unknown,0,0.0
LogisticRegression,200,485,911_Unknown,30,1.0
LogisticRegression,200,486,"912_Cyclohexane, isothiocyanato-",5,0.16666666666666666
LogisticRegression,200,487,"914_Pentasiloxane, dodecamethyl-",11,0.36666666666666664
LogisticRegression,200,488,917_Unknown,30,1.0
LogisticRegression,200,489,934_Unknown,16,0.5333333333333333
LogisticRegression,200,490,"936_Silane, trimethyl(3-methyl-1-butynyl)-",2,0.06666666666666667
LogisticRegression,200,491,938_Unknown,1,0.03333333333333333
LogisticRegression,200,492,940_Unknown,1,0.03333333333333333
LogisticRegression,200,493,943_Unknown,8,0.26666666666666666
LogisticRegression,200,494,"944_Benzene, 1,3-bis(1,1-dimethylethyl)-",4,0.13333333333333333
LogisticRegression,200,495,947_Geraniol,0,0.0
LogisticRegression,200,496,"948_2,6,10-Trimethyltridecane",0,0.0
LogisticRegression,200,497,"949_Heptadecane, 2,6,10,15-tetramethyl-",3,0.1
LogisticRegression,200,498,"950_Acetic acid, chloro-, 2-phenylethyl ester",22,0.7333333333333333
LogisticRegression,200,499,"952_Sulfurous acid, 2-ethylhexyl undecyl ester",19,0.6333333333333333
LogisticRegression,200,500,"958_1H-Indene, 2,3-dihydro-1,1-dimethyl-",1,0.03333333333333333
LogisticRegression,200,501,960_Unknown,0,0.0
LogisticRegression,200,502,962_Unknown,18,0.6
LogisticRegression,200,503,963_Unknown,1,0.03333333333333333
LogisticRegression,200,504,966_Unknown,9,0.3
LogisticRegression,200,505,"967_2-Decenal, (E)-",5,0.16666666666666666
LogisticRegression,200,506,968_Unknown,0,0.0
LogisticRegression,200,507,974_Unknown,0,0.0
LogisticRegression,200,508,"976_Benzoic acid, 2-hydroxy-, ethyl ester",14,0.4666666666666667
LogisticRegression,200,509,977_Nonanoic acid,2,0.06666666666666667
LogisticRegression,200,510,980_Unknown,1,0.03333333333333333
LogisticRegression,200,511,"983_Benzaldehyde, 4-propyl-",0,0.0
LogisticRegression,200,512,984_1-Decanol,1,0.03333333333333333
LogisticRegression,200,513,"990_3,4-Dimethylcumene",1,0.03333333333333333
LogisticRegression,200,514,995_Unknown,2,0.06666666666666667
LogisticRegression,200,515,"1002_3-Picoline, 5-(tert-butylthio)-",12,0.4
LogisticRegression,200,516,1010_Unknown,0,0.0
LogisticRegression,200,517,"1011_Naphthalene, 1,2,3,4-tetrahydro-1,8-dimethyl-",0,0.0
LogisticRegression,200,518,"1012_Phenol, 2-methyl-5-(1-methylethyl)-",0,0.0
LogisticRegression,200,519,1013_Unknown,23,0.7666666666666667
LogisticRegression,200,520,"1014_1H-Pyrazole, 3-ethyl-4,5-dihydro-1,4-dimethyl-",4,0.13333333333333333
LogisticRegression,200,521,"1016_Benzothiazole, 2-methyl-",2,0.06666666666666667
LogisticRegression,200,522,"1017_Naphthalene, 1-methyl-",1,0.03333333333333333
LogisticRegression,200,523,1019_Unknown,17,0.5666666666666667
LogisticRegression,200,524,"1022_2-Cyclohexen-1-one, 4-butyl-3-methoxy-",30,1.0
LogisticRegression,200,525,1024_Unknown,0,0.0
LogisticRegression,200,526,1026_Unknown,0,0.0
LogisticRegression,200,527,"1032_Carbonic acid, tetradecyl vinyl ester",0,0.0
LogisticRegression,200,528,"1033_Cyclohexasiloxane, dodecamethyl-",13,0.43333333333333335
LogisticRegression,200,529,"1034_.beta.-Hydroxypyruvic acid, trimethylsilyl ether, trimethylsilyl ester",1,0.03333333333333333
LogisticRegression,200,530,1036_Unknown,0,0.0
LogisticRegression,200,531,1041_Unknown,5,0.16666666666666666
LogisticRegression,200,532,"1042_Ethanone, 1-[4-(1-methylethyl)phenyl]-",7,0.23333333333333334
LogisticRegression,200,533,"1044_Ethanone, 1-(2,4,5-trimethylphenyl)-",2,0.06666666666666667
LogisticRegression,200,534,1046_2-Bromo dodecane,1,0.03333333333333333
LogisticRegression,200,535,1047_3-tert-Butyl-2-pyrazolin-5-one,6,0.2
LogisticRegression,200,536,1051_Unknown,8,0.26666666666666666
LogisticRegression,200,537,"1052_1,3-Cyclohexadiene-1-carboxaldehyde, 2,6,6-trimethyl-",26,0.8666666666666667
LogisticRegression,200,538,1053_Unknown,23,0.7666666666666667
LogisticRegression,200,539,1056_Unknown,0,0.0
LogisticRegression,200,540,1057_Unknown,1,0.03333333333333333
LogisticRegression,200,541,1059_Unknown,1,0.03333333333333333
LogisticRegression,200,542,"1060_Cyclohexanol, 4-(1,1-dimethylethyl)-, acetate, cis-",0,0.0
LogisticRegression,200,543,"1061_Benzene, 3-cyclohexen-1-yl-",2,0.06666666666666667
LogisticRegression,200,544,1062_Unknown,3,0.1
LogisticRegression,200,545,"1064_(-)-1,2,2.alpha.,3,3,4,6,7,8,8.alpha.-decahydro-2.alpha.,7,8-trimethylacenaphthylene",5,0.16666666666666666
LogisticRegression,200,546,"1066_Hexanamide, N-methallyl-",2,0.06666666666666667
LogisticRegression,200,547,1067_Cedrene-V6,24,0.8
LogisticRegression,200,548,1068_Unknown,9,0.3
LogisticRegression,200,549,1070_Unknown,0,0.0
LogisticRegression,200,550,"1071_2,4,4-Trimethyl-3-(3-methylbutyl)cyclohex-2-enone",0,0.0
LogisticRegression,200,551,1072_Unknown,1,0.03333333333333333
LogisticRegression,200,552,1073_Unknown,6,0.2
LogisticRegression,200,553,"1074_Benzene, 1-(1,1-dimethylethyl)-3-ethyl-",0,0.0
LogisticRegression,200,554,"1077_Sulfurous acid, cyclohexylmethyl heptadecyl ester",5,0.16666666666666666
LogisticRegression,200,555,"1080_Tricyclo[5.4.0.0(2,8)]undec-9-ene, 2,6,6,9-tetramethyl-, (1R,2S,7R,8R)-",0,0.0
LogisticRegression,200,556,"1083_2,7-Imino-3,6-methanonaphthalene, decahydro-",9,0.3
LogisticRegression,200,557,"1084_(1R,3aS,4aS,8aS)-1,4,4,6-Tetramethyl-1,2,3,3a,4,4a,7,8-octahydrocyclopenta[1,4]cyclobuta[1,2]benzene",4,0.13333333333333333
LogisticRegression,200,558,"1090_Phenol, 2-(1,1-dimethylethyl)-6-methyl-",10,0.3333333333333333
LogisticRegression,200,559,1091_Unknown,27,0.9
LogisticRegression,200,560,1093_Unknown,0,0.0
LogisticRegression,200,561,"1094_Heptacosane, 1-chloro-",2,0.06666666666666667
LogisticRegression,200,562,1097_Unknown,13,0.43333333333333335
LogisticRegression,200,563,1099_2-Undecenal,1,0.03333333333333333
LogisticRegression,200,564,"1100_Ethanone, 1-[4-(1-methylethenyl)phenyl]-",0,0.0
LogisticRegression,200,565,1102_N-(tert-Butyldimethylsilyl)-9-ethyl-9H-carbazol-3-amine,0,0.0
LogisticRegression,200,566,"1103_Ethanone, 1-(2,3-dihydro-1H-inden-5-yl)-",3,0.1
LogisticRegression,200,567,1106_o-tert-Butyl cyclohexyl acetate 1,14,0.4666666666666667
LogisticRegression,200,568,1111_Butyl benzoate,26,0.8666666666666667
LogisticRegression,200,569,"1112_Acetic acid, trifluoro-, undecyl ester",10,0.3333333333333333
LogisticRegression,200,570,1117_Unknown,29,0.9666666666666667
LogisticRegression,200,571,1119_Longifolene-(V4),0,0.0
LogisticRegression,200,572,1121_Unknown,19,0.6333333333333333
LogisticRegression,200,573,"1125_2,4,4,6,6,8,8-Heptamethyl-1-nonene",22,0.7333333333333333
LogisticRegression,200,574,1127_Unknown,1,0.03333333333333333
LogisticRegression,200,575,"1130_2-Butanone, 1-(1,3-benzodioxol-5-yl)-",1,0.03333333333333333
LogisticRegression,200,576,1131_Unknown,25,0.8333333333333334
LogisticRegression,200,577,1133_2-Dodecanone,2,0.06666666666666667
LogisticRegression,200,578,1134_Unknown,6,0.2
LogisticRegression,200,579,"1135_Hexasiloxane, tetradecamethyl-",2,0.06666666666666667
LogisticRegression,200,580,"1138_Bicyclo[4.4.0]dec-1-ene, 2-isopropyl-5-methyl-9-methylene-",25,0.8333333333333334
LogisticRegression,200,581,1139_Unknown,30,1.0
LogisticRegression,200,582,1140_Unknown,13,0.43333333333333335
LogisticRegression,200,583,1141_Diphenyl ether,11,0.36666666666666664
LogisticRegression,200,584,"1145_2,3-Dihydro-1H-cyclopenta[b]quinoxaline",4,0.13333333333333333
LogisticRegression,200,585,1147_Unknown,3,0.1
LogisticRegression,200,586,1148_Unknown,25,0.8333333333333334
LogisticRegression,200,587,1149_Unknown,23,0.7666666666666667
LogisticRegression,200,588,"1150_1H-3a,7-Methanoazulene, octahydro-1,4,9,9-tetramethyl-, (1.alpha.,3a.alpha.,4.beta.,7.alpha.,8a.beta.)-",23,0.7666666666666667
LogisticRegression,200,589,"1151_1H-Cycloprop[e]azulene, decahydro-1,1,4,7-tetramethyl-",11,0.36666666666666664
LogisticRegression,200,590,"1157_2,4,8-Trimethyl-1,2,3,4-tetrahydroquinoline",0,0.0
LogisticRegression,200,591,"1159_5-Azulenemethanol, 1,2,3,4,5,6,7,8-octahydro-.alpha.,.alpha.,3,8-tetramethyl-, acetate, [3S-(3.alpha.,5.alpha.,8.alpha.)]-",4,0.13333333333333333
LogisticRegression,200,592,"1163_10,10-Dimethyl-4-acetyl-tricyclo[5.2.1.0(1,5)]decane",27,0.9
LogisticRegression,200,593,"1167_(3S,4aR,8aS)-1,1,3,6-Tetramethyl-3-vinyl-3,4,4a,7,8,8a-hexahydro-1H-isochromene",1,0.03333333333333333
LogisticRegression,200,594,1168_Unknown,0,0.0
LogisticRegression,200,595,1172_2-Cyanoquinoxaline,5,0.16666666666666666
LogisticRegression,200,596,"1173_Spiro[5.5]undec-2-ene, 3,7,7-trimethyl-11-methylene-, (-)-",2,0.06666666666666667
LogisticRegression,200,597,"1175_4,7-methano-1H-inden-5-ol, 3a,4,5,6,7,7a-hexahydro-, acetate",27,0.9
LogisticRegression,200,598,"1177_2-Isopropenyl-4a,8-dimethyl-1,2,3,4,4a,5,6,8a-octahydronaphthalene",25,0.8333333333333334
LogisticRegression,200,599,1178_Nopyl acetate,0,0.0
LogisticRegression,200,600,1180_Unknown,14,0.4666666666666667
LogisticRegression,200,601,1184_Isosativene,7,0.23333333333333334
LogisticRegression,200,602,"1185_Ethanone, 1,1'-(1,4-phenylene)bis-",1,0.03333333333333333
LogisticRegression,200,603,"1186_1,1,7,7a-Tetramethyl-1a,2,6,7,7a,7b-hexahydro-1H-cyclopropa[a]naphthalene",0,0.0
LogisticRegression,200,604,"1187_2-Butanone, 4-(2,6,6-trimethyl-1-cyclohexen-1-yl)-",3,0.1
LogisticRegression,200,605,1189_.gamma.-Neoclovene,8,0.26666666666666666
LogisticRegression,200,606,"1190_Quinoline, 1,2-dihydro-2,2,4-trimethyl-",2,0.06666666666666667
LogisticRegression,200,607,1192_Unknown,0,0.0
LogisticRegression,200,608,1193_Unknown,0,0.0
LogisticRegression,200,609,"1196_(-)-Neoclovene-(I), dihydro-",0,0.0
LogisticRegression,200,610,"1197_Quinoline, 2,7-dimethyl-",5,0.16666666666666666
LogisticRegression,200,611,"1198_Phthalic acid, methyl neopentyl ester",0,0.0
LogisticRegression,200,612,"1200_Benzene, 1-(1,5-dimethylhexyl)-4-methyl-",28,0.9333333333333333
LogisticRegression,200,613,1201_Dimethyl phthalate,0,0.0
LogisticRegression,200,614,1202_Biphenylene,0,0.0
LogisticRegression,200,615,1203_Unknown,9,0.3
LogisticRegression,200,616,1204_Unknown,2,0.06666666666666667
LogisticRegression,200,617,"1206_5,9-Undecadien-2-one, 6,10-dimethyl-, (E)-",5,0.16666666666666666
LogisticRegression,200,618,1208_Unknown,21,0.7
LogisticRegression,200,619,"1212_1-Cyclohexene, 1,3,3-trimethyl-2-(1-methylbut-1-en-3-on-1-yl)-",14,0.4666666666666667
LogisticRegression,200,620,1213_(-)-.alpha.-Panasinsen,1,0.03333333333333333
LogisticRegression,200,621,1216_Unknown,0,0.0
LogisticRegression,200,622,"1217_Silane, trichlorooctadecyl-",0,0.0
LogisticRegression,200,623,1219_Unknown,1,0.03333333333333333
LogisticRegression,200,624,"1220_2,5-cyclohexadien-1-one, 2,6-bis(1,1-dimethylethyl)-4-hydroxy-4-methyl-",0,0.0
LogisticRegression,200,625,"1221_1,2-Bis(trimethylsilyl)-4-methylbenzene",3,0.1
LogisticRegression,200,626,"1223_2,5-Cyclohexadiene-1,4-dione, 2,6-bis(1,1-dimethylethyl)-",0,0.0
LogisticRegression,200,627,1224_Unknown,2,0.06666666666666667
LogisticRegression,200,628,1228_Unknown,24,0.8
LogisticRegression,200,629,"1234_2,5-cyclohexadiene-1,4-dione, 2-(1,1-dimethylethyl)-5-(2-methyl-2-propen-1-yl)-",0,0.0
LogisticRegression,200,630,"1235_Cycloheptasiloxane, tetradecamethyl-",20,0.6666666666666666
LogisticRegression,200,631,1237_Unknown,6,0.2
LogisticRegression,200,632,"1241_Ethanone, 1-[4-(1-hydroxy-1-methylethyl)phenyl]-",1,0.03333333333333333
LogisticRegression,200,633,"1242_Butanedioic acid, bis(2-methylpropyl) ester",0,0.0
LogisticRegression,200,634,"1243_Ppropiolic acid, 3-(1-hydroxy-2-isopropyl-5-methylcyclohexyl)-",0,0.0
LogisticRegression,200,635,1244_Unknown,2,0.06666666666666667
LogisticRegression,200,636,1247_Unknown,21,0.7
LogisticRegression,200,637,1248_Dodecanenitrile,3,0.1
LogisticRegression,200,638,"1250_Octacosane, 1-iodo-",0,0.0
LogisticRegression,200,639,1251_Unknown,30,1.0
LogisticRegression,200,640,1252_n-Pentadecanol,0,0.0
LogisticRegression,200,641,1255_Unknown,0,0.0
LogisticRegression,200,642,1257_Pentadecane,19,0.6333333333333333
LogisticRegression,200,643,1258_Butylated Hydroxytoluene,16,0.5333333333333333
LogisticRegression,200,644,1259_Unknown,14,0.4666666666666667
LogisticRegression,200,645,1261_Unknown,1,0.03333333333333333
LogisticRegression,200,646,1262_Unknown,3,0.1
LogisticRegression,200,647,"1263_2,4-Di-tert-butylphenol",0,0.0
LogisticRegression,200,648,1264_Unknown,1,0.03333333333333333
LogisticRegression,200,649,1265_Unknown,8,0.26666666666666666
LogisticRegression,200,650,1266_Unknown,28,0.9333333333333333
LogisticRegression,200,651,1267_Unknown,29,0.9666666666666667
LogisticRegression,200,652,1268_Bis(pentamethylcyclotrisiloxy)tetramethyldisiloxane,10,0.3333333333333333
LogisticRegression,200,653,1269_Unknown,0,0.0
LogisticRegression,200,654,1271_Unknown,28,0.9333333333333333
LogisticRegression,200,655,1274_Unknown,4,0.13333333333333333
LogisticRegression,200,656,1277_Octadecyl octyl ether,30,1.0
LogisticRegression,200,657,"1281_Eicosane, 1-iodo-",1,0.03333333333333333
LogisticRegression,200,658,"1282_Benzoic acid, 4-ethoxy-, ethyl ester",1,0.03333333333333333
LogisticRegression,200,659,1283_2-(1-Cyclohexenyl)cyclohexanone,2,0.06666666666666667
LogisticRegression,200,660,"1286_1-Dodecanol, 2-hexyl-",0,0.0
LogisticRegression,200,661,1290_Unknown,0,0.0
LogisticRegression,200,662,1293_Unknown,27,0.9
LogisticRegression,200,663,1296_Unknown,0,0.0
LogisticRegression,200,664,1297_aR-Himachalene,6,0.2
LogisticRegression,200,665,1298_Unknown,25,0.8333333333333334
LogisticRegression,200,666,1300_Unknown,0,0.0
LogisticRegression,200,667,"1302_Adipic acid, di(but-2-en-1-yl) ester",0,0.0
LogisticRegression,200,668,1304_Unknown,4,0.13333333333333333
LogisticRegression,200,669,"1305_Hexadecane, 2,6,11,15-tetramethyl-",0,0.0
LogisticRegression,200,670,"1308_Dotriacontane, 1-iodo-",0,0.0
LogisticRegression,200,671,"1312_Heptasiloxane, hexadecamethyl-",0,0.0
LogisticRegression,200,672,1314_Unknown,0,0.0
LogisticRegression,200,673,1315_Eicosane,0,0.0
LogisticRegression,200,674,"1319_Pentadecane, 4-methyl-",16,0.5333333333333333
LogisticRegression,200,675,1321_Dodecanoic acid,0,0.0
LogisticRegression,200,676,1323_Unknown,12,0.4
LogisticRegression,200,677,"1324_Hexadecane, 7,9-dimethyl-",2,0.06666666666666667
LogisticRegression,200,678,"1325_1-Adamantanecarboxylic acid, 2-adamantyl ester",0,0.0
LogisticRegression,200,679,1329_2-Methoxycarbonyl-2-methylbrendane,0,0.0
LogisticRegression,200,680,"1334_Glutaric acid, di(isobutyl) ester",0,0.0
LogisticRegression,200,681,1335_Unknown,7,0.23333333333333334
LogisticRegression,200,682,1336_Unknown,21,0.7
LogisticRegression,200,683,"1338_4-tert-Butyl-2,6-diisopropylphenol",0,0.0
LogisticRegression,200,684,1339_Unknown,13,0.43333333333333335
LogisticRegression,200,685,1340_Diethyl Phthalate,2,0.06666666666666667
LogisticRegression,200,686,1341_Unknown,13,0.43333333333333335
LogisticRegression,200,687,1342_Unknown,1,0.03333333333333333
LogisticRegression,200,688,"1343_2,2,4-Trimethyl-1,3-pentanediol diisobutyrate",20,0.6666666666666666
LogisticRegression,200,689,"1344_Phenol, 2,4,6-tri-tert-butyl-",2,0.06666666666666667
LogisticRegression,200,690,1345_Unknown,1,0.03333333333333333
LogisticRegression,200,691,1347_Unknown,5,0.16666666666666666
LogisticRegression,200,692,1353_Hexadecane,0,0.0
LogisticRegression,200,693,1354_Unknown,5,0.16666666666666666
LogisticRegression,200,694,"1358_Cedrane, 8-propoxy-",0,0.0
LogisticRegression,200,695,1361_Tetradecanal,18,0.6
LogisticRegression,200,696,1366_Unknown,1,0.03333333333333333
LogisticRegression,200,697,1368_Benzophenone,0,0.0
LogisticRegression,200,698,1369_Unknown,0,0.0
LogisticRegression,200,699,1370_Unknown,0,0.0
LogisticRegression,200,700,"1371_Benzene, (1-butylheptyl)-",1,0.03333333333333333
LogisticRegression,200,701,1372_Unknown,4,0.13333333333333333
LogisticRegression,200,702,1374_Unknown,2,0.06666666666666667
LogisticRegression,200,703,1375_Unknown,6,0.2
LogisticRegression,200,704,"1376_Cyclooctasiloxane, hexadecamethyl-",19,0.6333333333333333
LogisticRegression,200,705,"1388_Pentadecane, 2,6,10-trimethyl-",2,0.06666666666666667
LogisticRegression,200,706,"1392_1,3,5-Triazine-2,4,6(1H,3H,5H)-trione, 1,3,5-tri-2-propenyl-",3,0.1
LogisticRegression,200,707,"1393_Fumaric acid, eicosyl trans-hex-3-enyl ester",1,0.03333333333333333
LogisticRegression,200,708,1394_Unknown,0,0.0
LogisticRegression,200,709,1395_Unknown,1,0.03333333333333333
LogisticRegression,200,710,"1406_Pyrene, hexadecahydro-",4,0.13333333333333333
LogisticRegression,200,711,1407_Unknown,6,0.2
LogisticRegression,200,712,"1408_Heptadecane, 2-methyl-",1,0.03333333333333333
LogisticRegression,200,713,1410_Unknown,19,0.6333333333333333
LogisticRegression,200,714,"1411_Phenol, 2,4-di-t-butyl-6-nitro-",2,0.06666666666666667
LogisticRegression,200,715,1415_Unknown,3,0.1
LogisticRegression,200,716,1419_Tetradecyl trifluoroacetate,2,0.06666666666666667
LogisticRegression,200,717,"1433_3-Chloropropionic acid, heptadecyl ester",1,0.03333333333333333
LogisticRegression,200,718,1434_Unknown,5,0.16666666666666666
LogisticRegression,200,719,1435_Unknown,1,0.03333333333333333
LogisticRegression,200,720,"1436_Pentanoic acid, 6-ethyl-3-octyl ester",1,0.03333333333333333
LogisticRegression,200,721,1439_Unknown,0,0.0
LogisticRegression,200,722,1442_Unknown,30,1.0
LogisticRegression,200,723,1443_Unknown,17,0.5666666666666667
LogisticRegression,200,724,1444_Unknown,21,0.7
LogisticRegression,200,725,1445_Heptadecane,29,0.9666666666666667
LogisticRegression,200,726,"1448_Benzene, (3-iodo-1-methoxypropyl)-",0,0.0
LogisticRegression,200,727,"1452_Silane, diethoxydiphenyl-",1,0.03333333333333333
LogisticRegression,200,728,1454_Unknown,21,0.7
LogisticRegression,200,729,1455_Unknown,1,0.03333333333333333
LogisticRegression,200,730,1459_Pentadecanal-,1,0.03333333333333333
LogisticRegression,200,731,"1464_2,6,11,15-Tetramethyl-hexadeca-2,6,8,10,14-pentaene",2,0.06666666666666667
LogisticRegression,200,732,"1465_1-Penten-3-one, 2-methyl-1-(2,2,6-trimethylcyclohexen-1-yl)-",0,0.0
LogisticRegression,200,733,1470_Hippuric acid,0,0.0
LogisticRegression,200,734,"1472_Benzenecarbothioic acid, S-ethyl ester",24,0.8
LogisticRegression,200,735,1475_Unknown,0,0.0
LogisticRegression,200,736,"1481_Benzene, 1-(1,1-dimethylethyl)-4-phenoxy-",0,0.0
LogisticRegression,200,737,1484_Unknown,3,0.1
LogisticRegression,200,738,"1488_Octadecane, 1-iodo-",0,0.0
LogisticRegression,200,739,1492_Unknown,3,0.1
LogisticRegression,200,740,1493_Unknown,0,0.0
LogisticRegression,200,741,1499_Heneicosane,28,0.9333333333333333
LogisticRegression,200,742,1501_Hexestrol,0,0.0
LogisticRegression,200,743,"1503_3,5-di-tert-Butyl-4-hydroxybenzaldehyde",0,0.0
LogisticRegression,200,744,1504_Unknown,0,0.0
LogisticRegression,200,745,1505_Unknown,7,0.23333333333333334
LogisticRegression,200,746,"1507_1,3-Cyclopentadiene, 5,5-dimethyl-1,2-Dipropyl-",0,0.0
LogisticRegression,200,747,1510_Unknown,10,0.3333333333333333
LogisticRegression,200,748,1516_Tetradecanoic acid,12,0.4
LogisticRegression,200,749,"1526_.alpha.-Phellandrene, dimer",5,0.16666666666666666
LogisticRegression,200,750,1535_Unknown,2,0.06666666666666667
LogisticRegression,200,751,"1556_Kaur-16-ene, (8.beta.,13.beta.)-",8,0.26666666666666666
LogisticRegression,200,752,1557_Unknown,2,0.06666666666666667
LogisticRegression,200,753,"1563_Benzene, 1-methyl-4-(1,2,2-trimethylcyclopentyl)-, (R)-",3,0.1
LogisticRegression,200,754,"1564_Acetophenone, 2,2-difluoro-2-phenyl-",11,0.36666666666666664
LogisticRegression,200,755,1569_Unknown,2,0.06666666666666667
LogisticRegression,200,756,"1570_Ethanedione, diphenyl-",0,0.0
LogisticRegression,200,757,1579_Isopropyl myristate,1,0.03333333333333333
LogisticRegression,200,758,"1597_Benzenebutanal, .gamma.,4-dimethyl-",3,0.1
LogisticRegression,200,759,1601_Unknown,19,0.6333333333333333
LogisticRegression,200,760,"1623_Bayer 28,589",0,0.0
LogisticRegression,200,761,1645_Palmitoleic acid,0,0.0
LogisticRegression,200,762,1650_Diisooctyl phthalate,0,0.0
LogisticRegression,200,763,"1653_1,2-Benzenedicarboxylic acid, bis(2-methylpropyl) ester",4,0.13333333333333333
LogisticRegression,200,764,1654_Tetracosane,4,0.13333333333333333
LogisticRegression,200,765,1658_Unknown,0,0.0
LogisticRegression,200,766,"1660_l-(+)-Ascorbic acid 2,6-dihexadecanoate",1,0.03333333333333333
LogisticRegression,200,767,1661_Unknown,4,0.13333333333333333
LogisticRegression,200,768,"1663_7,11-Hexadecadienal",7,0.23333333333333334
LogisticRegression,200,769,1665_Unknown,7,0.23333333333333334
LogisticRegression,200,770,1667_Unknown,5,0.16666666666666666
LogisticRegression,200,771,1670_Unknown,7,0.23333333333333334
LogisticRegression,200,772,1672_Bis(2-ethylhexyl) phthalate,2,0.06666666666666667
LogisticRegression,200,773,1698_Unknown,26,0.8666666666666667
LogisticRegression,200,774,1700_Dotriacontane,0,0.0
LogisticRegression,200,775,1707_Squalane,10,0.3333333333333333
LogisticRegression,200,776,1717_Unknown,3,0.1
LogisticRegression,200,777,"1718_1,1'-Binaphthalene, 5,5',6,6',7,7',8,8'-octahydro-",0,0.0
LogisticRegression,200,778,1720_Tritriacontane,0,0.0
LogisticRegression,200,779,1730_Cyclic octaatomic sulfur,0,0.0
LinearSVM,20,0,"1_2-Butenal, (Z)-",0,0.0
LinearSVM,20,1,2_Unknown,0,0.0
LinearSVM,20,2,3_Unknown,0,0.0
LinearSVM,20,3,"4_4,5-Dihydrooxazole-5-one, 4-[4-acetoxy-3-methoxybenzylidene]-2-phenyl-",0,0.0
LinearSVM,20,4,6_Cyclopropyl methyl carbinol,0,0.0
LinearSVM,20,5,7_Unknown,0,0.0
LinearSVM,20,6,9_Unknown,15,0.5
LinearSVM,20,7,"11_Ethane, 1,2-dichloro-",0,0.0
LinearSVM,20,8,13_3-Methoxypropionic acid,0,0.0
LinearSVM,20,9,14_Thiirane,0,0.0
LinearSVM,20,10,"17_Furan, 2,3-dihydro-4-methyl-",0,0.0
LinearSVM,20,11,"18_Diborane(6), .mu.-mercapto-",0,0.0
LinearSVM,20,12,"19_Cyclohexane, (1,1-dimethylethyl)-",1,0.03333333333333333
LinearSVM,20,13,20_Unknown,0,0.0
LinearSVM,20,14,21_Unknown,0,0.0
LinearSVM,20,15,23_Unknown,0,0.0
LinearSVM,20,16,25_2-Oxo-6-(piperidine-1-sulfonyl)-benzooxazole-3-carboxylic acid 2-chloro-ethyl ester,0,0.0
LinearSVM,20,17,"26_2-Propanol, 1-methoxy-",0,0.0
LinearSVM,20,18,27_Unknown,0,0.0
LinearSVM,20,19,"28_Nonane, 5-methylene-",0,0.0
LinearSVM,20,20,"29_Disiloxane, hexamethyl-",0,0.0
LinearSVM,20,21,33_Unknown,0,0.0
LinearSVM,20,22,"34_Butanal, 2-methyl-",18,0.6
LinearSVM,20,23,35_Unknown,0,0.0
LinearSVM,20,24,36_1-Penten-3-one,11,0.36666666666666664
LinearSVM,20,25,37_Unknown,0,0.0
LinearSVM,20,26,"38_Methoxyacetic acid, 2-tetrahydrofurylmethyl ester",1,0.03333333333333333
LinearSVM,20,27,40_tert-Butylpentamethyldisiloxane,0,0.0
LinearSVM,20,28,42_Triethylamine,30,1.0
LinearSVM,20,29,44_Unknown,0,0.0
LinearSVM,20,30,"45_Pentane, 2,2,4-trimethyl-",0,0.0
LinearSVM,20,31,49_Unknown,0,0.0
LinearSVM,20,32,50_Unknown,17,0.5666666666666667
LinearSVM,20,33,51_Unknown,0,0.0
LinearSVM,20,34,53_Unknown,0,0.0
LinearSVM,20,35,"54_Heptanal, 2-methyl-",0,0.0
LinearSVM,20,36,56_Unknown,0,0.0
LinearSVM,20,37,58_cis-1-Ethoxy-1-butene,0,0.0
LinearSVM,20,38,60_Unknown,0,0.0
LinearSVM,20,39,"61_2-Butanol, 3,3-dimethyl-4-dimethylamino-2-phenyl-",0,0.0
LinearSVM,20,40,62_Unknown,0,0.0
LinearSVM,20,41,66_Unknown,0,0.0
LinearSVM,20,42,68_Unknown,0,0.0
LinearSVM,20,43,70_Trimethylene oxide,0,0.0
LinearSVM,20,44,71_Unknown,0,0.0
LinearSVM,20,45,72_Unknown,0,0.0
LinearSVM,20,46,"74_1,4-Dioxane",0,0.0
LinearSVM,20,47,75_Unknown,0,0.0
LinearSVM,20,48,"76_Ethane, methoxy-",0,0.0
LinearSVM,20,49,78_Unknown,0,0.0
LinearSVM,20,50,79_Unknown,3,0.1
LinearSVM,20,51,"80_Propionic acid, 2-mercapto-, allyl ester",0,0.0
LinearSVM,20,52,"82_2-Cyclopenten-1-one, 3-methyl-",0,0.0
LinearSVM,20,53,"83_Ethanamine, N-ethyl-",0,0.0
LinearSVM,20,54,84_Unknown,0,0.0
LinearSVM,20,55,"86_Silanediol, dimethyl-",0,0.0
LinearSVM,20,56,87_Unknown,0,0.0
LinearSVM,20,57,"88_Sulfurous acid, dimethyl ester",0,0.0
LinearSVM,20,58,90_Unknown,0,0.0
LinearSVM,20,59,91_Unknown,7,0.23333333333333334
LinearSVM,20,60,"92_Propane, 1-isothiocyanato-",0,0.0
LinearSVM,20,61,93_Unknown,0,0.0
LinearSVM,20,62,"94_Cyclopentanemethanol, 3-methylene-",0,0.0
LinearSVM,20,63,97_Unknown,0,0.0
LinearSVM,20,64,"100_Formic acid, butyl ester",0,0.0
LinearSVM,20,65,"101_1,3-Propanediol",5,0.16666666666666666
LinearSVM,20,66,"104_Ethane, 1,1-diethoxy-",0,0.0
LinearSVM,20,67,"107_Formic acid, 5-methylhex-2-yl ester",0,0.0
LinearSVM,20,68,110_2-Heptene,0,0.0
LinearSVM,20,69,111_Unknown,0,0.0
LinearSVM,20,70,112_Unknown,0,0.0
LinearSVM,20,71,114_Unknown,0,0.0
LinearSVM,20,72,115_Unknown,8,0.26666666666666666
LinearSVM,20,73,"117_Propane, 3,3-dichloro-1,1,1,2,2-pentafluoro-",0,0.0
LinearSVM,20,74,"119_2-Pentanol, 2-methyl-",0,0.0
LinearSVM,20,75,"120_Oxirane, 2-(1,1-dimethylethyl)-3-methyl-",0,0.0
LinearSVM,20,76,121_Unknown,0,0.0
LinearSVM,20,77,122_Unknown,0,0.0
LinearSVM,20,78,123_Unknown,0,0.0
LinearSVM,20,79,124_Unknown,0,0.0
LinearSVM,20,80,125_Unknown,9,0.3
LinearSVM,20,81,"126_2,4-Pentadienenitrile",20,0.6666666666666666
LinearSVM,20,82,127_Unknown,0,0.0
LinearSVM,20,83,129_Unknown,0,0.0
LinearSVM,20,84,"130_3-Oxa-bicyclo[3.2.0]hept-6-ene-2,4-dione",3,0.1
LinearSVM,20,85,"131_2-Butenal, 2-methyl-, (E)-",0,0.0
LinearSVM,20,86,132_Pyridine,0,0.0
LinearSVM,20,87,"133_Formic acid, 2-methylbutyl ester",13,0.43333333333333335
LinearSVM,20,88,134_Unknown,0,0.0
LinearSVM,20,89,"135_Disulfide, dimethyl",0,0.0
LinearSVM,20,90,136_Unknown,0,0.0
LinearSVM,20,91,"137_2-Butenal, 2-methyl-",29,0.9666666666666667
LinearSVM,20,92,138_Unknown,0,0.0
LinearSVM,20,93,139_Unknown,1,0.03333333333333333
LinearSVM,20,94,140_Unknown,0,0.0
LinearSVM,20,95,145_Unknown,0,0.0
LinearSVM,20,96,146_Unknown,0,0.0
LinearSVM,20,97,"147_Methanamine, N,N-difluoro-",0,0.0
LinearSVM,20,98,148_Propanoic acid,0,0.0
LinearSVM,20,99,149_Unknown,0,0.0
LinearSVM,20,100,150_Unknown,0,0.0
LinearSVM,20,101,152_Unknown,0,0.0
LinearSVM,20,102,153_Unknown,0,0.0
LinearSVM,20,103,154_Unknown,0,0.0
LinearSVM,20,104,155_Tetraethylammonium chloride,0,0.0
LinearSVM,20,105,"160_Butanoic acid, 2-amino-4-(methylsulfinyl)-, (.+/-.)-",0,0.0
LinearSVM,20,106,161_Unknown,0,0.0
LinearSVM,20,107,"162_3-Hexene, 2,2-dimethyl-, (Z)-",0,0.0
LinearSVM,20,108,169_Unknown,0,0.0
LinearSVM,20,109,170_Unknown,0,0.0
LinearSVM,20,110,172_Toluene,0,0.0
LinearSVM,20,111,173_Unknown,0,0.0
LinearSVM,20,112,174_1-Methyl-1-ethoxycyclobutane,0,0.0
LinearSVM,20,113,"176_Boron, trihydro(pyridine)-, (T-4)-",0,0.0
LinearSVM,20,114,177_Unknown,0,0.0
LinearSVM,20,115,178_Unknown,0,0.0
LinearSVM,20,116,179_Unknown,0,0.0
LinearSVM,20,117,"180_1-Penten-3-one, 2-methyl-",0,0.0
LinearSVM,20,118,181_Unknown,0,0.0
LinearSVM,20,119,"182_2,2,4,4-Tetramethyloctane",0,0.0
LinearSVM,20,120,183_Unknown,5,0.16666666666666666
LinearSVM,20,121,184_Unknown,0,0.0
LinearSVM,20,122,185_Unknown,0,0.0
LinearSVM,20,123,"186_Butane, 2-cyclopropyl-",0,0.0
LinearSVM,20,124,"188_2-Hexene, 3-methyl-, (Z)-",0,0.0
LinearSVM,20,125,189_Unknown,0,0.0
LinearSVM,20,126,190_Unknown,0,0.0
LinearSVM,20,127,"194_D-Erythro-Tetrofuranose-3-ulose, 4-C-cyclopropyl-1,2-O-isopropylidene-, .alpha.-",0,0.0
LinearSVM,20,128,"203_1,3-Dioxolane, 2-ethyl-4-methyl-",0,0.0
LinearSVM,20,129,205_Unknown,0,0.0
LinearSVM,20,130,207_Unknown,0,0.0
LinearSVM,20,131,209_Unknown,0,0.0
LinearSVM,20,132,211_Unknown,0,0.0
LinearSVM,20,133,213_Unknown,3,0.1
LinearSVM,20,134,214_Cyclopentanone,0,0.0
LinearSVM,20,135,"216_Propane, 1,3-dimethoxy-",2,0.06666666666666667
LinearSVM,20,136,"217_1,3-Diisopropoxy-1,3-dimethyl-1,3-disilacyclobutane",0,0.0
LinearSVM,20,137,218_Unknown,0,0.0
LinearSVM,20,138,223_4-Ethylbenzamide,0,0.0
LinearSVM,20,139,"224_2-Methoxy-1,3-dioxolane",0,0.0
LinearSVM,20,140,"226_4-Hexen-3-one, 4-methyl-",0,0.0
LinearSVM,20,141,"227_Pipecolic acid, N-propoxycarbonyl-, dodecyl ester",0,0.0
LinearSVM,20,142,"228_Cyclopentane, 1,2,4-trimethyl-, (1.alpha.,2.beta.,4.alpha.)-",0,0.0
LinearSVM,20,143,229_Unknown,0,0.0
LinearSVM,20,144,"230_3-Penten-2-one, 4-methyl-",1,0.03333333333333333
LinearSVM,20,145,231_Unknown,0,0.0
LinearSVM,20,146,"232_Isovaleric acid, 3-methylbutyl-2 ester",0,0.0
LinearSVM,20,147,233_Unknown,1,0.03333333333333333
LinearSVM,20,148,"234_Hexane, 2,2,4-trimethyl-",2,0.06666666666666667
LinearSVM,20,149,235_3-Nonen-5-one,0,0.0
LinearSVM,20,150,236_Hexanal,0,0.0
LinearSVM,20,151,"237_Ethanol, 2-propoxy-",0,0.0
LinearSVM,20,152,238_2-Methyl-4-methoxy-1-butanol,0,0.0
LinearSVM,20,153,"239_1-Butene, 2,3,3-trimethyl-",0,0.0
LinearSVM,20,154,240_Tetrachloroethylene,0,0.0
LinearSVM,20,155,243_Unknown,0,0.0
LinearSVM,20,156,247_Unknown,0,0.0
LinearSVM,20,157,249_Butanoic acid,0,0.0
LinearSVM,20,158,251_Unknown,2,0.06666666666666667
LinearSVM,20,159,252_Unknown,0,0.0
LinearSVM,20,160,"256_Propanoic acid, propyl ester",0,0.0
LinearSVM,20,161,"259_Heptane, 3,4,5-trimethyl-",0,0.0
LinearSVM,20,162,"262_1,5-Dimethyl-6-oxa-bicyclo[3.1.0]hexane",0,0.0
LinearSVM,20,163,263_Unknown,0,0.0
LinearSVM,20,164,"266_Acetic acid, butyl ester",0,0.0
LinearSVM,20,165,267_Unknown,0,0.0
LinearSVM,20,166,"268_Cyclotrisiloxane, hexamethyl-",0,0.0
LinearSVM,20,167,269_Unknown,1,0.03333333333333333
LinearSVM,20,168,270_Unknown,0,0.0
LinearSVM,20,169,271_Unknown,1,0.03333333333333333
LinearSVM,20,170,"272_Butanoic acid, 2-oxo-, methyl ester",0,0.0
LinearSVM,20,171,"273_1-Butyne, 3-chloro-",0,0.0
LinearSVM,20,172,"274_Hexane, 3,3-dimethyl-",0,0.0
LinearSVM,20,173,275_Unknown,0,0.0
LinearSVM,20,174,277_Unknown,4,0.13333333333333333
LinearSVM,20,175,283_3-Furaldehyde,0,0.0
LinearSVM,20,176,286_Unknown,0,0.0
LinearSVM,20,177,288_4-Hexen-3-one,0,0.0
LinearSVM,20,178,290_Unknown,0,0.0
LinearSVM,20,179,291_Tetrafluoromethane,4,0.13333333333333333
LinearSVM,20,180,"296_.beta.-D-Glucopyranose, 1,6-anhydro-",0,0.0
LinearSVM,20,181,300_Unknown,0,0.0
LinearSVM,20,182,"301_Benzene, chloro-",0,0.0
LinearSVM,20,183,302_Unknown,0,0.0
LinearSVM,20,184,304_Unknown,0,0.0
LinearSVM,20,185,313_Unknown,2,0.06666666666666667
LinearSVM,20,186,316_2-Ethyl-5-propylcyclopentanone,0,0.0
LinearSVM,20,187,317_Ethylbenzene,0,0.0
LinearSVM,20,188,319_Unknown,2,0.06666666666666667
LinearSVM,20,189,320_Unknown,0,0.0
LinearSVM,20,190,321_4-Hydroxy-3-hexanone,0,0.0
LinearSVM,20,191,"325_2,6-Octadiene-4,5-diol",0,0.0
LinearSVM,20,192,328_Unknown,0,0.0
LinearSVM,20,193,"329_Succinic acid, but-3-yn-2-yl tetrahydrofurfuryl ester",0,0.0
LinearSVM,20,194,331_Unknown,0,0.0
LinearSVM,20,195,332_N-(2-Methoxyethyl)-tert-butylamine,0,0.0
LinearSVM,20,196,333_Unknown,0,0.0
LinearSVM,20,197,334_Unknown,0,0.0
LinearSVM,20,198,"335_2-Ethylthiolane, S,S-dioxide",0,0.0
LinearSVM,20,199,336_1-Methylcyclopropanemethanol,0,0.0
LinearSVM,20,200,337_2-Methoxythiophene,0,0.0
LinearSVM,20,201,338_1-Methoxycyclohexane,0,0.0
LinearSVM,20,202,"339_2H-Imidazole-2-thione, 1,3-dihydro-1-methyl-",0,0.0
LinearSVM,20,203,"340_Acetaldehyde, butylhydrazone",1,0.03333333333333333
LinearSVM,20,204,341_Unknown,0,0.0
LinearSVM,20,205,342_Unknown,0,0.0
LinearSVM,20,206,346_Unknown,1,0.03333333333333333
LinearSVM,20,207,348_Unknown,0,0.0
LinearSVM,20,208,349_Unknown,0,0.0
LinearSVM,20,209,"350_Trisiloxane, octamethyl-",0,0.0
LinearSVM,20,210,351_Unknown,0,0.0
LinearSVM,20,211,353_3-Ethyl-2-nonanone,0,0.0
LinearSVM,20,212,"358_Ethanone, 1-(1-cyclohexen-1-yl)-",0,0.0
LinearSVM,20,213,"360_3,5-Octanedione, 2,2,4,7-tetramethyl-",0,0.0
LinearSVM,20,214,"361_1,2-Propanediol diformate",0,0.0
LinearSVM,20,215,362_Hypoglycin,0,0.0
LinearSVM,20,216,363_Cyclohexylmethylsilane,0,0.0
LinearSVM,20,217,364_3-Heptanone,0,0.0
LinearSVM,20,218,365_Unknown,0,0.0
LinearSVM,20,219,370_o-Xylene,0,0.0
LinearSVM,20,220,371_Unknown,0,0.0
LinearSVM,20,221,372_Unknown,0,0.0
LinearSVM,20,222,374_Unknown,0,0.0
LinearSVM,20,223,375_Unknown,0,0.0
LinearSVM,20,224,376_Unknown,0,0.0
LinearSVM,20,225,"378_2,2,3-Triethyloxirane",0,0.0
LinearSVM,20,226,381_Unknown,12,0.4
LinearSVM,20,227,"383_3,3-Dichloropropyne",8,0.26666666666666666
LinearSVM,20,228,385_n-Heptyl acrylate,0,0.0
LinearSVM,20,229,"386_Cyclohexa-1,3-diene, 5,6-diethyl-",0,0.0
LinearSVM,20,230,"387_2-Propenoic acid, butyl ester",0,0.0
LinearSVM,20,231,388_Unknown,0,0.0
LinearSVM,20,232,389_3-Heptanol,0,0.0
LinearSVM,20,233,390_Unknown,0,0.0
LinearSVM,20,234,391_Unknown,0,0.0
LinearSVM,20,235,"392_1-Butyl(dimethyl)silyloxy-2,2-dimethylpropane",0,0.0
LinearSVM,20,236,394_Unknown,1,0.03333333333333333
LinearSVM,20,237,"395_Ethanol, 2-butoxy-",0,0.0
LinearSVM,20,238,396_Heptanal,0,0.0
LinearSVM,20,239,398_Unknown,0,0.0
LinearSVM,20,240,"399_2-Hexanol, 5-methyl-",0,0.0
LinearSVM,20,241,"401_2-Propanol, 1-methoxy-2-methyl-",0,0.0
LinearSVM,20,242,403_Unknown,0,0.0
LinearSVM,20,243,405_Unknown,0,0.0
LinearSVM,20,244,406_Unknown,0,0.0
LinearSVM,20,245,407_Unknown,2,0.06666666666666667
LinearSVM,20,246,409_Unknown,0,0.0
LinearSVM,20,247,410_Unknown,0,0.0
LinearSVM,20,248,"411_Propanoic acid, butyl ester",0,0.0
LinearSVM,20,249,412_Unknown,0,0.0
LinearSVM,20,250,413_Unknown,0,0.0
LinearSVM,20,251,416_Unknown,0,0.0
LinearSVM,20,252,"422_1-Pentanol, TBDMS derivative",0,0.0
LinearSVM,20,253,427_Unknown,0,0.0
LinearSVM,20,254,428_Unknown,0,0.0
LinearSVM,20,255,"431_1-Hexyn-3-ol, 3-methyl-",0,0.0
LinearSVM,20,256,434_Unknown,0,0.0
LinearSVM,20,257,436_Unknown,0,0.0
LinearSVM,20,258,"438_Undecane, 5,5-dimethyl-",0,0.0
LinearSVM,20,259,442_2-Cyclohexen-1-one,0,0.0
LinearSVM,20,260,446_Unknown,0,0.0
LinearSVM,20,261,"449_Cyclohexane, 1,3-dimethyl-",0,0.0
LinearSVM,20,262,450_Unknown,0,0.0
LinearSVM,20,263,"451_2-Heptanone, 4-methyl-",0,0.0
LinearSVM,20,264,454_Unknown,0,0.0
LinearSVM,20,265,459_Unknown,0,0.0
LinearSVM,20,266,462_(-)-trans-Pinane,0,0.0
LinearSVM,20,267,464_Unknown,0,0.0
LinearSVM,20,268,465_3-Ethyl-4-methylpentan-1-ol,21,0.7
LinearSVM,20,269,"466_Hexanal, 3,3-dimethyl-",0,0.0
LinearSVM,20,270,"471_Hexanal, 2-ethyl-",23,0.7666666666666667
LinearSVM,20,271,"474_2-Heptenal, (Z)-",30,1.0
LinearSVM,20,272,475_Unknown,1,0.03333333333333333
LinearSVM,20,273,476_Unknown,0,0.0
LinearSVM,20,274,477_Unknown,0,0.0
LinearSVM,20,275,478_Unknown,3,0.1
LinearSVM,20,276,479_3-Ethylcyclopentanone,0,0.0
LinearSVM,20,277,"480_Benzene, 1,1'-(1-methyl-1,2-ethanediyl)bis-",0,0.0
LinearSVM,20,278,"483_2H-Pyran-3,4,5-triol, tetrahydro-2-methoxy-6-methyl-",0,0.0
LinearSVM,20,279,484_Unknown,0,0.0
LinearSVM,20,280,"485_Nonane, 4-methyl-",0,0.0
LinearSVM,20,281,"488_Tridecane, 6-methyl-",0,0.0
LinearSVM,20,282,490_Unknown,0,0.0
LinearSVM,20,283,"492_Pentadecane, 6-methyl-",1,0.03333333333333333
LinearSVM,20,284,"495_Ethanol, 2,2'-oxybis-",0,0.0
LinearSVM,20,285,496_(E)1-Allyl-2-methylcyclohexanol,3,0.1
LinearSVM,20,286,"497_4-Octanol, 2-methyl-",0,0.0
LinearSVM,20,287,500_Dibutylsulfamic acid,0,0.0
LinearSVM,20,288,"501_5-Ethyl-2,4-nonandione",0,0.0
LinearSVM,20,289,"502_Oxalic acid, butyl 2-ethylhexyl ester",0,0.0
LinearSVM,20,290,503_5-Nonanol,0,0.0
LinearSVM,20,291,"507_Formic acid, heptyl ester",0,0.0
LinearSVM,20,292,508_Unknown,0,0.0
LinearSVM,20,293,510_Unknown,0,0.0
LinearSVM,20,294,511_Unknown,0,0.0
LinearSVM,20,295,512_Unknown,0,0.0
LinearSVM,20,296,513_Unknown,0,0.0
LinearSVM,20,297,516_1-Decen-3-one,0,0.0
LinearSVM,20,298,521_Unknown,0,0.0
LinearSVM,20,299,522_Unknown,16,0.5333333333333333
LinearSVM,20,300,523_Benzonitrile,0,0.0
LinearSVM,20,301,"524_3-Pentenoic acid, 4-methyl-",0,0.0
LinearSVM,20,302,525_1-Octen-3-ol,0,0.0
LinearSVM,20,303,"527_Dodecane, 2,2,11,11-tetramethyl-",0,0.0
LinearSVM,20,304,528_Phenol,0,0.0
LinearSVM,20,305,531_Unknown,0,0.0
LinearSVM,20,306,533_Unknown,2,0.06666666666666667
LinearSVM,20,307,535_Unknown,1,0.03333333333333333
LinearSVM,20,308,"536_Propanoic acid, 2,2-dimethyl-, cesium salt",0,0.0
LinearSVM,20,309,537_Hexanoic acid,0,0.0
LinearSVM,20,310,"538_Cyclotetrasiloxane, octamethyl-",0,0.0
LinearSVM,20,311,540_Unknown,22,0.7333333333333333
LinearSVM,20,312,543_Unknown,1,0.03333333333333333
LinearSVM,20,313,544_2-Octanone,2,0.06666666666666667
LinearSVM,20,314,545_Unknown,0,0.0
LinearSVM,20,315,"546_Benzene, 1,2,3-trimethyl-",1,0.03333333333333333
LinearSVM,20,316,548_4-Octanol,0,0.0
LinearSVM,20,317,549_Unknown,0,0.0
LinearSVM,20,318,"551_2-Methyl-1,6-dioxaspiro[4.4]nonane",3,0.1
LinearSVM,20,319,552_Unknown,0,0.0
LinearSVM,20,320,561_Unknown,0,0.0
LinearSVM,20,321,565_Propanenitrile,0,0.0
LinearSVM,20,322,566_Unknown,0,0.0
LinearSVM,20,323,567_Decane,0,0.0
LinearSVM,20,324,569_Octanal,0,0.0
LinearSVM,20,325,570_Unknown,0,0.0
LinearSVM,20,326,"571_Ethanol, 2-(2-ethoxyethoxy)-",0,0.0
LinearSVM,20,327,572_Unknown,0,0.0
LinearSVM,20,328,"574_2-Octanol, (S)-",2,0.06666666666666667
LinearSVM,20,329,"575_Cyclopentene, 1,4-dimethyl-5-(1-methylethyl)-",0,0.0
LinearSVM,20,330,584_Unknown,0,0.0
LinearSVM,20,331,"586_Benzene, 1,2,4-trimethyl-",0,0.0
LinearSVM,20,332,"588_Propanenitrile, 2,2'-azobis[2-methyl-",2,0.06666666666666667
LinearSVM,20,333,589_Unknown,0,0.0
LinearSVM,20,334,"590_2-Propanol, 1-(2-ethoxypropoxy)-",0,0.0
LinearSVM,20,335,"591_Silane, triethylfluoro-",0,0.0
LinearSVM,20,336,592_Tetramethylbutanedinitrile,0,0.0
LinearSVM,20,337,593_Unknown,0,0.0
LinearSVM,20,338,598_Unknown,0,0.0
LinearSVM,20,339,602_Unknown,0,0.0
LinearSVM,20,340,605_D-Limonene,0,0.0
LinearSVM,20,341,606_Unknown,0,0.0
LinearSVM,20,342,608_2-Propyl-1-pentanol,0,0.0
LinearSVM,20,343,609_Unknown,0,0.0
LinearSVM,20,344,610_Unknown,0,0.0
LinearSVM,20,345,611_Unknown,0,0.0
LinearSVM,20,346,613_Unknown,0,0.0
LinearSVM,20,347,"614_Butanedioic acid, dimethyl ester",0,0.0
LinearSVM,20,348,615_Unknown,1,0.03333333333333333
LinearSVM,20,349,616_Unknown,0,0.0
LinearSVM,20,350,619_1-(1'-pyrrolidinyl)-2-butanone,0,0.0
LinearSVM,20,351,"620_1,3,2-Dioxaborolane, 2,4-diethyl-",0,0.0
LinearSVM,20,352,621_Benzyl alcohol,0,0.0
LinearSVM,20,353,"623_3-Benzofurancarboxaldehyde, 2,3-dihydro-3-methyl-",11,0.36666666666666664
LinearSVM,20,354,"624_Cyclopropanecarboxylic acid,4-methylpentyl ester",0,0.0
LinearSVM,20,355,"626_3,5-Octadien-2-ol",0,0.0
LinearSVM,20,356,627_3-Ethyl-3-heptanol,0,0.0
LinearSVM,20,357,"629_Benzaldehyde, 2-hydroxy-",0,0.0
LinearSVM,20,358,630_Unknown,0,0.0
LinearSVM,20,359,632_Unknown,0,0.0
LinearSVM,20,360,634_Unknown,0,0.0
LinearSVM,20,361,"635_2,4,6-Cycloheptatrien-1-one, 4-methyl-",2,0.06666666666666667
LinearSVM,20,362,"636_2-Propenoic acid, 2-methyl-, 2-hydroxypropyl ester",0,0.0
LinearSVM,20,363,"637_4,4'-Bi-1,3,2-dioxaborolane, 2,2'-diethyl-",0,0.0
LinearSVM,20,364,"640_1-Hexanol, 3,5,5-trimethyl-",0,0.0
LinearSVM,20,365,"645_Nonane, 5-methyl-5-propyl-",0,0.0
LinearSVM,20,366,"648_Succinic acid, tridec-2-yn-1-yl 3-methylbut-3-en-1-yl ester",0,0.0
LinearSVM,20,367,"649_2(3H)-Furanone, 5-ethyldihydro-",0,0.0
LinearSVM,20,368,"650_1,2,4,5-Tetrazine, 1,4-dibutylhexahydro-",0,0.0
LinearSVM,20,369,651_Unknown,4,0.13333333333333333
LinearSVM,20,370,"654_Pentanal, 5-[(tetrahydro-2H-pyran-2-yl)oxy]-",0,0.0
LinearSVM,20,371,658_Unknown,0,0.0
LinearSVM,20,372,660_Unknown,0,0.0
LinearSVM,20,373,"663_2,5-Hexanediol, 2,5-dimethyl-",1,0.03333333333333333
LinearSVM,20,374,664_Unknown,0,0.0
LinearSVM,20,375,"666_4,7-Methano-1H-indene, octahydro-",6,0.2
LinearSVM,20,376,668_Phenylglyoxal,0,0.0
LinearSVM,20,377,"670_Aniline, N-methyl-",0,0.0
LinearSVM,20,378,672_Acetophenone,0,0.0
LinearSVM,20,379,675_Cyclooctyl alcohol,0,0.0
LinearSVM,20,380,"677_Decane, 3-methyl-",0,0.0
LinearSVM,20,381,680_Unknown,0,0.0
LinearSVM,20,382,"681_7-Octen-2-ol, 2,6-dimethyl-",0,0.0
LinearSVM,20,383,"683_Formic acid, octyl ester",5,0.16666666666666666
LinearSVM,20,384,684_Decyl octyl ether,21,0.7
LinearSVM,20,385,687_Unknown,0,0.0
LinearSVM,20,386,"688_Terephthalic acid, 2-methoxyethyl propyl ester",0,0.0
LinearSVM,20,387,"689_Arsenous acid, tris(trimethylsilyl) ester",0,0.0
LinearSVM,20,388,"693_Hexane, 2,5-dimethoxy-2,5-dimethyl-",0,0.0
LinearSVM,20,389,695_Unknown,0,0.0
LinearSVM,20,390,"696_Silicic acid, diethyl bis(trimethylsilyl) ester",0,0.0
LinearSVM,20,391,"697_Benzene, 2-ethyl-1,4-dimethyl-",0,0.0
LinearSVM,20,392,"698_1,6-Dioxaspiro[4.4]nonane, 2-ethyl-",0,0.0
LinearSVM,20,393,701_(+)-4-Carene,5,0.16666666666666666
LinearSVM,20,394,703_Lethane,0,0.0
LinearSVM,20,395,706_2-Butoxyethyl acetate,0,0.0
LinearSVM,20,396,"709_4-Heptanol, 2,6-dimethyl-",0,0.0
LinearSVM,20,397,711_2-Nonanone,0,0.0
LinearSVM,20,398,712_Unknown,0,0.0
LinearSVM,20,399,713_Unknown,0,0.0
LinearSVM,20,400,"714_Benzoic acid, methyl ester",0,0.0
LinearSVM,20,401,"715_2,5-Furandione, 3-(1,1-dimethylethyl)-",0,0.0
LinearSVM,20,402,716_Unknown,0,0.0
LinearSVM,20,403,"717_1-Hexadecen-3-ol, 3,5,11,15-tetramethyl-",0,0.0
LinearSVM,20,404,720_Linalool,0,0.0
LinearSVM,20,405,724_Unknown,0,0.0
LinearSVM,20,406,726_Unknown,0,0.0
LinearSVM,20,407,"728_2-Cyclohexen-1-one, 3,6-dimethyl-6-(1-methylethyl)-",0,0.0
LinearSVM,20,408,729_Unknown,0,0.0
LinearSVM,20,409,730_Unknown,1,0.03333333333333333
LinearSVM,20,410,732_Nonanal,9,0.3
LinearSVM,20,411,738_Unknown,0,0.0
LinearSVM,20,412,742_Unknown,0,0.0
LinearSVM,20,413,"743_Benzene, 1,3-dichloro-2-methyl-",0,0.0
LinearSVM,20,414,744_Unknown,0,0.0
LinearSVM,20,415,746_Unknown,3,0.1
LinearSVM,20,416,749_Isophorone,0,0.0
LinearSVM,20,417,"752_Hexanoic acid, 2-ethyl-",5,0.16666666666666666
LinearSVM,20,418,753_Unknown,0,0.0
LinearSVM,20,419,754_Unknown,0,0.0
LinearSVM,20,420,"755_Undecane, 3,8-dimethyl-",0,0.0
LinearSVM,20,421,758_Unknown,8,0.26666666666666666
LinearSVM,20,422,760_Unknown,3,0.1
LinearSVM,20,423,"771_1H-Indene, 2,3-dihydro-5-methyl-",0,0.0
LinearSVM,20,424,772_Unknown,0,0.0
LinearSVM,20,425,"777_Cyclopentasiloxane, decamethyl-",0,0.0
LinearSVM,20,426,778_Unknown,0,0.0
LinearSVM,20,427,779_Unknown,0,0.0
LinearSVM,20,428,"781_trans-1,2-Dimethylsilacyclohexane",0,0.0
LinearSVM,20,429,"782_2,6-Dihydroxyacetophenone, 2TMS derivative",0,0.0
LinearSVM,20,430,"783_Cyclohexanol, 1-butyl-",0,0.0
LinearSVM,20,431,"784_1,1,3,3,5,5,7,7-Octamethyl-7-(2-methylpropoxy)tetrasiloxan-1-ol",7,0.23333333333333334
LinearSVM,20,432,785_Unknown,0,0.0
LinearSVM,20,433,"787_Acetamide, 2-(3-cyano-4-methoxymethyl-6-methylpyridin-2-ylsulfanyl)-N-(3-trifluoromethylphenyl)-",0,0.0
LinearSVM,20,434,"793_Hexadecanal, 2-methyl-",0,0.0
LinearSVM,20,435,794_(R)-(+)-1-Phenyl-1-propanol,0,0.0
LinearSVM,20,436,"795_2(3H)-Furanone, dihydro-5-propyl-",0,0.0
LinearSVM,20,437,796_Unknown,0,0.0
LinearSVM,20,438,"799_2(3H)-Furanone, 5-heptyldihydro-",0,0.0
LinearSVM,20,439,"802_Silane, cyclohexyldimethoxymethyl-",0,0.0
LinearSVM,20,440,"804_2,6-Dimethyldecane",0,0.0
LinearSVM,20,441,805_Unknown,0,0.0
LinearSVM,20,442,"807_Benzene, (2-methylbutyl)-",0,0.0
LinearSVM,20,443,809_Unknown,0,0.0
LinearSVM,20,444,"813_2-Nonenal, (E)-",0,0.0
LinearSVM,20,445,"815_Acetic acid, phenylmethyl ester",0,0.0
LinearSVM,20,446,819_Unknown,0,0.0
LinearSVM,20,447,820_Benzoic acid,0,0.0
LinearSVM,20,448,824_Unknown,0,0.0
LinearSVM,20,449,826_Unknown,0,0.0
LinearSVM,20,450,"827_p-Acetophenetidide, N-methyl-",0,0.0
LinearSVM,20,451,"828_Phenol, 2,4-dimethyl-",0,0.0
LinearSVM,20,452,832_trans-2-Dodecen-1-ol,3,0.1
LinearSVM,20,453,834_Unknown,0,0.0
LinearSVM,20,454,835_1-Nonanol,0,0.0
LinearSVM,20,455,838_Terpinen-4-ol,0,0.0
LinearSVM,20,456,845_3-Decanone,3,0.1
LinearSVM,20,457,"846_Ethanol, 1-(2-butoxyethoxy)-",0,0.0
LinearSVM,20,458,847_Unknown,0,0.0
LinearSVM,20,459,"848_Benzenemethanol, .alpha.-methyl-, acetate",1,0.03333333333333333
LinearSVM,20,460,849_Unknown,0,0.0
LinearSVM,20,461,851_Unknown,6,0.2
LinearSVM,20,462,853_Unknown,0,0.0
LinearSVM,20,463,858_2-Decanone,0,0.0
LinearSVM,20,464,"863_1-Buten-3-one, 1-(2-carboxy-4,4-dimethylcyclobutenyl)-",0,0.0
LinearSVM,20,465,865_Unknown,0,0.0
LinearSVM,20,466,872_Unknown,1,0.03333333333333333
LinearSVM,20,467,874_Unknown,0,0.0
LinearSVM,20,468,875_4-n-Propylbenzoic acid,30,1.0
LinearSVM,20,469,877_Unknown,2,0.06666666666666667
LinearSVM,20,470,878_Unknown,0,0.0
LinearSVM,20,471,879_Unknown,2,0.06666666666666667
LinearSVM,20,472,880_Unknown,0,0.0
LinearSVM,20,473,887_Unknown,10,0.3333333333333333
LinearSVM,20,474,"888_Benzaldehyde, 2,4-dimethyl-",0,0.0
LinearSVM,20,475,889_Dodecyl nonyl ether,0,0.0
LinearSVM,20,476,891_Unknown,0,0.0
LinearSVM,20,477,892_Unknown,0,0.0
LinearSVM,20,478,"894_2,4-Nonadienal, (E,E)-",0,0.0
LinearSVM,20,479,"897_2,3,4,6-Tetrahydroisoquinolin-6-one, 1-[4-hydroxybenzyl]-7-methoxy-",0,0.0
LinearSVM,20,480,900_Benzothiazole,0,0.0
LinearSVM,20,481,903_Unknown,0,0.0
LinearSVM,20,482,906_Unknown,0,0.0
LinearSVM,20,483,"907_2-Propenoic acid, 6-methylheptyl ester",0,0.0
LinearSVM,20,484,908_Unknown,0,0.0
LinearSVM,20,485,911_Unknown,6,0.2
LinearSVM,20,486,"912_Cyclohexane, isothiocyanato-",0,0.0
LinearSVM,20,487,"914_Pentasiloxane, dodecamethyl-",0,0.0
LinearSVM,20,488,917_Unknown,13,0.43333333333333335
LinearSVM,20,489,934_Unknown,0,0.0
LinearSVM,20,490,"936_Silane, trimethyl(3-methyl-1-butynyl)-",0,0.0
LinearSVM,20,491,938_Unknown,0,0.0
LinearSVM,20,492,940_Unknown,0,0.0
LinearSVM,20,493,943_Unknown,0,0.0
LinearSVM,20,494,"944_Benzene, 1,3-bis(1,1-dimethylethyl)-",0,0.0
LinearSVM,20,495,947_Geraniol,0,0.0
LinearSVM,20,496,"948_2,6,10-Trimethyltridecane",0,0.0
LinearSVM,20,497,"949_Heptadecane, 2,6,10,15-tetramethyl-",0,0.0
LinearSVM,20,498,"950_Acetic acid, chloro-, 2-phenylethyl ester",0,0.0
LinearSVM,20,499,"952_Sulfurous acid, 2-ethylhexyl undecyl ester",0,0.0
LinearSVM,20,500,"958_1H-Indene, 2,3-dihydro-1,1-dimethyl-",0,0.0
LinearSVM,20,501,960_Unknown,0,0.0
LinearSVM,20,502,962_Unknown,0,0.0
LinearSVM,20,503,963_Unknown,0,0.0
LinearSVM,20,504,966_Unknown,0,0.0
LinearSVM,20,505,"967_2-Decenal, (E)-",0,0.0
LinearSVM,20,506,968_Unknown,0,0.0
LinearSVM,20,507,974_Unknown,0,0.0
LinearSVM,20,508,"976_Benzoic acid, 2-hydroxy-, ethyl ester",0,0.0
LinearSVM,20,509,977_Nonanoic acid,0,0.0
LinearSVM,20,510,980_Unknown,0,0.0
LinearSVM,20,511,"983_Benzaldehyde, 4-propyl-",0,0.0
LinearSVM,20,512,984_1-Decanol,0,0.0
LinearSVM,20,513,"990_3,4-Dimethylcumene",0,0.0
LinearSVM,20,514,995_Unknown,0,0.0
LinearSVM,20,515,"1002_3-Picoline, 5-(tert-butylthio)-",0,0.0
LinearSVM,20,516,1010_Unknown,0,0.0
LinearSVM,20,517,"1011_Naphthalene, 1,2,3,4-tetrahydro-1,8-dimethyl-",0,0.0
LinearSVM,20,518,"1012_Phenol, 2-methyl-5-(1-methylethyl)-",0,0.0
LinearSVM,20,519,1013_Unknown,0,0.0
LinearSVM,20,520,"1014_1H-Pyrazole, 3-ethyl-4,5-dihydro-1,4-dimethyl-",0,0.0
LinearSVM,20,521,"1016_Benzothiazole, 2-methyl-",0,0.0
LinearSVM,20,522,"1017_Naphthalene, 1-methyl-",0,0.0
LinearSVM,20,523,1019_Unknown,0,0.0
LinearSVM,20,524,"1022_2-Cyclohexen-1-one, 4-butyl-3-methoxy-",3,0.1
LinearSVM,20,525,1024_Unknown,0,0.0
LinearSVM,20,526,1026_Unknown,0,0.0
LinearSVM,20,527,"1032_Carbonic acid, tetradecyl vinyl ester",0,0.0
LinearSVM,20,528,"1033_Cyclohexasiloxane, dodecamethyl-",0,0.0
LinearSVM,20,529,"1034_.beta.-Hydroxypyruvic acid, trimethylsilyl ether, trimethylsilyl ester",0,0.0
LinearSVM,20,530,1036_Unknown,0,0.0
LinearSVM,20,531,1041_Unknown,0,0.0
LinearSVM,20,532,"1042_Ethanone, 1-[4-(1-methylethyl)phenyl]-",0,0.0
LinearSVM,20,533,"1044_Ethanone, 1-(2,4,5-trimethylphenyl)-",0,0.0
LinearSVM,20,534,1046_2-Bromo dodecane,0,0.0
LinearSVM,20,535,1047_3-tert-Butyl-2-pyrazolin-5-one,0,0.0
LinearSVM,20,536,1051_Unknown,0,0.0
LinearSVM,20,537,"1052_1,3-Cyclohexadiene-1-carboxaldehyde, 2,6,6-trimethyl-",1,0.03333333333333333
LinearSVM,20,538,1053_Unknown,0,0.0
LinearSVM,20,539,1056_Unknown,0,0.0
LinearSVM,20,540,1057_Unknown,0,0.0
LinearSVM,20,541,1059_Unknown,0,0.0
LinearSVM,20,542,"1060_Cyclohexanol, 4-(1,1-dimethylethyl)-, acetate, cis-",0,0.0
LinearSVM,20,543,"1061_Benzene, 3-cyclohexen-1-yl-",0,0.0
LinearSVM,20,544,1062_Unknown,0,0.0
LinearSVM,20,545,"1064_(-)-1,2,2.alpha.,3,3,4,6,7,8,8.alpha.-decahydro-2.alpha.,7,8-trimethylacenaphthylene",0,0.0
LinearSVM,20,546,"1066_Hexanamide, N-methallyl-",0,0.0
LinearSVM,20,547,1067_Cedrene-V6,0,0.0
LinearSVM,20,548,1068_Unknown,0,0.0
LinearSVM,20,549,1070_Unknown,0,0.0
LinearSVM,20,550,"1071_2,4,4-Trimethyl-3-(3-methylbutyl)cyclohex-2-enone",0,0.0
LinearSVM,20,551,1072_Unknown,0,0.0
LinearSVM,20,552,1073_Unknown,0,0.0
LinearSVM,20,553,"1074_Benzene, 1-(1,1-dimethylethyl)-3-ethyl-",0,0.0
LinearSVM,20,554,"1077_Sulfurous acid, cyclohexylmethyl heptadecyl ester",0,0.0
LinearSVM,20,555,"1080_Tricyclo[5.4.0.0(2,8)]undec-9-ene, 2,6,6,9-tetramethyl-, (1R,2S,7R,8R)-",0,0.0
LinearSVM,20,556,"1083_2,7-Imino-3,6-methanonaphthalene, decahydro-",0,0.0
LinearSVM,20,557,"1084_(1R,3aS,4aS,8aS)-1,4,4,6-Tetramethyl-1,2,3,3a,4,4a,7,8-octahydrocyclopenta[1,4]cyclobuta[1,2]benzene",0,0.0
LinearSVM,20,558,"1090_Phenol, 2-(1,1-dimethylethyl)-6-methyl-",0,0.0
LinearSVM,20,559,1091_Unknown,0,0.0
LinearSVM,20,560,1093_Unknown,0,0.0
LinearSVM,20,561,"1094_Heptacosane, 1-chloro-",0,0.0
LinearSVM,20,562,1097_Unknown,0,0.0
LinearSVM,20,563,1099_2-Undecenal,0,0.0
LinearSVM,20,564,"1100_Ethanone, 1-[4-(1-methylethenyl)phenyl]-",0,0.0
LinearSVM,20,565,1102_N-(tert-Butyldimethylsilyl)-9-ethyl-9H-carbazol-3-amine,0,0.0
LinearSVM,20,566,"1103_Ethanone, 1-(2,3-dihydro-1H-inden-5-yl)-",0,0.0
LinearSVM,20,567,1106_o-tert-Butyl cyclohexyl acetate 1,0,0.0
LinearSVM,20,568,1111_Butyl benzoate,0,0.0
LinearSVM,20,569,"1112_Acetic acid, trifluoro-, undecyl ester",0,0.0
LinearSVM,20,570,1117_Unknown,0,0.0
LinearSVM,20,571,1119_Longifolene-(V4),0,0.0
LinearSVM,20,572,1121_Unknown,0,0.0
LinearSVM,20,573,"1125_2,4,4,6,6,8,8-Heptamethyl-1-nonene",0,0.0
LinearSVM,20,574,1127_Unknown,0,0.0
LinearSVM,20,575,"1130_2-Butanone, 1-(1,3-benzodioxol-5-yl)-",0,0.0
LinearSVM,20,576,1131_Unknown,0,0.0
LinearSVM,20,577,1133_2-Dodecanone,0,0.0
LinearSVM,20,578,1134_Unknown,0,0.0
LinearSVM,20,579,"1135_Hexasiloxane, tetradecamethyl-",0,0.0
LinearSVM,20,580,"1138_Bicyclo[4.4.0]dec-1-ene, 2-isopropyl-5-methyl-9-methylene-",0,0.0
LinearSVM,20,581,1139_Unknown,2,0.06666666666666667
LinearSVM,20,582,1140_Unknown,0,0.0
LinearSVM,20,583,1141_Diphenyl ether,0,0.0
LinearSVM,20,584,"1145_2,3-Dihydro-1H-cyclopenta[b]quinoxaline",0,0.0
LinearSVM,20,585,1147_Unknown,0,0.0
LinearSVM,20,586,1148_Unknown,0,0.0
LinearSVM,20,587,1149_Unknown,0,0.0
LinearSVM,20,588,"1150_1H-3a,7-Methanoazulene, octahydro-1,4,9,9-tetramethyl-, (1.alpha.,3a.alpha.,4.beta.,7.alpha.,8a.beta.)-",0,0.0
LinearSVM,20,589,"1151_1H-Cycloprop[e]azulene, decahydro-1,1,4,7-tetramethyl-",0,0.0
LinearSVM,20,590,"1157_2,4,8-Trimethyl-1,2,3,4-tetrahydroquinoline",0,0.0
LinearSVM,20,591,"1159_5-Azulenemethanol, 1,2,3,4,5,6,7,8-octahydro-.alpha.,.alpha.,3,8-tetramethyl-, acetate, [3S-(3.alpha.,5.alpha.,8.alpha.)]-",0,0.0
LinearSVM,20,592,"1163_10,10-Dimethyl-4-acetyl-tricyclo[5.2.1.0(1,5)]decane",0,0.0
LinearSVM,20,593,"1167_(3S,4aR,8aS)-1,1,3,6-Tetramethyl-3-vinyl-3,4,4a,7,8,8a-hexahydro-1H-isochromene",0,0.0
LinearSVM,20,594,1168_Unknown,0,0.0
LinearSVM,20,595,1172_2-Cyanoquinoxaline,0,0.0
LinearSVM,20,596,"1173_Spiro[5.5]undec-2-ene, 3,7,7-trimethyl-11-methylene-, (-)-",0,0.0
LinearSVM,20,597,"1175_4,7-methano-1H-inden-5-ol, 3a,4,5,6,7,7a-hexahydro-, acetate",1,0.03333333333333333
LinearSVM,20,598,"1177_2-Isopropenyl-4a,8-dimethyl-1,2,3,4,4a,5,6,8a-octahydronaphthalene",0,0.0
LinearSVM,20,599,1178_Nopyl acetate,0,0.0
LinearSVM,20,600,1180_Unknown,0,0.0
LinearSVM,20,601,1184_Isosativene,0,0.0
LinearSVM,20,602,"1185_Ethanone, 1,1'-(1,4-phenylene)bis-",0,0.0
LinearSVM,20,603,"1186_1,1,7,7a-Tetramethyl-1a,2,6,7,7a,7b-hexahydro-1H-cyclopropa[a]naphthalene",0,0.0
LinearSVM,20,604,"1187_2-Butanone, 4-(2,6,6-trimethyl-1-cyclohexen-1-yl)-",0,0.0
LinearSVM,20,605,1189_.gamma.-Neoclovene,0,0.0
LinearSVM,20,606,"1190_Quinoline, 1,2-dihydro-2,2,4-trimethyl-",0,0.0
LinearSVM,20,607,1192_Unknown,0,0.0
LinearSVM,20,608,1193_Unknown,0,0.0
LinearSVM,20,609,"1196_(-)-Neoclovene-(I), dihydro-",0,0.0
LinearSVM,20,610,"1197_Quinoline, 2,7-dimethyl-",0,0.0
LinearSVM,20,611,"1198_Phthalic acid, methyl neopentyl ester",0,0.0
LinearSVM,20,612,"1200_Benzene, 1-(1,5-dimethylhexyl)-4-methyl-",0,0.0
LinearSVM,20,613,1201_Dimethyl phthalate,0,0.0
LinearSVM,20,614,1202_Biphenylene,0,0.0
LinearSVM,20,615,1203_Unknown,0,0.0
LinearSVM,20,616,1204_Unknown,0,0.0
LinearSVM,20,617,"1206_5,9-Undecadien-2-one, 6,10-dimethyl-, (E)-",0,0.0
LinearSVM,20,618,1208_Unknown,0,0.0
LinearSVM,20,619,"1212_1-Cyclohexene, 1,3,3-trimethyl-2-(1-methylbut-1-en-3-on-1-yl)-",0,0.0
LinearSVM,20,620,1213_(-)-.alpha.-Panasinsen,0,0.0
LinearSVM,20,621,1216_Unknown,0,0.0
LinearSVM,20,622,"1217_Silane, trichlorooctadecyl-",0,0.0
LinearSVM,20,623,1219_Unknown,0,0.0
LinearSVM,20,624,"1220_2,5-cyclohexadien-1-one, 2,6-bis(1,1-dimethylethyl)-4-hydroxy-4-methyl-",0,0.0
LinearSVM,20,625,"1221_1,2-Bis(trimethylsilyl)-4-methylbenzene",0,0.0
LinearSVM,20,626,"1223_2,5-Cyclohexadiene-1,4-dione, 2,6-bis(1,1-dimethylethyl)-",0,0.0
LinearSVM,20,627,1224_Unknown,0,0.0
LinearSVM,20,628,1228_Unknown,0,0.0
LinearSVM,20,629,"1234_2,5-cyclohexadiene-1,4-dione, 2-(1,1-dimethylethyl)-5-(2-methyl-2-propen-1-yl)-",0,0.0
LinearSVM,20,630,"1235_Cycloheptasiloxane, tetradecamethyl-",0,0.0
LinearSVM,20,631,1237_Unknown,0,0.0
LinearSVM,20,632,"1241_Ethanone, 1-[4-(1-hydroxy-1-methylethyl)phenyl]-",0,0.0
LinearSVM,20,633,"1242_Butanedioic acid, bis(2-methylpropyl) ester",0,0.0
LinearSVM,20,634,"1243_Ppropiolic acid, 3-(1-hydroxy-2-isopropyl-5-methylcyclohexyl)-",0,0.0
LinearSVM,20,635,1244_Unknown,0,0.0
LinearSVM,20,636,1247_Unknown,0,0.0
LinearSVM,20,637,1248_Dodecanenitrile,0,0.0
LinearSVM,20,638,"1250_Octacosane, 1-iodo-",0,0.0
LinearSVM,20,639,1251_Unknown,23,0.7666666666666667
LinearSVM,20,640,1252_n-Pentadecanol,0,0.0
LinearSVM,20,641,1255_Unknown,0,0.0
LinearSVM,20,642,1257_Pentadecane,0,0.0
LinearSVM,20,643,1258_Butylated Hydroxytoluene,0,0.0
LinearSVM,20,644,1259_Unknown,0,0.0
LinearSVM,20,645,1261_Unknown,0,0.0
LinearSVM,20,646,1262_Unknown,0,0.0
LinearSVM,20,647,"1263_2,4-Di-tert-butylphenol",0,0.0
LinearSVM,20,648,1264_Unknown,0,0.0
LinearSVM,20,649,1265_Unknown,0,0.0
LinearSVM,20,650,1266_Unknown,0,0.0
LinearSVM,20,651,1267_Unknown,3,0.1
LinearSVM,20,652,1268_Bis(pentamethylcyclotrisiloxy)tetramethyldisiloxane,0,0.0
LinearSVM,20,653,1269_Unknown,0,0.0
LinearSVM,20,654,1271_Unknown,0,0.0
LinearSVM,20,655,1274_Unknown,0,0.0
LinearSVM,20,656,1277_Octadecyl octyl ether,4,0.13333333333333333
LinearSVM,20,657,"1281_Eicosane, 1-iodo-",0,0.0
LinearSVM,20,658,"1282_Benzoic acid, 4-ethoxy-, ethyl ester",0,0.0
LinearSVM,20,659,1283_2-(1-Cyclohexenyl)cyclohexanone,0,0.0
LinearSVM,20,660,"1286_1-Dodecanol, 2-hexyl-",0,0.0
LinearSVM,20,661,1290_Unknown,0,0.0
LinearSVM,20,662,1293_Unknown,0,0.0
LinearSVM,20,663,1296_Unknown,0,0.0
LinearSVM,20,664,1297_aR-Himachalene,0,0.0
LinearSVM,20,665,1298_Unknown,0,0.0
LinearSVM,20,666,1300_Unknown,0,0.0
LinearSVM,20,667,"1302_Adipic acid, di(but-2-en-1-yl) ester",0,0.0
LinearSVM,20,668,1304_Unknown,0,0.0
LinearSVM,20,669,"1305_Hexadecane, 2,6,11,15-tetramethyl-",0,0.0
LinearSVM,20,670,"1308_Dotriacontane, 1-iodo-",0,0.0
LinearSVM,20,671,"1312_Heptasiloxane, hexadecamethyl-",0,0.0
LinearSVM,20,672,1314_Unknown,0,0.0
LinearSVM,20,673,1315_Eicosane,0,0.0
LinearSVM,20,674,"1319_Pentadecane, 4-methyl-",0,0.0
LinearSVM,20,675,1321_Dodecanoic acid,0,0.0
LinearSVM,20,676,1323_Unknown,0,0.0
LinearSVM,20,677,"1324_Hexadecane, 7,9-dimethyl-",0,0.0
LinearSVM,20,678,"1325_1-Adamantanecarboxylic acid, 2-adamantyl ester",0,0.0
LinearSVM,20,679,1329_2-Methoxycarbonyl-2-methylbrendane,0,0.0
LinearSVM,20,680,"1334_Glutaric acid, di(isobutyl) ester",0,0.0
LinearSVM,20,681,1335_Unknown,0,0.0
LinearSVM,20,682,1336_Unknown,0,0.0
LinearSVM,20,683,"1338_4-tert-Butyl-2,6-diisopropylphenol",0,0.0
LinearSVM,20,684,1339_Unknown,0,0.0
LinearSVM,20,685,1340_Diethyl Phthalate,0,0.0
LinearSVM,20,686,1341_Unknown,0,0.0
LinearSVM,20,687,1342_Unknown,0,0.0
LinearSVM,20,688,"1343_2,2,4-Trimethyl-1,3-pentanediol diisobutyrate",0,0.0
LinearSVM,20,689,"1344_Phenol, 2,4,6-tri-tert-butyl-",0,0.0
LinearSVM,20,690,1345_Unknown,0,0.0
LinearSVM,20,691,1347_Unknown,0,0.0
LinearSVM,20,692,1353_Hexadecane,0,0.0
LinearSVM,20,693,1354_Unknown,0,0.0
LinearSVM,20,694,"1358_Cedrane, 8-propoxy-",0,0.0
LinearSVM,20,695,1361_Tetradecanal,0,0.0
LinearSVM,20,696,1366_Unknown,0,0.0
LinearSVM,20,697,1368_Benzophenone,0,0.0
LinearSVM,20,698,1369_Unknown,0,0.0
LinearSVM,20,699,1370_Unknown,0,0.0
LinearSVM,20,700,"1371_Benzene, (1-butylheptyl)-",0,0.0
LinearSVM,20,701,1372_Unknown,0,0.0
LinearSVM,20,702,1374_Unknown,0,0.0
LinearSVM,20,703,1375_Unknown,0,0.0
LinearSVM,20,704,"1376_Cyclooctasiloxane, hexadecamethyl-",0,0.0
LinearSVM,20,705,"1388_Pentadecane, 2,6,10-trimethyl-",0,0.0
LinearSVM,20,706,"1392_1,3,5-Triazine-2,4,6(1H,3H,5H)-trione, 1,3,5-tri-2-propenyl-",0,0.0
LinearSVM,20,707,"1393_Fumaric acid, eicosyl trans-hex-3-enyl ester",0,0.0
LinearSVM,20,708,1394_Unknown,0,0.0
LinearSVM,20,709,1395_Unknown,0,0.0
LinearSVM,20,710,"1406_Pyrene, hexadecahydro-",0,0.0
LinearSVM,20,711,1407_Unknown,0,0.0
LinearSVM,20,712,"1408_Heptadecane, 2-methyl-",0,0.0
LinearSVM,20,713,1410_Unknown,0,0.0
LinearSVM,20,714,"1411_Phenol, 2,4-di-t-butyl-6-nitro-",0,0.0
LinearSVM,20,715,1415_Unknown,0,0.0
LinearSVM,20,716,1419_Tetradecyl trifluoroacetate,0,0.0
LinearSVM,20,717,"1433_3-Chloropropionic acid, heptadecyl ester",0,0.0
LinearSVM,20,718,1434_Unknown,0,0.0
LinearSVM,20,719,1435_Unknown,0,0.0
LinearSVM,20,720,"1436_Pentanoic acid, 6-ethyl-3-octyl ester",0,0.0
LinearSVM,20,721,1439_Unknown,0,0.0
LinearSVM,20,722,1442_Unknown,8,0.26666666666666666
LinearSVM,20,723,1443_Unknown,0,0.0
LinearSVM,20,724,1444_Unknown,0,0.0
LinearSVM,20,725,1445_Heptadecane,3,0.1
LinearSVM,20,726,"1448_Benzene, (3-iodo-1-methoxypropyl)-",0,0.0
LinearSVM,20,727,"1452_Silane, diethoxydiphenyl-",0,0.0
LinearSVM,20,728,1454_Unknown,1,0.03333333333333333
LinearSVM,20,729,1455_Unknown,0,0.0
LinearSVM,20,730,1459_Pentadecanal-,0,0.0
LinearSVM,20,731,"1464_2,6,11,15-Tetramethyl-hexadeca-2,6,8,10,14-pentaene",0,0.0
LinearSVM,20,732,"1465_1-Penten-3-one, 2-methyl-1-(2,2,6-trimethylcyclohexen-1-yl)-",0,0.0
LinearSVM,20,733,1470_Hippuric acid,0,0.0
LinearSVM,20,734,"1472_Benzenecarbothioic acid, S-ethyl ester",2,0.06666666666666667
LinearSVM,20,735,1475_Unknown,0,0.0
LinearSVM,20,736,"1481_Benzene, 1-(1,1-dimethylethyl)-4-phenoxy-",0,0.0
LinearSVM,20,737,1484_Unknown,0,0.0
LinearSVM,20,738,"1488_Octadecane, 1-iodo-",0,0.0
LinearSVM,20,739,1492_Unknown,0,0.0
LinearSVM,20,740,1493_Unknown,0,0.0
LinearSVM,20,741,1499_Heneicosane,0,0.0
LinearSVM,20,742,1501_Hexestrol,0,0.0
LinearSVM,20,743,"1503_3,5-di-tert-Butyl-4-hydroxybenzaldehyde",0,0.0
LinearSVM,20,744,1504_Unknown,0,0.0
LinearSVM,20,745,1505_Unknown,0,0.0
LinearSVM,20,746,"1507_1,3-Cyclopentadiene, 5,5-dimethyl-1,2-Dipropyl-",0,0.0
LinearSVM,20,747,1510_Unknown,0,0.0
LinearSVM,20,748,1516_Tetradecanoic acid,0,0.0
LinearSVM,20,749,"1526_.alpha.-Phellandrene, dimer",0,0.0
LinearSVM,20,750,1535_Unknown,0,0.0
LinearSVM,20,751,"1556_Kaur-16-ene, (8.beta.,13.beta.)-",0,0.0
LinearSVM,20,752,1557_Unknown,0,0.0
LinearSVM,20,753,"1563_Benzene, 1-methyl-4-(1,2,2-trimethylcyclopentyl)-, (R)-",0,0.0
LinearSVM,20,754,"1564_Acetophenone, 2,2-difluoro-2-phenyl-",0,0.0
LinearSVM,20,755,1569_Unknown,0,0.0
LinearSVM,20,756,"1570_Ethanedione, diphenyl-",0,0.0
LinearSVM,20,757,1579_Isopropyl myristate,0,0.0
LinearSVM,20,758,"1597_Benzenebutanal, .gamma.,4-dimethyl-",0,0.0
LinearSVM,20,759,1601_Unknown,0,0.0
LinearSVM,20,760,"1623_Bayer 28,589",0,0.0
LinearSVM,20,761,1645_Palmitoleic acid,0,0.0
LinearSVM,20,762,1650_Diisooctyl phthalate,0,0.0
LinearSVM,20,763,"1653_1,2-Benzenedicarboxylic acid, bis(2-methylpropyl) ester",0,0.0
LinearSVM,20,764,1654_Tetracosane,0,0.0
LinearSVM,20,765,1658_Unknown,0,0.0
LinearSVM,20,766,"1660_l-(+)-Ascorbic acid 2,6-dihexadecanoate",0,0.0
LinearSVM,20,767,1661_Unknown,0,0.0
LinearSVM,20,768,"1663_7,11-Hexadecadienal",0,0.0
LinearSVM,20,769,1665_Unknown,0,0.0
LinearSVM,20,770,1667_Unknown,0,0.0
LinearSVM,20,771,1670_Unknown,0,0.0
LinearSVM,20,772,1672_Bis(2-ethylhexyl) phthalate,0,0.0
LinearSVM,20,773,1698_Unknown,0,0.0
LinearSVM,20,774,1700_Dotriacontane,0,0.0
LinearSVM,20,775,1707_Squalane,0,0.0
LinearSVM,20,776,1717_Unknown,0,0.0
LinearSVM,20,777,"1718_1,1'-Binaphthalene, 5,5',6,6',7,7',8,8'-octahydro-",0,0.0
LinearSVM,20,778,1720_Tritriacontane,0,0.0
LinearSVM,20,779,1730_Cyclic octaatomic sulfur,0,0.0
LinearSVM,50,0,"1_2-Butenal, (Z)-",0,0.0
LinearSVM,50,1,2_Unknown,0,0.0
LinearSVM,50,2,3_Unknown,0,0.0
LinearSVM,50,3,"4_4,5-Dihydrooxazole-5-one, 4-[4-acetoxy-3-methoxybenzylidene]-2-phenyl-",0,0.0
LinearSVM,50,4,6_Cyclopropyl methyl carbinol,0,0.0
LinearSVM,50,5,7_Unknown,0,0.0
LinearSVM,50,6,9_Unknown,24,0.8
LinearSVM,50,7,"11_Ethane, 1,2-dichloro-",0,0.0
LinearSVM,50,8,13_3-Methoxypropionic acid,0,0.0
LinearSVM,50,9,14_Thiirane,0,0.0
LinearSVM,50,10,"17_Furan, 2,3-dihydro-4-methyl-",0,0.0
LinearSVM,50,11,"18_Diborane(6), .mu.-mercapto-",0,0.0
LinearSVM,50,12,"19_Cyclohexane, (1,1-dimethylethyl)-",5,0.16666666666666666
LinearSVM,50,13,20_Unknown,0,0.0
LinearSVM,50,14,21_Unknown,0,0.0
LinearSVM,50,15,23_Unknown,0,0.0
LinearSVM,50,16,25_2-Oxo-6-(piperidine-1-sulfonyl)-benzooxazole-3-carboxylic acid 2-chloro-ethyl ester,0,0.0
LinearSVM,50,17,"26_2-Propanol, 1-methoxy-",0,0.0
LinearSVM,50,18,27_Unknown,0,0.0
LinearSVM,50,19,"28_Nonane, 5-methylene-",0,0.0
LinearSVM,50,20,"29_Disiloxane, hexamethyl-",0,0.0
LinearSVM,50,21,33_Unknown,0,0.0
LinearSVM,50,22,"34_Butanal, 2-methyl-",25,0.8333333333333334
LinearSVM,50,23,35_Unknown,0,0.0
LinearSVM,50,24,36_1-Penten-3-one,23,0.7666666666666667
LinearSVM,50,25,37_Unknown,1,0.03333333333333333
LinearSVM,50,26,"38_Methoxyacetic acid, 2-tetrahydrofurylmethyl ester",3,0.1
LinearSVM,50,27,40_tert-Butylpentamethyldisiloxane,0,0.0
LinearSVM,50,28,42_Triethylamine,30,1.0
LinearSVM,50,29,44_Unknown,1,0.03333333333333333
LinearSVM,50,30,"45_Pentane, 2,2,4-trimethyl-",0,0.0
LinearSVM,50,31,49_Unknown,0,0.0
LinearSVM,50,32,50_Unknown,28,0.9333333333333333
LinearSVM,50,33,51_Unknown,0,0.0
LinearSVM,50,34,53_Unknown,2,0.06666666666666667
LinearSVM,50,35,"54_Heptanal, 2-methyl-",0,0.0
LinearSVM,50,36,56_Unknown,0,0.0
LinearSVM,50,37,58_cis-1-Ethoxy-1-butene,2,0.06666666666666667
LinearSVM,50,38,60_Unknown,0,0.0
LinearSVM,50,39,"61_2-Butanol, 3,3-dimethyl-4-dimethylamino-2-phenyl-",1,0.03333333333333333
LinearSVM,50,40,62_Unknown,1,0.03333333333333333
LinearSVM,50,41,66_Unknown,0,0.0
LinearSVM,50,42,68_Unknown,0,0.0
LinearSVM,50,43,70_Trimethylene oxide,0,0.0
LinearSVM,50,44,71_Unknown,0,0.0
LinearSVM,50,45,72_Unknown,0,0.0
LinearSVM,50,46,"74_1,4-Dioxane",0,0.0
LinearSVM,50,47,75_Unknown,0,0.0
LinearSVM,50,48,"76_Ethane, methoxy-",0,0.0
LinearSVM,50,49,78_Unknown,0,0.0
LinearSVM,50,50,79_Unknown,8,0.26666666666666666
LinearSVM,50,51,"80_Propionic acid, 2-mercapto-, allyl ester",0,0.0
LinearSVM,50,52,"82_2-Cyclopenten-1-one, 3-methyl-",0,0.0
LinearSVM,50,53,"83_Ethanamine, N-ethyl-",0,0.0
LinearSVM,50,54,84_Unknown,0,0.0
LinearSVM,50,55,"86_Silanediol, dimethyl-",0,0.0
LinearSVM,50,56,87_Unknown,0,0.0
LinearSVM,50,57,"88_Sulfurous acid, dimethyl ester",0,0.0
LinearSVM,50,58,90_Unknown,1,0.03333333333333333
LinearSVM,50,59,91_Unknown,16,0.5333333333333333
LinearSVM,50,60,"92_Propane, 1-isothiocyanato-",0,0.0
LinearSVM,50,61,93_Unknown,0,0.0
LinearSVM,50,62,"94_Cyclopentanemethanol, 3-methylene-",0,0.0
LinearSVM,50,63,97_Unknown,0,0.0
LinearSVM,50,64,"100_Formic acid, butyl ester",0,0.0
LinearSVM,50,65,"101_1,3-Propanediol",15,0.5
LinearSVM,50,66,"104_Ethane, 1,1-diethoxy-",0,0.0
LinearSVM,50,67,"107_Formic acid, 5-methylhex-2-yl ester",0,0.0
LinearSVM,50,68,110_2-Heptene,0,0.0
LinearSVM,50,69,111_Unknown,0,0.0
LinearSVM,50,70,112_Unknown,0,0.0
LinearSVM,50,71,114_Unknown,0,0.0
LinearSVM,50,72,115_Unknown,13,0.43333333333333335
LinearSVM,50,73,"117_Propane, 3,3-dichloro-1,1,1,2,2-pentafluoro-",0,0.0
LinearSVM,50,74,"119_2-Pentanol, 2-methyl-",0,0.0
LinearSVM,50,75,"120_Oxirane, 2-(1,1-dimethylethyl)-3-methyl-",0,0.0
LinearSVM,50,76,121_Unknown,1,0.03333333333333333
LinearSVM,50,77,122_Unknown,0,0.0
LinearSVM,50,78,123_Unknown,0,0.0
LinearSVM,50,79,124_Unknown,0,0.0
LinearSVM,50,80,125_Unknown,20,0.6666666666666666
LinearSVM,50,81,"126_2,4-Pentadienenitrile",29,0.9666666666666667
LinearSVM,50,82,127_Unknown,3,0.1
LinearSVM,50,83,129_Unknown,0,0.0
LinearSVM,50,84,"130_3-Oxa-bicyclo[3.2.0]hept-6-ene-2,4-dione",14,0.4666666666666667
LinearSVM,50,85,"131_2-Butenal, 2-methyl-, (E)-",1,0.03333333333333333
LinearSVM,50,86,132_Pyridine,11,0.36666666666666664
LinearSVM,50,87,"133_Formic acid, 2-methylbutyl ester",25,0.8333333333333334
LinearSVM,50,88,134_Unknown,0,0.0
LinearSVM,50,89,"135_Disulfide, dimethyl",0,0.0
LinearSVM,50,90,136_Unknown,3,0.1
LinearSVM,50,91,"137_2-Butenal, 2-methyl-",29,0.9666666666666667
LinearSVM,50,92,138_Unknown,2,0.06666666666666667
LinearSVM,50,93,139_Unknown,12,0.4
LinearSVM,50,94,140_Unknown,0,0.0
LinearSVM,50,95,145_Unknown,0,0.0
LinearSVM,50,96,146_Unknown,0,0.0
LinearSVM,50,97,"147_Methanamine, N,N-difluoro-",0,0.0
LinearSVM,50,98,148_Propanoic acid,0,0.0
LinearSVM,50,99,149_Unknown,0,0.0
LinearSVM,50,100,150_Unknown,0,0.0
LinearSVM,50,101,152_Unknown,0,0.0
LinearSVM,50,102,153_Unknown,0,0.0
LinearSVM,50,103,154_Unknown,0,0.0
LinearSVM,50,104,155_Tetraethylammonium chloride,0,0.0
LinearSVM,50,105,"160_Butanoic acid, 2-amino-4-(methylsulfinyl)-, (.+/-.)-",0,0.0
LinearSVM,50,106,161_Unknown,0,0.0
LinearSVM,50,107,"162_3-Hexene, 2,2-dimethyl-, (Z)-",0,0.0
LinearSVM,50,108,169_Unknown,0,0.0
LinearSVM,50,109,170_Unknown,0,0.0
LinearSVM,50,110,172_Toluene,0,0.0
LinearSVM,50,111,173_Unknown,0,0.0
LinearSVM,50,112,174_1-Methyl-1-ethoxycyclobutane,0,0.0
LinearSVM,50,113,"176_Boron, trihydro(pyridine)-, (T-4)-",0,0.0
LinearSVM,50,114,177_Unknown,0,0.0
LinearSVM,50,115,178_Unknown,0,0.0
LinearSVM,50,116,179_Unknown,0,0.0
LinearSVM,50,117,"180_1-Penten-3-one, 2-methyl-",0,0.0
LinearSVM,50,118,181_Unknown,0,0.0
LinearSVM,50,119,"182_2,2,4,4-Tetramethyloctane",0,0.0
LinearSVM,50,120,183_Unknown,13,0.43333333333333335
LinearSVM,50,121,184_Unknown,0,0.0
LinearSVM,50,122,185_Unknown,1,0.03333333333333333
LinearSVM,50,123,"186_Butane, 2-cyclopropyl-",0,0.0
LinearSVM,50,124,"188_2-Hexene, 3-methyl-, (Z)-",0,0.0
LinearSVM,50,125,189_Unknown,0,0.0
LinearSVM,50,126,190_Unknown,1,0.03333333333333333
LinearSVM,50,127,"194_D-Erythro-Tetrofuranose-3-ulose, 4-C-cyclopropyl-1,2-O-isopropylidene-, .alpha.-",0,0.0
LinearSVM,50,128,"203_1,3-Dioxolane, 2-ethyl-4-methyl-",0,0.0
LinearSVM,50,129,205_Unknown,0,0.0
LinearSVM,50,130,207_Unknown,0,0.0
LinearSVM,50,131,209_Unknown,0,0.0
LinearSVM,50,132,211_Unknown,0,0.0
LinearSVM,50,133,213_Unknown,12,0.4
LinearSVM,50,134,214_Cyclopentanone,0,0.0
LinearSVM,50,135,"216_Propane, 1,3-dimethoxy-",9,0.3
LinearSVM,50,136,"217_1,3-Diisopropoxy-1,3-dimethyl-1,3-disilacyclobutane",0,0.0
LinearSVM,50,137,218_Unknown,0,0.0
LinearSVM,50,138,223_4-Ethylbenzamide,0,0.0
LinearSVM,50,139,"224_2-Methoxy-1,3-dioxolane",0,0.0
LinearSVM,50,140,"226_4-Hexen-3-one, 4-methyl-",0,0.0
LinearSVM,50,141,"227_Pipecolic acid, N-propoxycarbonyl-, dodecyl ester",0,0.0
LinearSVM,50,142,"228_Cyclopentane, 1,2,4-trimethyl-, (1.alpha.,2.beta.,4.alpha.)-",2,0.06666666666666667
LinearSVM,50,143,229_Unknown,0,0.0
LinearSVM,50,144,"230_3-Penten-2-one, 4-methyl-",6,0.2
LinearSVM,50,145,231_Unknown,0,0.0
LinearSVM,50,146,"232_Isovaleric acid, 3-methylbutyl-2 ester",0,0.0
LinearSVM,50,147,233_Unknown,4,0.13333333333333333
LinearSVM,50,148,"234_Hexane, 2,2,4-trimethyl-",8,0.26666666666666666
LinearSVM,50,149,235_3-Nonen-5-one,0,0.0
LinearSVM,50,150,236_Hexanal,0,0.0
LinearSVM,50,151,"237_Ethanol, 2-propoxy-",0,0.0
LinearSVM,50,152,238_2-Methyl-4-methoxy-1-butanol,0,0.0
LinearSVM,50,153,"239_1-Butene, 2,3,3-trimethyl-",0,0.0
LinearSVM,50,154,240_Tetrachloroethylene,0,0.0
LinearSVM,50,155,243_Unknown,0,0.0
LinearSVM,50,156,247_Unknown,0,0.0
LinearSVM,50,157,249_Butanoic acid,0,0.0
LinearSVM,50,158,251_Unknown,7,0.23333333333333334
LinearSVM,50,159,252_Unknown,0,0.0
LinearSVM,50,160,"256_Propanoic acid, propyl ester",0,0.0
LinearSVM,50,161,"259_Heptane, 3,4,5-trimethyl-",0,0.0
LinearSVM,50,162,"262_1,5-Dimethyl-6-oxa-bicyclo[3.1.0]hexane",0,0.0
LinearSVM,50,163,263_Unknown,0,0.0
LinearSVM,50,164,"266_Acetic acid, butyl ester",0,0.0
LinearSVM,50,165,267_Unknown,0,0.0
LinearSVM,50,166,"268_Cyclotrisiloxane, hexamethyl-",2,0.06666666666666667
LinearSVM,50,167,269_Unknown,5,0.16666666666666666
LinearSVM,50,168,270_Unknown,0,0.0
LinearSVM,50,169,271_Unknown,11,0.36666666666666664
LinearSVM,50,170,"272_Butanoic acid, 2-oxo-, methyl ester",0,0.0
LinearSVM,50,171,"273_1-Butyne, 3-chloro-",0,0.0
LinearSVM,50,172,"274_Hexane, 3,3-dimethyl-",0,0.0
LinearSVM,50,173,275_Unknown,0,0.0
LinearSVM,50,174,277_Unknown,19,0.6333333333333333
LinearSVM,50,175,283_3-Furaldehyde,0,0.0
LinearSVM,50,176,286_Unknown,0,0.0
LinearSVM,50,177,288_4-Hexen-3-one,0,0.0
LinearSVM,50,178,290_Unknown,0,0.0
LinearSVM,50,179,291_Tetrafluoromethane,18,0.6
LinearSVM,50,180,"296_.beta.-D-Glucopyranose, 1,6-anhydro-",0,0.0
LinearSVM,50,181,300_Unknown,0,0.0
LinearSVM,50,182,"301_Benzene, chloro-",0,0.0
LinearSVM,50,183,302_Unknown,2,0.06666666666666667
LinearSVM,50,184,304_Unknown,0,0.0
LinearSVM,50,185,313_Unknown,6,0.2
LinearSVM,50,186,316_2-Ethyl-5-propylcyclopentanone,0,0.0
LinearSVM,50,187,317_Ethylbenzene,0,0.0
LinearSVM,50,188,319_Unknown,5,0.16666666666666666
LinearSVM,50,189,320_Unknown,0,0.0
LinearSVM,50,190,321_4-Hydroxy-3-hexanone,0,0.0
LinearSVM,50,191,"325_2,6-Octadiene-4,5-diol",0,0.0
LinearSVM,50,192,328_Unknown,0,0.0
LinearSVM,50,193,"329_Succinic acid, but-3-yn-2-yl tetrahydrofurfuryl ester",2,0.06666666666666667
LinearSVM,50,194,331_Unknown,1,0.03333333333333333
LinearSVM,50,195,332_N-(2-Methoxyethyl)-tert-butylamine,0,0.0
LinearSVM,50,196,333_Unknown,0,0.0
LinearSVM,50,197,334_Unknown,0,0.0
LinearSVM,50,198,"335_2-Ethylthiolane, S,S-dioxide",0,0.0
LinearSVM,50,199,336_1-Methylcyclopropanemethanol,0,0.0
LinearSVM,50,200,337_2-Methoxythiophene,0,0.0
LinearSVM,50,201,338_1-Methoxycyclohexane,0,0.0
LinearSVM,50,202,"339_2H-Imidazole-2-thione, 1,3-dihydro-1-methyl-",0,0.0
LinearSVM,50,203,"340_Acetaldehyde, butylhydrazone",2,0.06666666666666667
LinearSVM,50,204,341_Unknown,0,0.0
LinearSVM,50,205,342_Unknown,0,0.0
LinearSVM,50,206,346_Unknown,4,0.13333333333333333
LinearSVM,50,207,348_Unknown,1,0.03333333333333333
LinearSVM,50,208,349_Unknown,0,0.0
LinearSVM,50,209,"350_Trisiloxane, octamethyl-",0,0.0
LinearSVM,50,210,351_Unknown,1,0.03333333333333333
LinearSVM,50,211,353_3-Ethyl-2-nonanone,0,0.0
LinearSVM,50,212,"358_Ethanone, 1-(1-cyclohexen-1-yl)-",3,0.1
LinearSVM,50,213,"360_3,5-Octanedione, 2,2,4,7-tetramethyl-",0,0.0
LinearSVM,50,214,"361_1,2-Propanediol diformate",0,0.0
LinearSVM,50,215,362_Hypoglycin,0,0.0
LinearSVM,50,216,363_Cyclohexylmethylsilane,0,0.0
LinearSVM,50,217,364_3-Heptanone,0,0.0
LinearSVM,50,218,365_Unknown,0,0.0
LinearSVM,50,219,370_o-Xylene,0,0.0
LinearSVM,50,220,371_Unknown,0,0.0
LinearSVM,50,221,372_Unknown,2,0.06666666666666667
LinearSVM,50,222,374_Unknown,9,0.3
LinearSVM,50,223,375_Unknown,0,0.0
LinearSVM,50,224,376_Unknown,0,0.0
LinearSVM,50,225,"378_2,2,3-Triethyloxirane",2,0.06666666666666667
LinearSVM,50,226,381_Unknown,26,0.8666666666666667
LinearSVM,50,227,"383_3,3-Dichloropropyne",19,0.6333333333333333
LinearSVM,50,228,385_n-Heptyl acrylate,0,0.0
LinearSVM,50,229,"386_Cyclohexa-1,3-diene, 5,6-diethyl-",0,0.0
LinearSVM,50,230,"387_2-Propenoic acid, butyl ester",0,0.0
LinearSVM,50,231,388_Unknown,0,0.0
LinearSVM,50,232,389_3-Heptanol,0,0.0
LinearSVM,50,233,390_Unknown,0,0.0
LinearSVM,50,234,391_Unknown,0,0.0
LinearSVM,50,235,"392_1-Butyl(dimethyl)silyloxy-2,2-dimethylpropane",1,0.03333333333333333
LinearSVM,50,236,394_Unknown,4,0.13333333333333333
LinearSVM,50,237,"395_Ethanol, 2-butoxy-",4,0.13333333333333333
LinearSVM,50,238,396_Heptanal,0,0.0
LinearSVM,50,239,398_Unknown,0,0.0
LinearSVM,50,240,"399_2-Hexanol, 5-methyl-",0,0.0
LinearSVM,50,241,"401_2-Propanol, 1-methoxy-2-methyl-",0,0.0
LinearSVM,50,242,403_Unknown,0,0.0
LinearSVM,50,243,405_Unknown,0,0.0
LinearSVM,50,244,406_Unknown,0,0.0
LinearSVM,50,245,407_Unknown,5,0.16666666666666666
LinearSVM,50,246,409_Unknown,0,0.0
LinearSVM,50,247,410_Unknown,0,0.0
LinearSVM,50,248,"411_Propanoic acid, butyl ester",0,0.0
LinearSVM,50,249,412_Unknown,0,0.0
LinearSVM,50,250,413_Unknown,0,0.0
LinearSVM,50,251,416_Unknown,0,0.0
LinearSVM,50,252,"422_1-Pentanol, TBDMS derivative",0,0.0
LinearSVM,50,253,427_Unknown,4,0.13333333333333333
LinearSVM,50,254,428_Unknown,0,0.0
LinearSVM,50,255,"431_1-Hexyn-3-ol, 3-methyl-",0,0.0
LinearSVM,50,256,434_Unknown,0,0.0
LinearSVM,50,257,436_Unknown,2,0.06666666666666667
LinearSVM,50,258,"438_Undecane, 5,5-dimethyl-",0,0.0
LinearSVM,50,259,442_2-Cyclohexen-1-one,0,0.0
LinearSVM,50,260,446_Unknown,0,0.0
LinearSVM,50,261,"449_Cyclohexane, 1,3-dimethyl-",0,0.0
LinearSVM,50,262,450_Unknown,0,0.0
LinearSVM,50,263,"451_2-Heptanone, 4-methyl-",0,0.0
LinearSVM,50,264,454_Unknown,0,0.0
LinearSVM,50,265,459_Unknown,0,0.0
LinearSVM,50,266,462_(-)-trans-Pinane,0,0.0
LinearSVM,50,267,464_Unknown,0,0.0
LinearSVM,50,268,465_3-Ethyl-4-methylpentan-1-ol,29,0.9666666666666667
LinearSVM,50,269,"466_Hexanal, 3,3-dimethyl-",1,0.03333333333333333
LinearSVM,50,270,"471_Hexanal, 2-ethyl-",28,0.9333333333333333
LinearSVM,50,271,"474_2-Heptenal, (Z)-",30,1.0
LinearSVM,50,272,475_Unknown,6,0.2
LinearSVM,50,273,476_Unknown,0,0.0
LinearSVM,50,274,477_Unknown,0,0.0
LinearSVM,50,275,478_Unknown,9,0.3
LinearSVM,50,276,479_3-Ethylcyclopentanone,1,0.03333333333333333
LinearSVM,50,277,"480_Benzene, 1,1'-(1-methyl-1,2-ethanediyl)bis-",0,0.0
LinearSVM,50,278,"483_2H-Pyran-3,4,5-triol, tetrahydro-2-methoxy-6-methyl-",0,0.0
LinearSVM,50,279,484_Unknown,0,0.0
LinearSVM,50,280,"485_Nonane, 4-methyl-",0,0.0
LinearSVM,50,281,"488_Tridecane, 6-methyl-",0,0.0
LinearSVM,50,282,490_Unknown,0,0.0
LinearSVM,50,283,"492_Pentadecane, 6-methyl-",6,0.2
LinearSVM,50,284,"495_Ethanol, 2,2'-oxybis-",0,0.0
LinearSVM,50,285,496_(E)1-Allyl-2-methylcyclohexanol,11,0.36666666666666664
LinearSVM,50,286,"497_4-Octanol, 2-methyl-",0,0.0
LinearSVM,50,287,500_Dibutylsulfamic acid,0,0.0
LinearSVM,50,288,"501_5-Ethyl-2,4-nonandione",0,0.0
LinearSVM,50,289,"502_Oxalic acid, butyl 2-ethylhexyl ester",0,0.0
LinearSVM,50,290,503_5-Nonanol,0,0.0
LinearSVM,50,291,"507_Formic acid, heptyl ester",0,0.0
LinearSVM,50,292,508_Unknown,0,0.0
LinearSVM,50,293,510_Unknown,7,0.23333333333333334
LinearSVM,50,294,511_Unknown,0,0.0
LinearSVM,50,295,512_Unknown,0,0.0
LinearSVM,50,296,513_Unknown,0,0.0
LinearSVM,50,297,516_1-Decen-3-one,1,0.03333333333333333
LinearSVM,50,298,521_Unknown,0,0.0
LinearSVM,50,299,522_Unknown,28,0.9333333333333333
LinearSVM,50,300,523_Benzonitrile,3,0.1
LinearSVM,50,301,"524_3-Pentenoic acid, 4-methyl-",0,0.0
LinearSVM,50,302,525_1-Octen-3-ol,0,0.0
LinearSVM,50,303,"527_Dodecane, 2,2,11,11-tetramethyl-",0,0.0
LinearSVM,50,304,528_Phenol,0,0.0
LinearSVM,50,305,531_Unknown,0,0.0
LinearSVM,50,306,533_Unknown,7,0.23333333333333334
LinearSVM,50,307,535_Unknown,1,0.03333333333333333
LinearSVM,50,308,"536_Propanoic acid, 2,2-dimethyl-, cesium salt",1,0.03333333333333333
LinearSVM,50,309,537_Hexanoic acid,0,0.0
LinearSVM,50,310,"538_Cyclotetrasiloxane, octamethyl-",0,0.0
LinearSVM,50,311,540_Unknown,30,1.0
LinearSVM,50,312,543_Unknown,14,0.4666666666666667
LinearSVM,50,313,544_2-Octanone,6,0.2
LinearSVM,50,314,545_Unknown,0,0.0
LinearSVM,50,315,"546_Benzene, 1,2,3-trimethyl-",1,0.03333333333333333
LinearSVM,50,316,548_4-Octanol,0,0.0
LinearSVM,50,317,549_Unknown,0,0.0
LinearSVM,50,318,"551_2-Methyl-1,6-dioxaspiro[4.4]nonane",8,0.26666666666666666
LinearSVM,50,319,552_Unknown,0,0.0
LinearSVM,50,320,561_Unknown,0,0.0
LinearSVM,50,321,565_Propanenitrile,0,0.0
LinearSVM,50,322,566_Unknown,0,0.0
LinearSVM,50,323,567_Decane,0,0.0
LinearSVM,50,324,569_Octanal,1,0.03333333333333333
LinearSVM,50,325,570_Unknown,0,0.0
LinearSVM,50,326,"571_Ethanol, 2-(2-ethoxyethoxy)-",0,0.0
LinearSVM,50,327,572_Unknown,0,0.0
LinearSVM,50,328,"574_2-Octanol, (S)-",7,0.23333333333333334
LinearSVM,50,329,"575_Cyclopentene, 1,4-dimethyl-5-(1-methylethyl)-",0,0.0
LinearSVM,50,330,584_Unknown,0,0.0
LinearSVM,50,331,"586_Benzene, 1,2,4-trimethyl-",0,0.0
LinearSVM,50,332,"588_Propanenitrile, 2,2'-azobis[2-methyl-",12,0.4
LinearSVM,50,333,589_Unknown,0,0.0
LinearSVM,50,334,"590_2-Propanol, 1-(2-ethoxypropoxy)-",0,0.0
LinearSVM,50,335,"591_Silane, triethylfluoro-",0,0.0
LinearSVM,50,336,592_Tetramethylbutanedinitrile,0,0.0
LinearSVM,50,337,593_Unknown,0,0.0
LinearSVM,50,338,598_Unknown,0,0.0
LinearSVM,50,339,602_Unknown,0,0.0
LinearSVM,50,340,605_D-Limonene,0,0.0
LinearSVM,50,341,606_Unknown,0,0.0
LinearSVM,50,342,608_2-Propyl-1-pentanol,0,0.0
LinearSVM,50,343,609_Unknown,1,0.03333333333333333
LinearSVM,50,344,610_Unknown,0,0.0
LinearSVM,50,345,611_Unknown,0,0.0
LinearSVM,50,346,613_Unknown,0,0.0
LinearSVM,50,347,"614_Butanedioic acid, dimethyl ester",1,0.03333333333333333
LinearSVM,50,348,615_Unknown,2,0.06666666666666667
LinearSVM,50,349,616_Unknown,0,0.0
LinearSVM,50,350,619_1-(1'-pyrrolidinyl)-2-butanone,0,0.0
LinearSVM,50,351,"620_1,3,2-Dioxaborolane, 2,4-diethyl-",0,0.0
LinearSVM,50,352,621_Benzyl alcohol,0,0.0
LinearSVM,50,353,"623_3-Benzofurancarboxaldehyde, 2,3-dihydro-3-methyl-",23,0.7666666666666667
LinearSVM,50,354,"624_Cyclopropanecarboxylic acid,4-methylpentyl ester",0,0.0
LinearSVM,50,355,"626_3,5-Octadien-2-ol",0,0.0
LinearSVM,50,356,627_3-Ethyl-3-heptanol,0,0.0
LinearSVM,50,357,"629_Benzaldehyde, 2-hydroxy-",0,0.0
LinearSVM,50,358,630_Unknown,3,0.1
LinearSVM,50,359,632_Unknown,0,0.0
LinearSVM,50,360,634_Unknown,0,0.0
LinearSVM,50,361,"635_2,4,6-Cycloheptatrien-1-one, 4-methyl-",9,0.3
LinearSVM,50,362,"636_2-Propenoic acid, 2-methyl-, 2-hydroxypropyl ester",0,0.0
LinearSVM,50,363,"637_4,4'-Bi-1,3,2-dioxaborolane, 2,2'-diethyl-",0,0.0
LinearSVM,50,364,"640_1-Hexanol, 3,5,5-trimethyl-",0,0.0
LinearSVM,50,365,"645_Nonane, 5-methyl-5-propyl-",0,0.0
LinearSVM,50,366,"648_Succinic acid, tridec-2-yn-1-yl 3-methylbut-3-en-1-yl ester",0,0.0
LinearSVM,50,367,"649_2(3H)-Furanone, 5-ethyldihydro-",0,0.0
LinearSVM,50,368,"650_1,2,4,5-Tetrazine, 1,4-dibutylhexahydro-",0,0.0
LinearSVM,50,369,651_Unknown,15,0.5
LinearSVM,50,370,"654_Pentanal, 5-[(tetrahydro-2H-pyran-2-yl)oxy]-",0,0.0
LinearSVM,50,371,658_Unknown,0,0.0
LinearSVM,50,372,660_Unknown,0,0.0
LinearSVM,50,373,"663_2,5-Hexanediol, 2,5-dimethyl-",2,0.06666666666666667
LinearSVM,50,374,664_Unknown,0,0.0
LinearSVM,50,375,"666_4,7-Methano-1H-indene, octahydro-",13,0.43333333333333335
LinearSVM,50,376,668_Phenylglyoxal,0,0.0
LinearSVM,50,377,"670_Aniline, N-methyl-",0,0.0
LinearSVM,50,378,672_Acetophenone,0,0.0
LinearSVM,50,379,675_Cyclooctyl alcohol,0,0.0
LinearSVM,50,380,"677_Decane, 3-methyl-",0,0.0
LinearSVM,50,381,680_Unknown,0,0.0
LinearSVM,50,382,"681_7-Octen-2-ol, 2,6-dimethyl-",0,0.0
LinearSVM,50,383,"683_Formic acid, octyl ester",14,0.4666666666666667
LinearSVM,50,384,684_Decyl octyl ether,29,0.9666666666666667
LinearSVM,50,385,687_Unknown,0,0.0
LinearSVM,50,386,"688_Terephthalic acid, 2-methoxyethyl propyl ester",0,0.0
LinearSVM,50,387,"689_Arsenous acid, tris(trimethylsilyl) ester",0,0.0
LinearSVM,50,388,"693_Hexane, 2,5-dimethoxy-2,5-dimethyl-",0,0.0
LinearSVM,50,389,695_Unknown,1,0.03333333333333333
LinearSVM,50,390,"696_Silicic acid, diethyl bis(trimethylsilyl) ester",0,0.0
LinearSVM,50,391,"697_Benzene, 2-ethyl-1,4-dimethyl-",0,0.0
LinearSVM,50,392,"698_1,6-Dioxaspiro[4.4]nonane, 2-ethyl-",0,0.0
LinearSVM,50,393,701_(+)-4-Carene,11,0.36666666666666664
LinearSVM,50,394,703_Lethane,0,0.0
LinearSVM,50,395,706_2-Butoxyethyl acetate,0,0.0
LinearSVM,50,396,"709_4-Heptanol, 2,6-dimethyl-",0,0.0
LinearSVM,50,397,711_2-Nonanone,0,0.0
LinearSVM,50,398,712_Unknown,0,0.0
LinearSVM,50,399,713_Unknown,0,0.0
LinearSVM,50,400,"714_Benzoic acid, methyl ester",0,0.0
LinearSVM,50,401,"715_2,5-Furandione, 3-(1,1-dimethylethyl)-",0,0.0
LinearSVM,50,402,716_Unknown,0,0.0
LinearSVM,50,403,"717_1-Hexadecen-3-ol, 3,5,11,15-tetramethyl-",0,0.0
LinearSVM,50,404,720_Linalool,0,0.0
LinearSVM,50,405,724_Unknown,0,0.0
LinearSVM,50,406,726_Unknown,0,0.0
LinearSVM,50,407,"728_2-Cyclohexen-1-one, 3,6-dimethyl-6-(1-methylethyl)-",0,0.0
LinearSVM,50,408,729_Unknown,0,0.0
LinearSVM,50,409,730_Unknown,9,0.3
LinearSVM,50,410,732_Nonanal,24,0.8
LinearSVM,50,411,738_Unknown,0,0.0
LinearSVM,50,412,742_Unknown,0,0.0
LinearSVM,50,413,"743_Benzene, 1,3-dichloro-2-methyl-",0,0.0
LinearSVM,50,414,744_Unknown,3,0.1
LinearSVM,50,415,746_Unknown,11,0.36666666666666664
LinearSVM,50,416,749_Isophorone,0,0.0
LinearSVM,50,417,"752_Hexanoic acid, 2-ethyl-",17,0.5666666666666667
LinearSVM,50,418,753_Unknown,0,0.0
LinearSVM,50,419,754_Unknown,0,0.0
LinearSVM,50,420,"755_Undecane, 3,8-dimethyl-",0,0.0
LinearSVM,50,421,758_Unknown,24,0.8
LinearSVM,50,422,760_Unknown,11,0.36666666666666664
LinearSVM,50,423,"771_1H-Indene, 2,3-dihydro-5-methyl-",0,0.0
LinearSVM,50,424,772_Unknown,0,0.0
LinearSVM,50,425,"777_Cyclopentasiloxane, decamethyl-",0,0.0
LinearSVM,50,426,778_Unknown,0,0.0
LinearSVM,50,427,779_Unknown,0,0.0
LinearSVM,50,428,"781_trans-1,2-Dimethylsilacyclohexane",0,0.0
LinearSVM,50,429,"782_2,6-Dihydroxyacetophenone, 2TMS derivative",0,0.0
LinearSVM,50,430,"783_Cyclohexanol, 1-butyl-",0,0.0
LinearSVM,50,431,"784_1,1,3,3,5,5,7,7-Octamethyl-7-(2-methylpropoxy)tetrasiloxan-1-ol",24,0.8
LinearSVM,50,432,785_Unknown,0,0.0
LinearSVM,50,433,"787_Acetamide, 2-(3-cyano-4-methoxymethyl-6-methylpyridin-2-ylsulfanyl)-N-(3-trifluoromethylphenyl)-",2,0.06666666666666667
LinearSVM,50,434,"793_Hexadecanal, 2-methyl-",0,0.0
LinearSVM,50,435,794_(R)-(+)-1-Phenyl-1-propanol,0,0.0
LinearSVM,50,436,"795_2(3H)-Furanone, dihydro-5-propyl-",0,0.0
LinearSVM,50,437,796_Unknown,0,0.0
LinearSVM,50,438,"799_2(3H)-Furanone, 5-heptyldihydro-",0,0.0
LinearSVM,50,439,"802_Silane, cyclohexyldimethoxymethyl-",0,0.0
LinearSVM,50,440,"804_2,6-Dimethyldecane",0,0.0
LinearSVM,50,441,805_Unknown,0,0.0
LinearSVM,50,442,"807_Benzene, (2-methylbutyl)-",0,0.0
LinearSVM,50,443,809_Unknown,0,0.0
LinearSVM,50,444,"813_2-Nonenal, (E)-",0,0.0
LinearSVM,50,445,"815_Acetic acid, phenylmethyl ester",0,0.0
LinearSVM,50,446,819_Unknown,1,0.03333333333333333
LinearSVM,50,447,820_Benzoic acid,0,0.0
LinearSVM,50,448,824_Unknown,0,0.0
LinearSVM,50,449,826_Unknown,1,0.03333333333333333
LinearSVM,50,450,"827_p-Acetophenetidide, N-methyl-",2,0.06666666666666667
LinearSVM,50,451,"828_Phenol, 2,4-dimethyl-",0,0.0
LinearSVM,50,452,832_trans-2-Dodecen-1-ol,8,0.26666666666666666
LinearSVM,50,453,834_Unknown,7,0.23333333333333334
LinearSVM,50,454,835_1-Nonanol,5,0.16666666666666666
LinearSVM,50,455,838_Terpinen-4-ol,0,0.0
LinearSVM,50,456,845_3-Decanone,8,0.26666666666666666
LinearSVM,50,457,"846_Ethanol, 1-(2-butoxyethoxy)-",2,0.06666666666666667
LinearSVM,50,458,847_Unknown,0,0.0
LinearSVM,50,459,"848_Benzenemethanol, .alpha.-methyl-, acetate",5,0.16666666666666666
LinearSVM,50,460,849_Unknown,0,0.0
LinearSVM,50,461,851_Unknown,18,0.6
LinearSVM,50,462,853_Unknown,0,0.0
LinearSVM,50,463,858_2-Decanone,0,0.0
LinearSVM,50,464,"863_1-Buten-3-one, 1-(2-carboxy-4,4-dimethylcyclobutenyl)-",0,0.0
LinearSVM,50,465,865_Unknown,0,0.0
LinearSVM,50,466,872_Unknown,4,0.13333333333333333
LinearSVM,50,467,874_Unknown,0,0.0
LinearSVM,50,468,875_4-n-Propylbenzoic acid,30,1.0
LinearSVM,50,469,877_Unknown,4,0.13333333333333333
LinearSVM,50,470,878_Unknown,0,0.0
LinearSVM,50,471,879_Unknown,18,0.6
LinearSVM,50,472,880_Unknown,0,0.0
LinearSVM,50,473,887_Unknown,21,0.7
LinearSVM,50,474,"888_Benzaldehyde, 2,4-dimethyl-",0,0.0
LinearSVM,50,475,889_Dodecyl nonyl ether,0,0.0
LinearSVM,50,476,891_Unknown,0,0.0
LinearSVM,50,477,892_Unknown,1,0.03333333333333333
LinearSVM,50,478,"894_2,4-Nonadienal, (E,E)-",0,0.0
LinearSVM,50,479,"897_2,3,4,6-Tetrahydroisoquinolin-6-one, 1-[4-hydroxybenzyl]-7-methoxy-",0,0.0
LinearSVM,50,480,900_Benzothiazole,0,0.0
LinearSVM,50,481,903_Unknown,0,0.0
LinearSVM,50,482,906_Unknown,0,0.0
LinearSVM,50,483,"907_2-Propenoic acid, 6-methylheptyl ester",0,0.0
LinearSVM,50,484,908_Unknown,0,0.0
LinearSVM,50,485,911_Unknown,22,0.7333333333333333
LinearSVM,50,486,"912_Cyclohexane, isothiocyanato-",0,0.0
LinearSVM,50,487,"914_Pentasiloxane, dodecamethyl-",0,0.0
LinearSVM,50,488,917_Unknown,23,0.7666666666666667
LinearSVM,50,489,934_Unknown,2,0.06666666666666667
LinearSVM,50,490,"936_Silane, trimethyl(3-methyl-1-butynyl)-",0,0.0
LinearSVM,50,491,938_Unknown,0,0.0
LinearSVM,50,492,940_Unknown,0,0.0
LinearSVM,50,493,943_Unknown,1,0.03333333333333333
LinearSVM,50,494,"944_Benzene, 1,3-bis(1,1-dimethylethyl)-",0,0.0
LinearSVM,50,495,947_Geraniol,0,0.0
LinearSVM,50,496,"948_2,6,10-Trimethyltridecane",0,0.0
LinearSVM,50,497,"949_Heptadecane, 2,6,10,15-tetramethyl-",0,0.0
LinearSVM,50,498,"950_Acetic acid, chloro-, 2-phenylethyl ester",4,0.13333333333333333
LinearSVM,50,499,"952_Sulfurous acid, 2-ethylhexyl undecyl ester",1,0.03333333333333333
LinearSVM,50,500,"958_1H-Indene, 2,3-dihydro-1,1-dimethyl-",0,0.0
LinearSVM,50,501,960_Unknown,0,0.0
LinearSVM,50,502,962_Unknown,0,0.0
LinearSVM,50,503,963_Unknown,0,0.0
LinearSVM,50,504,966_Unknown,0,0.0
LinearSVM,50,505,"967_2-Decenal, (E)-",0,0.0
LinearSVM,50,506,968_Unknown,0,0.0
LinearSVM,50,507,974_Unknown,0,0.0
LinearSVM,50,508,"976_Benzoic acid, 2-hydroxy-, ethyl ester",0,0.0
LinearSVM,50,509,977_Nonanoic acid,0,0.0
LinearSVM,50,510,980_Unknown,0,0.0
LinearSVM,50,511,"983_Benzaldehyde, 4-propyl-",0,0.0
LinearSVM,50,512,984_1-Decanol,0,0.0
LinearSVM,50,513,"990_3,4-Dimethylcumene",0,0.0
LinearSVM,50,514,995_Unknown,0,0.0
LinearSVM,50,515,"1002_3-Picoline, 5-(tert-butylthio)-",0,0.0
LinearSVM,50,516,1010_Unknown,0,0.0
LinearSVM,50,517,"1011_Naphthalene, 1,2,3,4-tetrahydro-1,8-dimethyl-",0,0.0
LinearSVM,50,518,"1012_Phenol, 2-methyl-5-(1-methylethyl)-",0,0.0
LinearSVM,50,519,1013_Unknown,2,0.06666666666666667
LinearSVM,50,520,"1014_1H-Pyrazole, 3-ethyl-4,5-dihydro-1,4-dimethyl-",0,0.0
LinearSVM,50,521,"1016_Benzothiazole, 2-methyl-",0,0.0
LinearSVM,50,522,"1017_Naphthalene, 1-methyl-",0,0.0
LinearSVM,50,523,1019_Unknown,0,0.0
LinearSVM,50,524,"1022_2-Cyclohexen-1-one, 4-butyl-3-methoxy-",12,0.4
LinearSVM,50,525,1024_Unknown,0,0.0
LinearSVM,50,526,1026_Unknown,0,0.0
LinearSVM,50,527,"1032_Carbonic acid, tetradecyl vinyl ester",0,0.0
LinearSVM,50,528,"1033_Cyclohexasiloxane, dodecamethyl-",0,0.0
LinearSVM,50,529,"1034_.beta.-Hydroxypyruvic acid, trimethylsilyl ether, trimethylsilyl ester",0,0.0
LinearSVM,50,530,1036_Unknown,0,0.0
LinearSVM,50,531,1041_Unknown,0,0.0
LinearSVM,50,532,"1042_Ethanone, 1-[4-(1-methylethyl)phenyl]-",0,0.0
LinearSVM,50,533,"1044_Ethanone, 1-(2,4,5-trimethylphenyl)-",0,0.0
LinearSVM,50,534,1046_2-Bromo dodecane,0,0.0
LinearSVM,50,535,1047_3-tert-Butyl-2-pyrazolin-5-one,0,0.0
LinearSVM,50,536,1051_Unknown,0,0.0
LinearSVM,50,537,"1052_1,3-Cyclohexadiene-1-carboxaldehyde, 2,6,6-trimethyl-",5,0.16666666666666666
LinearSVM,50,538,1053_Unknown,2,0.06666666666666667
LinearSVM,50,539,1056_Unknown,0,0.0
LinearSVM,50,540,1057_Unknown,0,0.0
LinearSVM,50,541,1059_Unknown,0,0.0
LinearSVM,50,542,"1060_Cyclohexanol, 4-(1,1-dimethylethyl)-, acetate, cis-",0,0.0
LinearSVM,50,543,"1061_Benzene, 3-cyclohexen-1-yl-",0,0.0
LinearSVM,50,544,1062_Unknown,0,0.0
LinearSVM,50,545,"1064_(-)-1,2,2.alpha.,3,3,4,6,7,8,8.alpha.-decahydro-2.alpha.,7,8-trimethylacenaphthylene",0,0.0
LinearSVM,50,546,"1066_Hexanamide, N-methallyl-",0,0.0
LinearSVM,50,547,1067_Cedrene-V6,6,0.2
LinearSVM,50,548,1068_Unknown,0,0.0
LinearSVM,50,549,1070_Unknown,0,0.0
LinearSVM,50,550,"1071_2,4,4-Trimethyl-3-(3-methylbutyl)cyclohex-2-enone",0,0.0
LinearSVM,50,551,1072_Unknown,0,0.0
LinearSVM,50,552,1073_Unknown,0,0.0
LinearSVM,50,553,"1074_Benzene, 1-(1,1-dimethylethyl)-3-ethyl-",0,0.0
LinearSVM,50,554,"1077_Sulfurous acid, cyclohexylmethyl heptadecyl ester",0,0.0
LinearSVM,50,555,"1080_Tricyclo[5.4.0.0(2,8)]undec-9-ene, 2,6,6,9-tetramethyl-, (1R,2S,7R,8R)-",0,0.0
LinearSVM,50,556,"1083_2,7-Imino-3,6-methanonaphthalene, decahydro-",0,0.0
LinearSVM,50,557,"1084_(1R,3aS,4aS,8aS)-1,4,4,6-Tetramethyl-1,2,3,3a,4,4a,7,8-octahydrocyclopenta[1,4]cyclobuta[1,2]benzene",0,0.0
LinearSVM,50,558,"1090_Phenol, 2-(1,1-dimethylethyl)-6-methyl-",0,0.0
LinearSVM,50,559,1091_Unknown,12,0.4
LinearSVM,50,560,1093_Unknown,0,0.0
LinearSVM,50,561,"1094_Heptacosane, 1-chloro-",0,0.0
LinearSVM,50,562,1097_Unknown,2,0.06666666666666667
LinearSVM,50,563,1099_2-Undecenal,0,0.0
LinearSVM,50,564,"1100_Ethanone, 1-[4-(1-methylethenyl)phenyl]-",0,0.0
LinearSVM,50,565,1102_N-(tert-Butyldimethylsilyl)-9-ethyl-9H-carbazol-3-amine,0,0.0
LinearSVM,50,566,"1103_Ethanone, 1-(2,3-dihydro-1H-inden-5-yl)-",0,0.0
LinearSVM,50,567,1106_o-tert-Butyl cyclohexyl acetate 1,1,0.03333333333333333
LinearSVM,50,568,1111_Butyl benzoate,1,0.03333333333333333
LinearSVM,50,569,"1112_Acetic acid, trifluoro-, undecyl ester",0,0.0
LinearSVM,50,570,1117_Unknown,5,0.16666666666666666
LinearSVM,50,571,1119_Longifolene-(V4),0,0.0
LinearSVM,50,572,1121_Unknown,2,0.06666666666666667
LinearSVM,50,573,"1125_2,4,4,6,6,8,8-Heptamethyl-1-nonene",1,0.03333333333333333
LinearSVM,50,574,1127_Unknown,0,0.0
LinearSVM,50,575,"1130_2-Butanone, 1-(1,3-benzodioxol-5-yl)-",0,0.0
LinearSVM,50,576,1131_Unknown,1,0.03333333333333333
LinearSVM,50,577,1133_2-Dodecanone,0,0.0
LinearSVM,50,578,1134_Unknown,0,0.0
LinearSVM,50,579,"1135_Hexasiloxane, tetradecamethyl-",0,0.0
LinearSVM,50,580,"1138_Bicyclo[4.4.0]dec-1-ene, 2-isopropyl-5-methyl-9-methylene-",4,0.13333333333333333
LinearSVM,50,581,1139_Unknown,7,0.23333333333333334
LinearSVM,50,582,1140_Unknown,1,0.03333333333333333
LinearSVM,50,583,1141_Diphenyl ether,0,0.0
LinearSVM,50,584,"1145_2,3-Dihydro-1H-cyclopenta[b]quinoxaline",0,0.0
LinearSVM,50,585,1147_Unknown,0,0.0
LinearSVM,50,586,1148_Unknown,3,0.1
LinearSVM,50,587,1149_Unknown,2,0.06666666666666667
LinearSVM,50,588,"1150_1H-3a,7-Methanoazulene, octahydro-1,4,9,9-tetramethyl-, (1.alpha.,3a.alpha.,4.beta.,7.alpha.,8a.beta.)-",1,0.03333333333333333
LinearSVM,50,589,"1151_1H-Cycloprop[e]azulene, decahydro-1,1,4,7-tetramethyl-",0,0.0
LinearSVM,50,590,"1157_2,4,8-Trimethyl-1,2,3,4-tetrahydroquinoline",0,0.0
LinearSVM,50,591,"1159_5-Azulenemethanol, 1,2,3,4,5,6,7,8-octahydro-.alpha.,.alpha.,3,8-tetramethyl-, acetate, [3S-(3.alpha.,5.alpha.,8.alpha.)]-",0,0.0
LinearSVM,50,592,"1163_10,10-Dimethyl-4-acetyl-tricyclo[5.2.1.0(1,5)]decane",4,0.13333333333333333
LinearSVM,50,593,"1167_(3S,4aR,8aS)-1,1,3,6-Tetramethyl-3-vinyl-3,4,4a,7,8,8a-hexahydro-1H-isochromene",0,0.0
LinearSVM,50,594,1168_Unknown,0,0.0
LinearSVM,50,595,1172_2-Cyanoquinoxaline,0,0.0
LinearSVM,50,596,"1173_Spiro[5.5]undec-2-ene, 3,7,7-trimethyl-11-methylene-, (-)-",0,0.0
LinearSVM,50,597,"1175_4,7-methano-1H-inden-5-ol, 3a,4,5,6,7,7a-hexahydro-, acetate",3,0.1
LinearSVM,50,598,"1177_2-Isopropenyl-4a,8-dimethyl-1,2,3,4,4a,5,6,8a-octahydronaphthalene",3,0.1
LinearSVM,50,599,1178_Nopyl acetate,0,0.0
LinearSVM,50,600,1180_Unknown,1,0.03333333333333333
LinearSVM,50,601,1184_Isosativene,0,0.0
LinearSVM,50,602,"1185_Ethanone, 1,1'-(1,4-phenylene)bis-",0,0.0
LinearSVM,50,603,"1186_1,1,7,7a-Tetramethyl-1a,2,6,7,7a,7b-hexahydro-1H-cyclopropa[a]naphthalene",0,0.0
LinearSVM,50,604,"1187_2-Butanone, 4-(2,6,6-trimethyl-1-cyclohexen-1-yl)-",0,0.0
LinearSVM,50,605,1189_.gamma.-Neoclovene,0,0.0
LinearSVM,50,606,"1190_Quinoline, 1,2-dihydro-2,2,4-trimethyl-",0,0.0
LinearSVM,50,607,1192_Unknown,0,0.0
LinearSVM,50,608,1193_Unknown,0,0.0
LinearSVM,50,609,"1196_(-)-Neoclovene-(I), dihydro-",0,0.0
LinearSVM,50,610,"1197_Quinoline, 2,7-dimethyl-",1,0.03333333333333333
LinearSVM,50,611,"1198_Phthalic acid, methyl neopentyl ester",0,0.0
LinearSVM,50,612,"1200_Benzene, 1-(1,5-dimethylhexyl)-4-methyl-",11,0.36666666666666664
LinearSVM,50,613,1201_Dimethyl phthalate,0,0.0
LinearSVM,50,614,1202_Biphenylene,0,0.0
LinearSVM,50,615,1203_Unknown,0,0.0
LinearSVM,50,616,1204_Unknown,0,0.0
LinearSVM,50,617,"1206_5,9-Undecadien-2-one, 6,10-dimethyl-, (E)-",0,0.0
LinearSVM,50,618,1208_Unknown,0,0.0
LinearSVM,50,619,"1212_1-Cyclohexene, 1,3,3-trimethyl-2-(1-methylbut-1-en-3-on-1-yl)-",0,0.0
LinearSVM,50,620,1213_(-)-.alpha.-Panasinsen,0,0.0
LinearSVM,50,621,1216_Unknown,0,0.0
LinearSVM,50,622,"1217_Silane, trichlorooctadecyl-",0,0.0
LinearSVM,50,623,1219_Unknown,0,0.0
LinearSVM,50,624,"1220_2,5-cyclohexadien-1-one, 2,6-bis(1,1-dimethylethyl)-4-hydroxy-4-methyl-",0,0.0
LinearSVM,50,625,"1221_1,2-Bis(trimethylsilyl)-4-methylbenzene",0,0.0
LinearSVM,50,626,"1223_2,5-Cyclohexadiene-1,4-dione, 2,6-bis(1,1-dimethylethyl)-",0,0.0
LinearSVM,50,627,1224_Unknown,0,0.0
LinearSVM,50,628,1228_Unknown,1,0.03333333333333333
LinearSVM,50,629,"1234_2,5-cyclohexadiene-1,4-dione, 2-(1,1-dimethylethyl)-5-(2-methyl-2-propen-1-yl)-",0,0.0
LinearSVM,50,630,"1235_Cycloheptasiloxane, tetradecamethyl-",1,0.03333333333333333
LinearSVM,50,631,1237_Unknown,0,0.0
LinearSVM,50,632,"1241_Ethanone, 1-[4-(1-hydroxy-1-methylethyl)phenyl]-",0,0.0
LinearSVM,50,633,"1242_Butanedioic acid, bis(2-methylpropyl) ester",0,0.0
LinearSVM,50,634,"1243_Ppropiolic acid, 3-(1-hydroxy-2-isopropyl-5-methylcyclohexyl)-",0,0.0
LinearSVM,50,635,1244_Unknown,0,0.0
LinearSVM,50,636,1247_Unknown,2,0.06666666666666667
LinearSVM,50,637,1248_Dodecanenitrile,0,0.0
LinearSVM,50,638,"1250_Octacosane, 1-iodo-",0,0.0
LinearSVM,50,639,1251_Unknown,30,1.0
LinearSVM,50,640,1252_n-Pentadecanol,0,0.0
LinearSVM,50,641,1255_Unknown,0,0.0
LinearSVM,50,642,1257_Pentadecane,0,0.0
LinearSVM,50,643,1258_Butylated Hydroxytoluene,1,0.03333333333333333
LinearSVM,50,644,1259_Unknown,2,0.06666666666666667
LinearSVM,50,645,1261_Unknown,0,0.0
LinearSVM,50,646,1262_Unknown,0,0.0
LinearSVM,50,647,"1263_2,4-Di-tert-butylphenol",0,0.0
LinearSVM,50,648,1264_Unknown,0,0.0
LinearSVM,50,649,1265_Unknown,0,0.0
LinearSVM,50,650,1266_Unknown,6,0.2
LinearSVM,50,651,1267_Unknown,10,0.3333333333333333
LinearSVM,50,652,1268_Bis(pentamethylcyclotrisiloxy)tetramethyldisiloxane,1,0.03333333333333333
LinearSVM,50,653,1269_Unknown,0,0.0
LinearSVM,50,654,1271_Unknown,7,0.23333333333333334
LinearSVM,50,655,1274_Unknown,0,0.0
LinearSVM,50,656,1277_Octadecyl octyl ether,16,0.5333333333333333
LinearSVM,50,657,"1281_Eicosane, 1-iodo-",0,0.0
LinearSVM,50,658,"1282_Benzoic acid, 4-ethoxy-, ethyl ester",0,0.0
LinearSVM,50,659,1283_2-(1-Cyclohexenyl)cyclohexanone,0,0.0
LinearSVM,50,660,"1286_1-Dodecanol, 2-hexyl-",0,0.0
LinearSVM,50,661,1290_Unknown,0,0.0
LinearSVM,50,662,1293_Unknown,7,0.23333333333333334
LinearSVM,50,663,1296_Unknown,0,0.0
LinearSVM,50,664,1297_aR-Himachalene,0,0.0
LinearSVM,50,665,1298_Unknown,0,0.0
LinearSVM,50,666,1300_Unknown,0,0.0
LinearSVM,50,667,"1302_Adipic acid, di(but-2-en-1-yl) ester",0,0.0
LinearSVM,50,668,1304_Unknown,0,0.0
LinearSVM,50,669,"1305_Hexadecane, 2,6,11,15-tetramethyl-",0,0.0
LinearSVM,50,670,"1308_Dotriacontane, 1-iodo-",0,0.0
LinearSVM,50,671,"1312_Heptasiloxane, hexadecamethyl-",0,0.0
LinearSVM,50,672,1314_Unknown,0,0.0
LinearSVM,50,673,1315_Eicosane,0,0.0
LinearSVM,50,674,"1319_Pentadecane, 4-methyl-",0,0.0
LinearSVM,50,675,1321_Dodecanoic acid,0,0.0
LinearSVM,50,676,1323_Unknown,0,0.0
LinearSVM,50,677,"1324_Hexadecane, 7,9-dimethyl-",0,0.0
LinearSVM,50,678,"1325_1-Adamantanecarboxylic acid, 2-adamantyl ester",0,0.0
LinearSVM,50,679,1329_2-Methoxycarbonyl-2-methylbrendane,0,0.0
LinearSVM,50,680,"1334_Glutaric acid, di(isobutyl) ester",0,0.0
LinearSVM,50,681,1335_Unknown,0,0.0
LinearSVM,50,682,1336_Unknown,0,0.0
LinearSVM,50,683,"1338_4-tert-Butyl-2,6-diisopropylphenol",0,0.0
LinearSVM,50,684,1339_Unknown,1,0.03333333333333333
LinearSVM,50,685,1340_Diethyl Phthalate,0,0.0
LinearSVM,50,686,1341_Unknown,0,0.0
LinearSVM,50,687,1342_Unknown,0,0.0
LinearSVM,50,688,"1343_2,2,4-Trimethyl-1,3-pentanediol diisobutyrate",1,0.03333333333333333
LinearSVM,50,689,"1344_Phenol, 2,4,6-tri-tert-butyl-",0,0.0
LinearSVM,50,690,1345_Unknown,0,0.0
LinearSVM,50,691,1347_Unknown,0,0.0
LinearSVM,50,692,1353_Hexadecane,0,0.0
LinearSVM,50,693,1354_Unknown,0,0.0
LinearSVM,50,694,"1358_Cedrane, 8-propoxy-",0,0.0
LinearSVM,50,695,1361_Tetradecanal,6,0.2
LinearSVM,50,696,1366_Unknown,0,0.0
LinearSVM,50,697,1368_Benzophenone,0,0.0
LinearSVM,50,698,1369_Unknown,0,0.0
LinearSVM,50,699,1370_Unknown,0,0.0
LinearSVM,50,700,"1371_Benzene, (1-butylheptyl)-",0,0.0
LinearSVM,50,701,1372_Unknown,0,0.0
LinearSVM,50,702,1374_Unknown,0,0.0
LinearSVM,50,703,1375_Unknown,0,0.0
LinearSVM,50,704,"1376_Cyclooctasiloxane, hexadecamethyl-",2,0.06666666666666667
LinearSVM,50,705,"1388_Pentadecane, 2,6,10-trimethyl-",0,0.0
LinearSVM,50,706,"1392_1,3,5-Triazine-2,4,6(1H,3H,5H)-trione, 1,3,5-tri-2-propenyl-",0,0.0
LinearSVM,50,707,"1393_Fumaric acid, eicosyl trans-hex-3-enyl ester",0,0.0
LinearSVM,50,708,1394_Unknown,0,0.0
LinearSVM,50,709,1395_Unknown,0,0.0
LinearSVM,50,710,"1406_Pyrene, hexadecahydro-",0,0.0
LinearSVM,50,711,1407_Unknown,0,0.0
LinearSVM,50,712,"1408_Heptadecane, 2-methyl-",0,0.0
LinearSVM,50,713,1410_Unknown,0,0.0
LinearSVM,50,714,"1411_Phenol, 2,4-di-t-butyl-6-nitro-",0,0.0
LinearSVM,50,715,1415_Unknown,0,0.0
LinearSVM,50,716,1419_Tetradecyl trifluoroacetate,0,0.0
LinearSVM,50,717,"1433_3-Chloropropionic acid, heptadecyl ester",0,0.0
LinearSVM,50,718,1434_Unknown,0,0.0
LinearSVM,50,719,1435_Unknown,0,0.0
LinearSVM,50,720,"1436_Pentanoic acid, 6-ethyl-3-octyl ester",0,0.0
LinearSVM,50,721,1439_Unknown,0,0.0
LinearSVM,50,722,1442_Unknown,20,0.6666666666666666
LinearSVM,50,723,1443_Unknown,0,0.0
LinearSVM,50,724,1444_Unknown,2,0.06666666666666667
LinearSVM,50,725,1445_Heptadecane,12,0.4
LinearSVM,50,726,"1448_Benzene, (3-iodo-1-methoxypropyl)-",0,0.0
LinearSVM,50,727,"1452_Silane, diethoxydiphenyl-",0,0.0
LinearSVM,50,728,1454_Unknown,3,0.1
LinearSVM,50,729,1455_Unknown,0,0.0
LinearSVM,50,730,1459_Pentadecanal-,0,0.0
LinearSVM,50,731,"1464_2,6,11,15-Tetramethyl-hexadeca-2,6,8,10,14-pentaene",0,0.0
LinearSVM,50,732,"1465_1-Penten-3-one, 2-methyl-1-(2,2,6-trimethylcyclohexen-1-yl)-",0,0.0
LinearSVM,50,733,1470_Hippuric acid,0,0.0
LinearSVM,50,734,"1472_Benzenecarbothioic acid, S-ethyl ester",5,0.16666666666666666
LinearSVM,50,735,1475_Unknown,0,0.0
LinearSVM,50,736,"1481_Benzene, 1-(1,1-dimethylethyl)-4-phenoxy-",0,0.0
LinearSVM,50,737,1484_Unknown,0,0.0
LinearSVM,50,738,"1488_Octadecane, 1-iodo-",0,0.0
LinearSVM,50,739,1492_Unknown,0,0.0
LinearSVM,50,740,1493_Unknown,0,0.0
LinearSVM,50,741,1499_Heneicosane,4,0.13333333333333333
LinearSVM,50,742,1501_Hexestrol,0,0.0
LinearSVM,50,743,"1503_3,5-di-tert-Butyl-4-hydroxybenzaldehyde",0,0.0
LinearSVM,50,744,1504_Unknown,0,0.0
LinearSVM,50,745,1505_Unknown,0,0.0
LinearSVM,50,746,"1507_1,3-Cyclopentadiene, 5,5-dimethyl-1,2-Dipropyl-",0,0.0
LinearSVM,50,747,1510_Unknown,0,0.0
LinearSVM,50,748,1516_Tetradecanoic acid,0,0.0
LinearSVM,50,749,"1526_.alpha.-Phellandrene, dimer",0,0.0
LinearSVM,50,750,1535_Unknown,0,0.0
LinearSVM,50,751,"1556_Kaur-16-ene, (8.beta.,13.beta.)-",0,0.0
LinearSVM,50,752,1557_Unknown,0,0.0
LinearSVM,50,753,"1563_Benzene, 1-methyl-4-(1,2,2-trimethylcyclopentyl)-, (R)-",0,0.0
LinearSVM,50,754,"1564_Acetophenone, 2,2-difluoro-2-phenyl-",1,0.03333333333333333
LinearSVM,50,755,1569_Unknown,0,0.0
LinearSVM,50,756,"1570_Ethanedione, diphenyl-",0,0.0
LinearSVM,50,757,1579_Isopropyl myristate,0,0.0
LinearSVM,50,758,"1597_Benzenebutanal, .gamma.,4-dimethyl-",0,0.0
LinearSVM,50,759,1601_Unknown,1,0.03333333333333333
LinearSVM,50,760,"1623_Bayer 28,589",0,0.0
LinearSVM,50,761,1645_Palmitoleic acid,0,0.0
LinearSVM,50,762,1650_Diisooctyl phthalate,0,0.0
LinearSVM,50,763,"1653_1,2-Benzenedicarboxylic acid, bis(2-methylpropyl) ester",0,0.0
LinearSVM,50,764,1654_Tetracosane,0,0.0
LinearSVM,50,765,1658_Unknown,0,0.0
LinearSVM,50,766,"1660_l-(+)-Ascorbic acid 2,6-dihexadecanoate",0,0.0
LinearSVM,50,767,1661_Unknown,0,0.0
LinearSVM,50,768,"1663_7,11-Hexadecadienal",0,0.0
LinearSVM,50,769,1665_Unknown,0,0.0
LinearSVM,50,770,1667_Unknown,0,0.0
LinearSVM,50,771,1670_Unknown,0,0.0
LinearSVM,50,772,1672_Bis(2-ethylhexyl) phthalate,0,0.0
LinearSVM,50,773,1698_Unknown,7,0.23333333333333334
LinearSVM,50,774,1700_Dotriacontane,0,0.0
LinearSVM,50,775,1707_Squalane,1,0.03333333333333333
LinearSVM,50,776,1717_Unknown,0,0.0
LinearSVM,50,777,"1718_1,1'-Binaphthalene, 5,5',6,6',7,7',8,8'-octahydro-",0,0.0
LinearSVM,50,778,1720_Tritriacontane,0,0.0
LinearSVM,50,779,1730_Cyclic octaatomic sulfur,0,0.0
LinearSVM,100,0,"1_2-Butenal, (Z)-",0,0.0
LinearSVM,100,1,2_Unknown,0,0.0
LinearSVM,100,2,3_Unknown,0,0.0
LinearSVM,100,3,"4_4,5-Dihydrooxazole-5-one, 4-[4-acetoxy-3-methoxybenzylidene]-2-phenyl-",0,0.0
LinearSVM,100,4,6_Cyclopropyl methyl carbinol,2,0.06666666666666667
LinearSVM,100,5,7_Unknown,0,0.0
LinearSVM,100,6,9_Unknown,27,0.9
LinearSVM,100,7,"11_Ethane, 1,2-dichloro-",0,0.0
LinearSVM,100,8,13_3-Methoxypropionic acid,1,0.03333333333333333
LinearSVM,100,9,14_Thiirane,0,0.0
LinearSVM,100,10,"17_Furan, 2,3-dihydro-4-methyl-",0,0.0
LinearSVM,100,11,"18_Diborane(6), .mu.-mercapto-",2,0.06666666666666667
LinearSVM,100,12,"19_Cyclohexane, (1,1-dimethylethyl)-",10,0.3333333333333333
LinearSVM,100,13,20_Unknown,0,0.0
LinearSVM,100,14,21_Unknown,0,0.0
LinearSVM,100,15,23_Unknown,0,0.0
LinearSVM,100,16,25_2-Oxo-6-(piperidine-1-sulfonyl)-benzooxazole-3-carboxylic acid 2-chloro-ethyl ester,0,0.0
LinearSVM,100,17,"26_2-Propanol, 1-methoxy-",0,0.0
LinearSVM,100,18,27_Unknown,0,0.0
LinearSVM,100,19,"28_Nonane, 5-methylene-",0,0.0
LinearSVM,100,20,"29_Disiloxane, hexamethyl-",2,0.06666666666666667
LinearSVM,100,21,33_Unknown,0,0.0
LinearSVM,100,22,"34_Butanal, 2-methyl-",30,1.0
LinearSVM,100,23,35_Unknown,0,0.0
LinearSVM,100,24,36_1-Penten-3-one,28,0.9333333333333333
LinearSVM,100,25,37_Unknown,2,0.06666666666666667
LinearSVM,100,26,"38_Methoxyacetic acid, 2-tetrahydrofurylmethyl ester",7,0.23333333333333334
LinearSVM,100,27,40_tert-Butylpentamethyldisiloxane,0,0.0
LinearSVM,100,28,42_Triethylamine,30,1.0
LinearSVM,100,29,44_Unknown,5,0.16666666666666666
LinearSVM,100,30,"45_Pentane, 2,2,4-trimethyl-",1,0.03333333333333333
LinearSVM,100,31,49_Unknown,0,0.0
LinearSVM,100,32,50_Unknown,30,1.0
LinearSVM,100,33,51_Unknown,0,0.0
LinearSVM,100,34,53_Unknown,9,0.3
LinearSVM,100,35,"54_Heptanal, 2-methyl-",3,0.1
LinearSVM,100,36,56_Unknown,0,0.0
LinearSVM,100,37,58_cis-1-Ethoxy-1-butene,6,0.2
LinearSVM,100,38,60_Unknown,0,0.0
LinearSVM,100,39,"61_2-Butanol, 3,3-dimethyl-4-dimethylamino-2-phenyl-",6,0.2
LinearSVM,100,40,62_Unknown,9,0.3
LinearSVM,100,41,66_Unknown,0,0.0
LinearSVM,100,42,68_Unknown,0,0.0
LinearSVM,100,43,70_Trimethylene oxide,2,0.06666666666666667
LinearSVM,100,44,71_Unknown,1,0.03333333333333333
LinearSVM,100,45,72_Unknown,1,0.03333333333333333
LinearSVM,100,46,"74_1,4-Dioxane",0,0.0
LinearSVM,100,47,75_Unknown,0,0.0
LinearSVM,100,48,"76_Ethane, methoxy-",1,0.03333333333333333
LinearSVM,100,49,78_Unknown,0,0.0
LinearSVM,100,50,79_Unknown,18,0.6
LinearSVM,100,51,"80_Propionic acid, 2-mercapto-, allyl ester",0,0.0
LinearSVM,100,52,"82_2-Cyclopenten-1-one, 3-methyl-",1,0.03333333333333333
LinearSVM,100,53,"83_Ethanamine, N-ethyl-",0,0.0
LinearSVM,100,54,84_Unknown,0,0.0
LinearSVM,100,55,"86_Silanediol, dimethyl-",0,0.0
LinearSVM,100,56,87_Unknown,0,0.0
LinearSVM,100,57,"88_Sulfurous acid, dimethyl ester",0,0.0
LinearSVM,100,58,90_Unknown,8,0.26666666666666666
LinearSVM,100,59,91_Unknown,25,0.8333333333333334
LinearSVM,100,60,"92_Propane, 1-isothiocyanato-",0,0.0
LinearSVM,100,61,93_Unknown,1,0.03333333333333333
LinearSVM,100,62,"94_Cyclopentanemethanol, 3-methylene-",0,0.0
LinearSVM,100,63,97_Unknown,5,0.16666666666666666
LinearSVM,100,64,"100_Formic acid, butyl ester",0,0.0
LinearSVM,100,65,"101_1,3-Propanediol",25,0.8333333333333334
LinearSVM,100,66,"104_Ethane, 1,1-diethoxy-",0,0.0
LinearSVM,100,67,"107_Formic acid, 5-methylhex-2-yl ester",0,0.0
LinearSVM,100,68,110_2-Heptene,0,0.0
LinearSVM,100,69,111_Unknown,0,0.0
LinearSVM,100,70,112_Unknown,1,0.03333333333333333
LinearSVM,100,71,114_Unknown,0,0.0
LinearSVM,100,72,115_Unknown,22,0.7333333333333333
LinearSVM,100,73,"117_Propane, 3,3-dichloro-1,1,1,2,2-pentafluoro-",0,0.0
LinearSVM,100,74,"119_2-Pentanol, 2-methyl-",0,0.0
LinearSVM,100,75,"120_Oxirane, 2-(1,1-dimethylethyl)-3-methyl-",0,0.0
LinearSVM,100,76,121_Unknown,13,0.43333333333333335
LinearSVM,100,77,122_Unknown,0,0.0
LinearSVM,100,78,123_Unknown,2,0.06666666666666667
LinearSVM,100,79,124_Unknown,0,0.0
LinearSVM,100,80,125_Unknown,27,0.9
LinearSVM,100,81,"126_2,4-Pentadienenitrile",30,1.0
LinearSVM,100,82,127_Unknown,7,0.23333333333333334
LinearSVM,100,83,129_Unknown,4,0.13333333333333333
LinearSVM,100,84,"130_3-Oxa-bicyclo[3.2.0]hept-6-ene-2,4-dione",26,0.8666666666666667
LinearSVM,100,85,"131_2-Butenal, 2-methyl-, (E)-",1,0.03333333333333333
LinearSVM,100,86,132_Pyridine,25,0.8333333333333334
LinearSVM,100,87,"133_Formic acid, 2-methylbutyl ester",29,0.9666666666666667
LinearSVM,100,88,134_Unknown,0,0.0
LinearSVM,100,89,"135_Disulfide, dimethyl",1,0.03333333333333333
LinearSVM,100,90,136_Unknown,3,0.1
LinearSVM,100,91,"137_2-Butenal, 2-methyl-",30,1.0
LinearSVM,100,92,138_Unknown,2,0.06666666666666667
LinearSVM,100,93,139_Unknown,25,0.8333333333333334
LinearSVM,100,94,140_Unknown,0,0.0
LinearSVM,100,95,145_Unknown,0,0.0
LinearSVM,100,96,146_Unknown,0,0.0
LinearSVM,100,97,"147_Methanamine, N,N-difluoro-",2,0.06666666666666667
LinearSVM,100,98,148_Propanoic acid,0,0.0
LinearSVM,100,99,149_Unknown,0,0.0
LinearSVM,100,100,150_Unknown,0,0.0
LinearSVM,100,101,152_Unknown,0,0.0
LinearSVM,100,102,153_Unknown,1,0.03333333333333333
LinearSVM,100,103,154_Unknown,0,0.0
LinearSVM,100,104,155_Tetraethylammonium chloride,0,0.0
LinearSVM,100,105,"160_Butanoic acid, 2-amino-4-(methylsulfinyl)-, (.+/-.)-",0,0.0
LinearSVM,100,106,161_Unknown,0,0.0
LinearSVM,100,107,"162_3-Hexene, 2,2-dimethyl-, (Z)-",0,0.0
LinearSVM,100,108,169_Unknown,0,0.0
LinearSVM,100,109,170_Unknown,0,0.0
LinearSVM,100,110,172_Toluene,0,0.0
LinearSVM,100,111,173_Unknown,0,0.0
LinearSVM,100,112,174_1-Methyl-1-ethoxycyclobutane,0,0.0
LinearSVM,100,113,"176_Boron, trihydro(pyridine)-, (T-4)-",0,0.0
LinearSVM,100,114,177_Unknown,0,0.0
LinearSVM,100,115,178_Unknown,0,0.0
LinearSVM,100,116,179_Unknown,0,0.0
LinearSVM,100,117,"180_1-Penten-3-one, 2-methyl-",1,0.03333333333333333
LinearSVM,100,118,181_Unknown,0,0.0
LinearSVM,100,119,"182_2,2,4,4-Tetramethyloctane",0,0.0
LinearSVM,100,120,183_Unknown,19,0.6333333333333333
LinearSVM,100,121,184_Unknown,0,0.0
LinearSVM,100,122,185_Unknown,4,0.13333333333333333
LinearSVM,100,123,"186_Butane, 2-cyclopropyl-",0,0.0
LinearSVM,100,124,"188_2-Hexene, 3-methyl-, (Z)-",0,0.0
LinearSVM,100,125,189_Unknown,0,0.0
LinearSVM,100,126,190_Unknown,1,0.03333333333333333
LinearSVM,100,127,"194_D-Erythro-Tetrofuranose-3-ulose, 4-C-cyclopropyl-1,2-O-isopropylidene-, .alpha.-",0,0.0
LinearSVM,100,128,"203_1,3-Dioxolane, 2-ethyl-4-methyl-",0,0.0
LinearSVM,100,129,205_Unknown,0,0.0
LinearSVM,100,130,207_Unknown,0,0.0
LinearSVM,100,131,209_Unknown,0,0.0
LinearSVM,100,132,211_Unknown,0,0.0
LinearSVM,100,133,213_Unknown,24,0.8
LinearSVM,100,134,214_Cyclopentanone,0,0.0
LinearSVM,100,135,"216_Propane, 1,3-dimethoxy-",20,0.6666666666666666
LinearSVM,100,136,"217_1,3-Diisopropoxy-1,3-dimethyl-1,3-disilacyclobutane",4,0.13333333333333333
LinearSVM,100,137,218_Unknown,0,0.0
LinearSVM,100,138,223_4-Ethylbenzamide,0,0.0
LinearSVM,100,139,"224_2-Methoxy-1,3-dioxolane",0,0.0
LinearSVM,100,140,"226_4-Hexen-3-one, 4-methyl-",1,0.03333333333333333
LinearSVM,100,141,"227_Pipecolic acid, N-propoxycarbonyl-, dodecyl ester",1,0.03333333333333333
LinearSVM,100,142,"228_Cyclopentane, 1,2,4-trimethyl-, (1.alpha.,2.beta.,4.alpha.)-",14,0.4666666666666667
LinearSVM,100,143,229_Unknown,2,0.06666666666666667
LinearSVM,100,144,"230_3-Penten-2-one, 4-methyl-",12,0.4
LinearSVM,100,145,231_Unknown,0,0.0
LinearSVM,100,146,"232_Isovaleric acid, 3-methylbutyl-2 ester",1,0.03333333333333333
LinearSVM,100,147,233_Unknown,9,0.3
LinearSVM,100,148,"234_Hexane, 2,2,4-trimethyl-",20,0.6666666666666666
LinearSVM,100,149,235_3-Nonen-5-one,3,0.1
LinearSVM,100,150,236_Hexanal,0,0.0
LinearSVM,100,151,"237_Ethanol, 2-propoxy-",0,0.0
LinearSVM,100,152,238_2-Methyl-4-methoxy-1-butanol,2,0.06666666666666667
LinearSVM,100,153,"239_1-Butene, 2,3,3-trimethyl-",0,0.0
LinearSVM,100,154,240_Tetrachloroethylene,0,0.0
LinearSVM,100,155,243_Unknown,2,0.06666666666666667
LinearSVM,100,156,247_Unknown,0,0.0
LinearSVM,100,157,249_Butanoic acid,1,0.03333333333333333
LinearSVM,100,158,251_Unknown,16,0.5333333333333333
LinearSVM,100,159,252_Unknown,0,0.0
LinearSVM,100,160,"256_Propanoic acid, propyl ester",0,0.0
LinearSVM,100,161,"259_Heptane, 3,4,5-trimethyl-",0,0.0
LinearSVM,100,162,"262_1,5-Dimethyl-6-oxa-bicyclo[3.1.0]hexane",0,0.0
LinearSVM,100,163,263_Unknown,0,0.0
LinearSVM,100,164,"266_Acetic acid, butyl ester",0,0.0
LinearSVM,100,165,267_Unknown,1,0.03333333333333333
LinearSVM,100,166,"268_Cyclotrisiloxane, hexamethyl-",6,0.2
LinearSVM,100,167,269_Unknown,15,0.5
LinearSVM,100,168,270_Unknown,0,0.0
LinearSVM,100,169,271_Unknown,20,0.6666666666666666
LinearSVM,100,170,"272_Butanoic acid, 2-oxo-, methyl ester",0,0.0
LinearSVM,100,171,"273_1-Butyne, 3-chloro-",0,0.0
LinearSVM,100,172,"274_Hexane, 3,3-dimethyl-",0,0.0
LinearSVM,100,173,275_Unknown,0,0.0
LinearSVM,100,174,277_Unknown,26,0.8666666666666667
LinearSVM,100,175,283_3-Furaldehyde,0,0.0
LinearSVM,100,176,286_Unknown,0,0.0
LinearSVM,100,177,288_4-Hexen-3-one,0,0.0
LinearSVM,100,178,290_Unknown,0,0.0
LinearSVM,100,179,291_Tetrafluoromethane,27,0.9
LinearSVM,100,180,"296_.beta.-D-Glucopyranose, 1,6-anhydro-",0,0.0
LinearSVM,100,181,300_Unknown,0,0.0
LinearSVM,100,182,"301_Benzene, chloro-",6,0.2
LinearSVM,100,183,302_Unknown,8,0.26666666666666666
LinearSVM,100,184,304_Unknown,0,0.0
LinearSVM,100,185,313_Unknown,13,0.43333333333333335
LinearSVM,100,186,316_2-Ethyl-5-propylcyclopentanone,0,0.0
LinearSVM,100,187,317_Ethylbenzene,0,0.0
LinearSVM,100,188,319_Unknown,10,0.3333333333333333
LinearSVM,100,189,320_Unknown,2,0.06666666666666667
LinearSVM,100,190,321_4-Hydroxy-3-hexanone,0,0.0
LinearSVM,100,191,"325_2,6-Octadiene-4,5-diol",0,0.0
LinearSVM,100,192,328_Unknown,0,0.0
LinearSVM,100,193,"329_Succinic acid, but-3-yn-2-yl tetrahydrofurfuryl ester",3,0.1
LinearSVM,100,194,331_Unknown,15,0.5
LinearSVM,100,195,332_N-(2-Methoxyethyl)-tert-butylamine,0,0.0
LinearSVM,100,196,333_Unknown,2,0.06666666666666667
LinearSVM,100,197,334_Unknown,0,0.0
LinearSVM,100,198,"335_2-Ethylthiolane, S,S-dioxide",0,0.0
LinearSVM,100,199,336_1-Methylcyclopropanemethanol,0,0.0
LinearSVM,100,200,337_2-Methoxythiophene,0,0.0
LinearSVM,100,201,338_1-Methoxycyclohexane,1,0.03333333333333333
LinearSVM,100,202,"339_2H-Imidazole-2-thione, 1,3-dihydro-1-methyl-",0,0.0
LinearSVM,100,203,"340_Acetaldehyde, butylhydrazone",5,0.16666666666666666
LinearSVM,100,204,341_Unknown,0,0.0
LinearSVM,100,205,342_Unknown,1,0.03333333333333333
LinearSVM,100,206,346_Unknown,14,0.4666666666666667
LinearSVM,100,207,348_Unknown,2,0.06666666666666667
LinearSVM,100,208,349_Unknown,2,0.06666666666666667
LinearSVM,100,209,"350_Trisiloxane, octamethyl-",0,0.0
LinearSVM,100,210,351_Unknown,2,0.06666666666666667
LinearSVM,100,211,353_3-Ethyl-2-nonanone,5,0.16666666666666666
LinearSVM,100,212,"358_Ethanone, 1-(1-cyclohexen-1-yl)-",8,0.26666666666666666
LinearSVM,100,213,"360_3,5-Octanedione, 2,2,4,7-tetramethyl-",0,0.0
LinearSVM,100,214,"361_1,2-Propanediol diformate",0,0.0
LinearSVM,100,215,362_Hypoglycin,0,0.0
LinearSVM,100,216,363_Cyclohexylmethylsilane,0,0.0
LinearSVM,100,217,364_3-Heptanone,0,0.0
LinearSVM,100,218,365_Unknown,0,0.0
LinearSVM,100,219,370_o-Xylene,0,0.0
LinearSVM,100,220,371_Unknown,0,0.0
LinearSVM,100,221,372_Unknown,15,0.5
LinearSVM,100,222,374_Unknown,20,0.6666666666666666
LinearSVM,100,223,375_Unknown,0,0.0
LinearSVM,100,224,376_Unknown,0,0.0
LinearSVM,100,225,"378_2,2,3-Triethyloxirane",7,0.23333333333333334
LinearSVM,100,226,381_Unknown,29,0.9666666666666667
LinearSVM,100,227,"383_3,3-Dichloropropyne",28,0.9333333333333333
LinearSVM,100,228,385_n-Heptyl acrylate,0,0.0
LinearSVM,100,229,"386_Cyclohexa-1,3-diene, 5,6-diethyl-",0,0.0
LinearSVM,100,230,"387_2-Propenoic acid, butyl ester",0,0.0
LinearSVM,100,231,388_Unknown,0,0.0
LinearSVM,100,232,389_3-Heptanol,0,0.0
LinearSVM,100,233,390_Unknown,0,0.0
LinearSVM,100,234,391_Unknown,0,0.0
LinearSVM,100,235,"392_1-Butyl(dimethyl)silyloxy-2,2-dimethylpropane",8,0.26666666666666666
LinearSVM,100,236,394_Unknown,17,0.5666666666666667
LinearSVM,100,237,"395_Ethanol, 2-butoxy-",12,0.4
LinearSVM,100,238,396_Heptanal,0,0.0
LinearSVM,100,239,398_Unknown,0,0.0
LinearSVM,100,240,"399_2-Hexanol, 5-methyl-",0,0.0
LinearSVM,100,241,"401_2-Propanol, 1-methoxy-2-methyl-",0,0.0
LinearSVM,100,242,403_Unknown,0,0.0
LinearSVM,100,243,405_Unknown,0,0.0
LinearSVM,100,244,406_Unknown,1,0.03333333333333333
LinearSVM,100,245,407_Unknown,11,0.36666666666666664
LinearSVM,100,246,409_Unknown,2,0.06666666666666667
LinearSVM,100,247,410_Unknown,0,0.0
LinearSVM,100,248,"411_Propanoic acid, butyl ester",0,0.0
LinearSVM,100,249,412_Unknown,0,0.0
LinearSVM,100,250,413_Unknown,0,0.0
LinearSVM,100,251,416_Unknown,0,0.0
LinearSVM,100,252,"422_1-Pentanol, TBDMS derivative",0,0.0
LinearSVM,100,253,427_Unknown,6,0.2
LinearSVM,100,254,428_Unknown,0,0.0
LinearSVM,100,255,"431_1-Hexyn-3-ol, 3-methyl-",0,0.0
LinearSVM,100,256,434_Unknown,0,0.0
LinearSVM,100,257,436_Unknown,12,0.4
LinearSVM,100,258,"438_Undecane, 5,5-dimethyl-",0,0.0
LinearSVM,100,259,442_2-Cyclohexen-1-one,0,0.0
LinearSVM,100,260,446_Unknown,0,0.0
LinearSVM,100,261,"449_Cyclohexane, 1,3-dimethyl-",0,0.0
LinearSVM,100,262,450_Unknown,7,0.23333333333333334
LinearSVM,100,263,"451_2-Heptanone, 4-methyl-",0,0.0
LinearSVM,100,264,454_Unknown,1,0.03333333333333333
LinearSVM,100,265,459_Unknown,0,0.0
LinearSVM,100,266,462_(-)-trans-Pinane,0,0.0
LinearSVM,100,267,464_Unknown,1,0.03333333333333333
LinearSVM,100,268,465_3-Ethyl-4-methylpentan-1-ol,30,1.0
LinearSVM,100,269,"466_Hexanal, 3,3-dimethyl-",8,0.26666666666666666
LinearSVM,100,270,"471_Hexanal, 2-ethyl-",30,1.0
LinearSVM,100,271,"474_2-Heptenal, (Z)-",30,1.0
LinearSVM,100,272,475_Unknown,15,0.5
LinearSVM,100,273,476_Unknown,0,0.0
LinearSVM,100,274,477_Unknown,0,0.0
LinearSVM,100,275,478_Unknown,23,0.7666666666666667
LinearSVM,100,276,479_3-Ethylcyclopentanone,3,0.1
LinearSVM,100,277,"480_Benzene, 1,1'-(1-methyl-1,2-ethanediyl)bis-",0,0.0
LinearSVM,100,278,"483_2H-Pyran-3,4,5-triol, tetrahydro-2-methoxy-6-methyl-",0,0.0
LinearSVM,100,279,484_Unknown,0,0.0
LinearSVM,100,280,"485_Nonane, 4-methyl-",0,0.0
LinearSVM,100,281,"488_Tridecane, 6-methyl-",0,0.0
LinearSVM,100,282,490_Unknown,0,0.0
LinearSVM,100,283,"492_Pentadecane, 6-methyl-",17,0.5666666666666667
LinearSVM,100,284,"495_Ethanol, 2,2'-oxybis-",0,0.0
LinearSVM,100,285,496_(E)1-Allyl-2-methylcyclohexanol,20,0.6666666666666666
LinearSVM,100,286,"497_4-Octanol, 2-methyl-",0,0.0
LinearSVM,100,287,500_Dibutylsulfamic acid,0,0.0
LinearSVM,100,288,"501_5-Ethyl-2,4-nonandione",0,0.0
LinearSVM,100,289,"502_Oxalic acid, butyl 2-ethylhexyl ester",0,0.0
LinearSVM,100,290,503_5-Nonanol,0,0.0
LinearSVM,100,291,"507_Formic acid, heptyl ester",0,0.0
LinearSVM,100,292,508_Unknown,0,0.0
LinearSVM,100,293,510_Unknown,22,0.7333333333333333
LinearSVM,100,294,511_Unknown,5,0.16666666666666666
LinearSVM,100,295,512_Unknown,2,0.06666666666666667
LinearSVM,100,296,513_Unknown,0,0.0
LinearSVM,100,297,516_1-Decen-3-one,2,0.06666666666666667
LinearSVM,100,298,521_Unknown,0,0.0
LinearSVM,100,299,522_Unknown,30,1.0
LinearSVM,100,300,523_Benzonitrile,4,0.13333333333333333
LinearSVM,100,301,"524_3-Pentenoic acid, 4-methyl-",0,0.0
LinearSVM,100,302,525_1-Octen-3-ol,8,0.26666666666666666
LinearSVM,100,303,"527_Dodecane, 2,2,11,11-tetramethyl-",1,0.03333333333333333
LinearSVM,100,304,528_Phenol,0,0.0
LinearSVM,100,305,531_Unknown,0,0.0
LinearSVM,100,306,533_Unknown,23,0.7666666666666667
LinearSVM,100,307,535_Unknown,1,0.03333333333333333
LinearSVM,100,308,"536_Propanoic acid, 2,2-dimethyl-, cesium salt",3,0.1
LinearSVM,100,309,537_Hexanoic acid,0,0.0
LinearSVM,100,310,"538_Cyclotetrasiloxane, octamethyl-",0,0.0
LinearSVM,100,311,540_Unknown,30,1.0
LinearSVM,100,312,543_Unknown,26,0.8666666666666667
LinearSVM,100,313,544_2-Octanone,13,0.43333333333333335
LinearSVM,100,314,545_Unknown,0,0.0
LinearSVM,100,315,"546_Benzene, 1,2,3-trimethyl-",14,0.4666666666666667
LinearSVM,100,316,548_4-Octanol,0,0.0
LinearSVM,100,317,549_Unknown,0,0.0
LinearSVM,100,318,"551_2-Methyl-1,6-dioxaspiro[4.4]nonane",13,0.43333333333333335
LinearSVM,100,319,552_Unknown,0,0.0
LinearSVM,100,320,561_Unknown,1,0.03333333333333333
LinearSVM,100,321,565_Propanenitrile,0,0.0
LinearSVM,100,322,566_Unknown,0,0.0
LinearSVM,100,323,567_Decane,0,0.0
LinearSVM,100,324,569_Octanal,7,0.23333333333333334
LinearSVM,100,325,570_Unknown,0,0.0
LinearSVM,100,326,"571_Ethanol, 2-(2-ethoxyethoxy)-",0,0.0
LinearSVM,100,327,572_Unknown,5,0.16666666666666666
LinearSVM,100,328,"574_2-Octanol, (S)-",23,0.7666666666666667
LinearSVM,100,329,"575_Cyclopentene, 1,4-dimethyl-5-(1-methylethyl)-",6,0.2
LinearSVM,100,330,584_Unknown,0,0.0
LinearSVM,100,331,"586_Benzene, 1,2,4-trimethyl-",0,0.0
LinearSVM,100,332,"588_Propanenitrile, 2,2'-azobis[2-methyl-",20,0.6666666666666666
LinearSVM,100,333,589_Unknown,0,0.0
LinearSVM,100,334,"590_2-Propanol, 1-(2-ethoxypropoxy)-",0,0.0
LinearSVM,100,335,"591_Silane, triethylfluoro-",0,0.0
LinearSVM,100,336,592_Tetramethylbutanedinitrile,1,0.03333333333333333
LinearSVM,100,337,593_Unknown,0,0.0
LinearSVM,100,338,598_Unknown,0,0.0
LinearSVM,100,339,602_Unknown,0,0.0
LinearSVM,100,340,605_D-Limonene,0,0.0
LinearSVM,100,341,606_Unknown,1,0.03333333333333333
LinearSVM,100,342,608_2-Propyl-1-pentanol,1,0.03333333333333333
LinearSVM,100,343,609_Unknown,5,0.16666666666666666
LinearSVM,100,344,610_Unknown,2,0.06666666666666667
LinearSVM,100,345,611_Unknown,0,0.0
LinearSVM,100,346,613_Unknown,0,0.0
LinearSVM,100,347,"614_Butanedioic acid, dimethyl ester",2,0.06666666666666667
LinearSVM,100,348,615_Unknown,4,0.13333333333333333
LinearSVM,100,349,616_Unknown,0,0.0
LinearSVM,100,350,619_1-(1'-pyrrolidinyl)-2-butanone,0,0.0
LinearSVM,100,351,"620_1,3,2-Dioxaborolane, 2,4-diethyl-",1,0.03333333333333333
LinearSVM,100,352,621_Benzyl alcohol,0,0.0
LinearSVM,100,353,"623_3-Benzofurancarboxaldehyde, 2,3-dihydro-3-methyl-",29,0.9666666666666667
LinearSVM,100,354,"624_Cyclopropanecarboxylic acid,4-methylpentyl ester",0,0.0
LinearSVM,100,355,"626_3,5-Octadien-2-ol",1,0.03333333333333333
LinearSVM,100,356,627_3-Ethyl-3-heptanol,0,0.0
LinearSVM,100,357,"629_Benzaldehyde, 2-hydroxy-",0,0.0
LinearSVM,100,358,630_Unknown,10,0.3333333333333333
LinearSVM,100,359,632_Unknown,0,0.0
LinearSVM,100,360,634_Unknown,0,0.0
LinearSVM,100,361,"635_2,4,6-Cycloheptatrien-1-one, 4-methyl-",20,0.6666666666666666
LinearSVM,100,362,"636_2-Propenoic acid, 2-methyl-, 2-hydroxypropyl ester",0,0.0
LinearSVM,100,363,"637_4,4'-Bi-1,3,2-dioxaborolane, 2,2'-diethyl-",0,0.0
LinearSVM,100,364,"640_1-Hexanol, 3,5,5-trimethyl-",0,0.0
LinearSVM,100,365,"645_Nonane, 5-methyl-5-propyl-",0,0.0
LinearSVM,100,366,"648_Succinic acid, tridec-2-yn-1-yl 3-methylbut-3-en-1-yl ester",0,0.0
LinearSVM,100,367,"649_2(3H)-Furanone, 5-ethyldihydro-",0,0.0
LinearSVM,100,368,"650_1,2,4,5-Tetrazine, 1,4-dibutylhexahydro-",0,0.0
LinearSVM,100,369,651_Unknown,24,0.8
LinearSVM,100,370,"654_Pentanal, 5-[(tetrahydro-2H-pyran-2-yl)oxy]-",0,0.0
LinearSVM,100,371,658_Unknown,0,0.0
LinearSVM,100,372,660_Unknown,0,0.0
LinearSVM,100,373,"663_2,5-Hexanediol, 2,5-dimethyl-",4,0.13333333333333333
LinearSVM,100,374,664_Unknown,0,0.0
LinearSVM,100,375,"666_4,7-Methano-1H-indene, octahydro-",23,0.7666666666666667
LinearSVM,100,376,668_Phenylglyoxal,0,0.0
LinearSVM,100,377,"670_Aniline, N-methyl-",2,0.06666666666666667
LinearSVM,100,378,672_Acetophenone,0,0.0
LinearSVM,100,379,675_Cyclooctyl alcohol,0,0.0
LinearSVM,100,380,"677_Decane, 3-methyl-",0,0.0
LinearSVM,100,381,680_Unknown,1,0.03333333333333333
LinearSVM,100,382,"681_7-Octen-2-ol, 2,6-dimethyl-",0,0.0
LinearSVM,100,383,"683_Formic acid, octyl ester",21,0.7
LinearSVM,100,384,684_Decyl octyl ether,30,1.0
LinearSVM,100,385,687_Unknown,0,0.0
LinearSVM,100,386,"688_Terephthalic acid, 2-methoxyethyl propyl ester",0,0.0
LinearSVM,100,387,"689_Arsenous acid, tris(trimethylsilyl) ester",0,0.0
LinearSVM,100,388,"693_Hexane, 2,5-dimethoxy-2,5-dimethyl-",1,0.03333333333333333
LinearSVM,100,389,695_Unknown,1,0.03333333333333333
LinearSVM,100,390,"696_Silicic acid, diethyl bis(trimethylsilyl) ester",0,0.0
LinearSVM,100,391,"697_Benzene, 2-ethyl-1,4-dimethyl-",0,0.0
LinearSVM,100,392,"698_1,6-Dioxaspiro[4.4]nonane, 2-ethyl-",0,0.0
LinearSVM,100,393,701_(+)-4-Carene,22,0.7333333333333333
LinearSVM,100,394,703_Lethane,1,0.03333333333333333
LinearSVM,100,395,706_2-Butoxyethyl acetate,0,0.0
LinearSVM,100,396,"709_4-Heptanol, 2,6-dimethyl-",2,0.06666666666666667
LinearSVM,100,397,711_2-Nonanone,2,0.06666666666666667
LinearSVM,100,398,712_Unknown,0,0.0
LinearSVM,100,399,713_Unknown,0,0.0
LinearSVM,100,400,"714_Benzoic acid, methyl ester",0,0.0
LinearSVM,100,401,"715_2,5-Furandione, 3-(1,1-dimethylethyl)-",0,0.0
LinearSVM,100,402,716_Unknown,0,0.0
LinearSVM,100,403,"717_1-Hexadecen-3-ol, 3,5,11,15-tetramethyl-",0,0.0
LinearSVM,100,404,720_Linalool,0,0.0
LinearSVM,100,405,724_Unknown,11,0.36666666666666664
LinearSVM,100,406,726_Unknown,0,0.0
LinearSVM,100,407,"728_2-Cyclohexen-1-one, 3,6-dimethyl-6-(1-methylethyl)-",1,0.03333333333333333
LinearSVM,100,408,729_Unknown,4,0.13333333333333333
LinearSVM,100,409,730_Unknown,21,0.7
LinearSVM,100,410,732_Nonanal,29,0.9666666666666667
LinearSVM,100,411,738_Unknown,2,0.06666666666666667
LinearSVM,100,412,742_Unknown,0,0.0
LinearSVM,100,413,"743_Benzene, 1,3-dichloro-2-methyl-",0,0.0
LinearSVM,100,414,744_Unknown,10,0.3333333333333333
LinearSVM,100,415,746_Unknown,21,0.7
LinearSVM,100,416,749_Isophorone,0,0.0
LinearSVM,100,417,"752_Hexanoic acid, 2-ethyl-",25,0.8333333333333334
LinearSVM,100,418,753_Unknown,0,0.0
LinearSVM,100,419,754_Unknown,0,0.0
LinearSVM,100,420,"755_Undecane, 3,8-dimethyl-",0,0.0
LinearSVM,100,421,758_Unknown,27,0.9
LinearSVM,100,422,760_Unknown,22,0.7333333333333333
LinearSVM,100,423,"771_1H-Indene, 2,3-dihydro-5-methyl-",5,0.16666666666666666
LinearSVM,100,424,772_Unknown,3,0.1
LinearSVM,100,425,"777_Cyclopentasiloxane, decamethyl-",1,0.03333333333333333
LinearSVM,100,426,778_Unknown,2,0.06666666666666667
LinearSVM,100,427,779_Unknown,0,0.0
LinearSVM,100,428,"781_trans-1,2-Dimethylsilacyclohexane",0,0.0
LinearSVM,100,429,"782_2,6-Dihydroxyacetophenone, 2TMS derivative",0,0.0
LinearSVM,100,430,"783_Cyclohexanol, 1-butyl-",0,0.0
LinearSVM,100,431,"784_1,1,3,3,5,5,7,7-Octamethyl-7-(2-methylpropoxy)tetrasiloxan-1-ol",29,0.9666666666666667
LinearSVM,100,432,785_Unknown,1,0.03333333333333333
LinearSVM,100,433,"787_Acetamide, 2-(3-cyano-4-methoxymethyl-6-methylpyridin-2-ylsulfanyl)-N-(3-trifluoromethylphenyl)-",11,0.36666666666666664
LinearSVM,100,434,"793_Hexadecanal, 2-methyl-",0,0.0
LinearSVM,100,435,794_(R)-(+)-1-Phenyl-1-propanol,0,0.0
LinearSVM,100,436,"795_2(3H)-Furanone, dihydro-5-propyl-",0,0.0
LinearSVM,100,437,796_Unknown,0,0.0
LinearSVM,100,438,"799_2(3H)-Furanone, 5-heptyldihydro-",0,0.0
LinearSVM,100,439,"802_Silane, cyclohexyldimethoxymethyl-",0,0.0
LinearSVM,100,440,"804_2,6-Dimethyldecane",2,0.06666666666666667
LinearSVM,100,441,805_Unknown,0,0.0
LinearSVM,100,442,"807_Benzene, (2-methylbutyl)-",7,0.23333333333333334
LinearSVM,100,443,809_Unknown,1,0.03333333333333333
LinearSVM,100,444,"813_2-Nonenal, (E)-",0,0.0
LinearSVM,100,445,"815_Acetic acid, phenylmethyl ester",3,0.1
LinearSVM,100,446,819_Unknown,4,0.13333333333333333
LinearSVM,100,447,820_Benzoic acid,0,0.0
LinearSVM,100,448,824_Unknown,1,0.03333333333333333
LinearSVM,100,449,826_Unknown,3,0.1
LinearSVM,100,450,"827_p-Acetophenetidide, N-methyl-",9,0.3
LinearSVM,100,451,"828_Phenol, 2,4-dimethyl-",0,0.0
LinearSVM,100,452,832_trans-2-Dodecen-1-ol,19,0.6333333333333333
LinearSVM,100,453,834_Unknown,10,0.3333333333333333
LinearSVM,100,454,835_1-Nonanol,15,0.5
LinearSVM,100,455,838_Terpinen-4-ol,0,0.0
LinearSVM,100,456,845_3-Decanone,18,0.6
LinearSVM,100,457,"846_Ethanol, 1-(2-butoxyethoxy)-",6,0.2
LinearSVM,100,458,847_Unknown,0,0.0
LinearSVM,100,459,"848_Benzenemethanol, .alpha.-methyl-, acetate",16,0.5333333333333333
LinearSVM,100,460,849_Unknown,0,0.0
LinearSVM,100,461,851_Unknown,27,0.9
LinearSVM,100,462,853_Unknown,4,0.13333333333333333
LinearSVM,100,463,858_2-Decanone,0,0.0
LinearSVM,100,464,"863_1-Buten-3-one, 1-(2-carboxy-4,4-dimethylcyclobutenyl)-",0,0.0
LinearSVM,100,465,865_Unknown,0,0.0
LinearSVM,100,466,872_Unknown,10,0.3333333333333333
LinearSVM,100,467,874_Unknown,0,0.0
LinearSVM,100,468,875_4-n-Propylbenzoic acid,30,1.0
LinearSVM,100,469,877_Unknown,12,0.4
LinearSVM,100,470,878_Unknown,2,0.06666666666666667
LinearSVM,100,471,879_Unknown,29,0.9666666666666667
LinearSVM,100,472,880_Unknown,0,0.0
LinearSVM,100,473,887_Unknown,29,0.9666666666666667
LinearSVM,100,474,"888_Benzaldehyde, 2,4-dimethyl-",0,0.0
LinearSVM,100,475,889_Dodecyl nonyl ether,1,0.03333333333333333
LinearSVM,100,476,891_Unknown,0,0.0
LinearSVM,100,477,892_Unknown,3,0.1
LinearSVM,100,478,"894_2,4-Nonadienal, (E,E)-",0,0.0
LinearSVM,100,479,"897_2,3,4,6-Tetrahydroisoquinolin-6-one, 1-[4-hydroxybenzyl]-7-methoxy-",0,0.0
LinearSVM,100,480,900_Benzothiazole,0,0.0
LinearSVM,100,481,903_Unknown,0,0.0
LinearSVM,100,482,906_Unknown,0,0.0
LinearSVM,100,483,"907_2-Propenoic acid, 6-methylheptyl ester",5,0.16666666666666666
LinearSVM,100,484,908_Unknown,0,0.0
LinearSVM,100,485,911_Unknown,27,0.9
LinearSVM,100,486,"912_Cyclohexane, isothiocyanato-",1,0.03333333333333333
LinearSVM,100,487,"914_Pentasiloxane, dodecamethyl-",1,0.03333333333333333
LinearSVM,100,488,917_Unknown,27,0.9
LinearSVM,100,489,934_Unknown,6,0.2
LinearSVM,100,490,"936_Silane, trimethyl(3-methyl-1-butynyl)-",0,0.0
LinearSVM,100,491,938_Unknown,0,0.0
LinearSVM,100,492,940_Unknown,0,0.0
LinearSVM,100,493,943_Unknown,3,0.1
LinearSVM,100,494,"944_Benzene, 1,3-bis(1,1-dimethylethyl)-",1,0.03333333333333333
LinearSVM,100,495,947_Geraniol,0,0.0
LinearSVM,100,496,"948_2,6,10-Trimethyltridecane",0,0.0
LinearSVM,100,497,"949_Heptadecane, 2,6,10,15-tetramethyl-",0,0.0
LinearSVM,100,498,"950_Acetic acid, chloro-, 2-phenylethyl ester",13,0.43333333333333335
LinearSVM,100,499,"952_Sulfurous acid, 2-ethylhexyl undecyl ester",13,0.43333333333333335
LinearSVM,100,500,"958_1H-Indene, 2,3-dihydro-1,1-dimethyl-",0,0.0
LinearSVM,100,501,960_Unknown,0,0.0
LinearSVM,100,502,962_Unknown,2,0.06666666666666667
LinearSVM,100,503,963_Unknown,0,0.0
LinearSVM,100,504,966_Unknown,0,0.0
LinearSVM,100,505,"967_2-Decenal, (E)-",0,0.0
LinearSVM,100,506,968_Unknown,0,0.0
LinearSVM,100,507,974_Unknown,0,0.0
LinearSVM,100,508,"976_Benzoic acid, 2-hydroxy-, ethyl ester",3,0.1
LinearSVM,100,509,977_Nonanoic acid,0,0.0
LinearSVM,100,510,980_Unknown,0,0.0
LinearSVM,100,511,"983_Benzaldehyde, 4-propyl-",0,0.0
LinearSVM,100,512,984_1-Decanol,0,0.0
LinearSVM,100,513,"990_3,4-Dimethylcumene",0,0.0
LinearSVM,100,514,995_Unknown,0,0.0
LinearSVM,100,515,"1002_3-Picoline, 5-(tert-butylthio)-",3,0.1
LinearSVM,100,516,1010_Unknown,0,0.0
LinearSVM,100,517,"1011_Naphthalene, 1,2,3,4-tetrahydro-1,8-dimethyl-",0,0.0
LinearSVM,100,518,"1012_Phenol, 2-methyl-5-(1-methylethyl)-",0,0.0
LinearSVM,100,519,1013_Unknown,6,0.2
LinearSVM,100,520,"1014_1H-Pyrazole, 3-ethyl-4,5-dihydro-1,4-dimethyl-",1,0.03333333333333333
LinearSVM,100,521,"1016_Benzothiazole, 2-methyl-",0,0.0
LinearSVM,100,522,"1017_Naphthalene, 1-methyl-",0,0.0
LinearSVM,100,523,1019_Unknown,5,0.16666666666666666
LinearSVM,100,524,"1022_2-Cyclohexen-1-one, 4-butyl-3-methoxy-",21,0.7
LinearSVM,100,525,1024_Unknown,0,0.0
LinearSVM,100,526,1026_Unknown,0,0.0
LinearSVM,100,527,"1032_Carbonic acid, tetradecyl vinyl ester",0,0.0
LinearSVM,100,528,"1033_Cyclohexasiloxane, dodecamethyl-",3,0.1
LinearSVM,100,529,"1034_.beta.-Hydroxypyruvic acid, trimethylsilyl ether, trimethylsilyl ester",0,0.0
LinearSVM,100,530,1036_Unknown,0,0.0
LinearSVM,100,531,1041_Unknown,1,0.03333333333333333
LinearSVM,100,532,"1042_Ethanone, 1-[4-(1-methylethyl)phenyl]-",1,0.03333333333333333
LinearSVM,100,533,"1044_Ethanone, 1-(2,4,5-trimethylphenyl)-",0,0.0
LinearSVM,100,534,1046_2-Bromo dodecane,0,0.0
LinearSVM,100,535,1047_3-tert-Butyl-2-pyrazolin-5-one,0,0.0
LinearSVM,100,536,1051_Unknown,1,0.03333333333333333
LinearSVM,100,537,"1052_1,3-Cyclohexadiene-1-carboxaldehyde, 2,6,6-trimethyl-",11,0.36666666666666664
LinearSVM,100,538,1053_Unknown,16,0.5333333333333333
LinearSVM,100,539,1056_Unknown,0,0.0
LinearSVM,100,540,1057_Unknown,0,0.0
LinearSVM,100,541,1059_Unknown,0,0.0
LinearSVM,100,542,"1060_Cyclohexanol, 4-(1,1-dimethylethyl)-, acetate, cis-",0,0.0
LinearSVM,100,543,"1061_Benzene, 3-cyclohexen-1-yl-",0,0.0
LinearSVM,100,544,1062_Unknown,0,0.0
LinearSVM,100,545,"1064_(-)-1,2,2.alpha.,3,3,4,6,7,8,8.alpha.-decahydro-2.alpha.,7,8-trimethylacenaphthylene",0,0.0
LinearSVM,100,546,"1066_Hexanamide, N-methallyl-",0,0.0
LinearSVM,100,547,1067_Cedrene-V6,12,0.4
LinearSVM,100,548,1068_Unknown,0,0.0
LinearSVM,100,549,1070_Unknown,0,0.0
LinearSVM,100,550,"1071_2,4,4-Trimethyl-3-(3-methylbutyl)cyclohex-2-enone",0,0.0
LinearSVM,100,551,1072_Unknown,0,0.0
LinearSVM,100,552,1073_Unknown,0,0.0
LinearSVM,100,553,"1074_Benzene, 1-(1,1-dimethylethyl)-3-ethyl-",0,0.0
LinearSVM,100,554,"1077_Sulfurous acid, cyclohexylmethyl heptadecyl ester",1,0.03333333333333333
LinearSVM,100,555,"1080_Tricyclo[5.4.0.0(2,8)]undec-9-ene, 2,6,6,9-tetramethyl-, (1R,2S,7R,8R)-",0,0.0
LinearSVM,100,556,"1083_2,7-Imino-3,6-methanonaphthalene, decahydro-",2,0.06666666666666667
LinearSVM,100,557,"1084_(1R,3aS,4aS,8aS)-1,4,4,6-Tetramethyl-1,2,3,3a,4,4a,7,8-octahydrocyclopenta[1,4]cyclobuta[1,2]benzene",0,0.0
LinearSVM,100,558,"1090_Phenol, 2-(1,1-dimethylethyl)-6-methyl-",0,0.0
LinearSVM,100,559,1091_Unknown,20,0.6666666666666666
LinearSVM,100,560,1093_Unknown,0,0.0
LinearSVM,100,561,"1094_Heptacosane, 1-chloro-",0,0.0
LinearSVM,100,562,1097_Unknown,4,0.13333333333333333
LinearSVM,100,563,1099_2-Undecenal,0,0.0
LinearSVM,100,564,"1100_Ethanone, 1-[4-(1-methylethenyl)phenyl]-",0,0.0
LinearSVM,100,565,1102_N-(tert-Butyldimethylsilyl)-9-ethyl-9H-carbazol-3-amine,0,0.0
LinearSVM,100,566,"1103_Ethanone, 1-(2,3-dihydro-1H-inden-5-yl)-",0,0.0
LinearSVM,100,567,1106_o-tert-Butyl cyclohexyl acetate 1,2,0.06666666666666667
LinearSVM,100,568,1111_Butyl benzoate,11,0.36666666666666664
LinearSVM,100,569,"1112_Acetic acid, trifluoro-, undecyl ester",1,0.03333333333333333
LinearSVM,100,570,1117_Unknown,18,0.6
LinearSVM,100,571,1119_Longifolene-(V4),0,0.0
LinearSVM,100,572,1121_Unknown,6,0.2
LinearSVM,100,573,"1125_2,4,4,6,6,8,8-Heptamethyl-1-nonene",5,0.16666666666666666
LinearSVM,100,574,1127_Unknown,0,0.0
LinearSVM,100,575,"1130_2-Butanone, 1-(1,3-benzodioxol-5-yl)-",0,0.0
LinearSVM,100,576,1131_Unknown,7,0.23333333333333334
LinearSVM,100,577,1133_2-Dodecanone,0,0.0
LinearSVM,100,578,1134_Unknown,0,0.0
LinearSVM,100,579,"1135_Hexasiloxane, tetradecamethyl-",0,0.0
LinearSVM,100,580,"1138_Bicyclo[4.4.0]dec-1-ene, 2-isopropyl-5-methyl-9-methylene-",10,0.3333333333333333
LinearSVM,100,581,1139_Unknown,22,0.7333333333333333
LinearSVM,100,582,1140_Unknown,4,0.13333333333333333
LinearSVM,100,583,1141_Diphenyl ether,3,0.1
LinearSVM,100,584,"1145_2,3-Dihydro-1H-cyclopenta[b]quinoxaline",0,0.0
LinearSVM,100,585,1147_Unknown,0,0.0
LinearSVM,100,586,1148_Unknown,17,0.5666666666666667
LinearSVM,100,587,1149_Unknown,7,0.23333333333333334
LinearSVM,100,588,"1150_1H-3a,7-Methanoazulene, octahydro-1,4,9,9-tetramethyl-, (1.alpha.,3a.alpha.,4.beta.,7.alpha.,8a.beta.)-",9,0.3
LinearSVM,100,589,"1151_1H-Cycloprop[e]azulene, decahydro-1,1,4,7-tetramethyl-",1,0.03333333333333333
LinearSVM,100,590,"1157_2,4,8-Trimethyl-1,2,3,4-tetrahydroquinoline",0,0.0
LinearSVM,100,591,"1159_5-Azulenemethanol, 1,2,3,4,5,6,7,8-octahydro-.alpha.,.alpha.,3,8-tetramethyl-, acetate, [3S-(3.alpha.,5.alpha.,8.alpha.)]-",0,0.0
LinearSVM,100,592,"1163_10,10-Dimethyl-4-acetyl-tricyclo[5.2.1.0(1,5)]decane",16,0.5333333333333333
LinearSVM,100,593,"1167_(3S,4aR,8aS)-1,1,3,6-Tetramethyl-3-vinyl-3,4,4a,7,8,8a-hexahydro-1H-isochromene",0,0.0
LinearSVM,100,594,1168_Unknown,0,0.0
LinearSVM,100,595,1172_2-Cyanoquinoxaline,0,0.0
LinearSVM,100,596,"1173_Spiro[5.5]undec-2-ene, 3,7,7-trimethyl-11-methylene-, (-)-",0,0.0
LinearSVM,100,597,"1175_4,7-methano-1H-inden-5-ol, 3a,4,5,6,7,7a-hexahydro-, acetate",17,0.5666666666666667
LinearSVM,100,598,"1177_2-Isopropenyl-4a,8-dimethyl-1,2,3,4,4a,5,6,8a-octahydronaphthalene",10,0.3333333333333333
LinearSVM,100,599,1178_Nopyl acetate,0,0.0
LinearSVM,100,600,1180_Unknown,1,0.03333333333333333
LinearSVM,100,601,1184_Isosativene,1,0.03333333333333333
LinearSVM,100,602,"1185_Ethanone, 1,1'-(1,4-phenylene)bis-",0,0.0
LinearSVM,100,603,"1186_1,1,7,7a-Tetramethyl-1a,2,6,7,7a,7b-hexahydro-1H-cyclopropa[a]naphthalene",0,0.0
LinearSVM,100,604,"1187_2-Butanone, 4-(2,6,6-trimethyl-1-cyclohexen-1-yl)-",0,0.0
LinearSVM,100,605,1189_.gamma.-Neoclovene,2,0.06666666666666667
LinearSVM,100,606,"1190_Quinoline, 1,2-dihydro-2,2,4-trimethyl-",0,0.0
LinearSVM,100,607,1192_Unknown,0,0.0
LinearSVM,100,608,1193_Unknown,0,0.0
LinearSVM,100,609,"1196_(-)-Neoclovene-(I), dihydro-",0,0.0
LinearSVM,100,610,"1197_Quinoline, 2,7-dimethyl-",1,0.03333333333333333
LinearSVM,100,611,"1198_Phthalic acid, methyl neopentyl ester",0,0.0
LinearSVM,100,612,"1200_Benzene, 1-(1,5-dimethylhexyl)-4-methyl-",21,0.7
LinearSVM,100,613,1201_Dimethyl phthalate,0,0.0
LinearSVM,100,614,1202_Biphenylene,0,0.0
LinearSVM,100,615,1203_Unknown,1,0.03333333333333333
LinearSVM,100,616,1204_Unknown,0,0.0
LinearSVM,100,617,"1206_5,9-Undecadien-2-one, 6,10-dimethyl-, (E)-",2,0.06666666666666667
LinearSVM,100,618,1208_Unknown,9,0.3
LinearSVM,100,619,"1212_1-Cyclohexene, 1,3,3-trimethyl-2-(1-methylbut-1-en-3-on-1-yl)-",2,0.06666666666666667
LinearSVM,100,620,1213_(-)-.alpha.-Panasinsen,0,0.0
LinearSVM,100,621,1216_Unknown,0,0.0
LinearSVM,100,622,"1217_Silane, trichlorooctadecyl-",0,0.0
LinearSVM,100,623,1219_Unknown,0,0.0
LinearSVM,100,624,"1220_2,5-cyclohexadien-1-one, 2,6-bis(1,1-dimethylethyl)-4-hydroxy-4-methyl-",0,0.0
LinearSVM,100,625,"1221_1,2-Bis(trimethylsilyl)-4-methylbenzene",0,0.0
LinearSVM,100,626,"1223_2,5-Cyclohexadiene-1,4-dione, 2,6-bis(1,1-dimethylethyl)-",0,0.0
LinearSVM,100,627,1224_Unknown,0,0.0
LinearSVM,100,628,1228_Unknown,7,0.23333333333333334
LinearSVM,100,629,"1234_2,5-cyclohexadiene-1,4-dione, 2-(1,1-dimethylethyl)-5-(2-methyl-2-propen-1-yl)-",0,0.0
LinearSVM,100,630,"1235_Cycloheptasiloxane, tetradecamethyl-",6,0.2
LinearSVM,100,631,1237_Unknown,1,0.03333333333333333
LinearSVM,100,632,"1241_Ethanone, 1-[4-(1-hydroxy-1-methylethyl)phenyl]-",0,0.0
LinearSVM,100,633,"1242_Butanedioic acid, bis(2-methylpropyl) ester",0,0.0
LinearSVM,100,634,"1243_Ppropiolic acid, 3-(1-hydroxy-2-isopropyl-5-methylcyclohexyl)-",0,0.0
LinearSVM,100,635,1244_Unknown,1,0.03333333333333333
LinearSVM,100,636,1247_Unknown,8,0.26666666666666666
LinearSVM,100,637,1248_Dodecanenitrile,0,0.0
LinearSVM,100,638,"1250_Octacosane, 1-iodo-",0,0.0
LinearSVM,100,639,1251_Unknown,30,1.0
LinearSVM,100,640,1252_n-Pentadecanol,0,0.0
LinearSVM,100,641,1255_Unknown,0,0.0
LinearSVM,100,642,1257_Pentadecane,6,0.2
LinearSVM,100,643,1258_Butylated Hydroxytoluene,6,0.2
LinearSVM,100,644,1259_Unknown,5,0.16666666666666666
LinearSVM,100,645,1261_Unknown,0,0.0
LinearSVM,100,646,1262_Unknown,0,0.0
LinearSVM,100,647,"1263_2,4-Di-tert-butylphenol",0,0.0
LinearSVM,100,648,1264_Unknown,0,0.0
LinearSVM,100,649,1265_Unknown,0,0.0
LinearSVM,100,650,1266_Unknown,16,0.5333333333333333
LinearSVM,100,651,1267_Unknown,25,0.8333333333333334
LinearSVM,100,652,1268_Bis(pentamethylcyclotrisiloxy)tetramethyldisiloxane,2,0.06666666666666667
LinearSVM,100,653,1269_Unknown,0,0.0
LinearSVM,100,654,1271_Unknown,20,0.6666666666666666
LinearSVM,100,655,1274_Unknown,0,0.0
LinearSVM,100,656,1277_Octadecyl octyl ether,25,0.8333333333333334
LinearSVM,100,657,"1281_Eicosane, 1-iodo-",0,0.0
LinearSVM,100,658,"1282_Benzoic acid, 4-ethoxy-, ethyl ester",0,0.0
LinearSVM,100,659,1283_2-(1-Cyclohexenyl)cyclohexanone,1,0.03333333333333333
LinearSVM,100,660,"1286_1-Dodecanol, 2-hexyl-",0,0.0
LinearSVM,100,661,1290_Unknown,0,0.0
LinearSVM,100,662,1293_Unknown,14,0.4666666666666667
LinearSVM,100,663,1296_Unknown,0,0.0
LinearSVM,100,664,1297_aR-Himachalene,0,0.0
LinearSVM,100,665,1298_Unknown,4,0.13333333333333333
LinearSVM,100,666,1300_Unknown,0,0.0
LinearSVM,100,667,"1302_Adipic acid, di(but-2-en-1-yl) ester",0,0.0
LinearSVM,100,668,1304_Unknown,0,0.0
LinearSVM,100,669,"1305_Hexadecane, 2,6,11,15-tetramethyl-",0,0.0
LinearSVM,100,670,"1308_Dotriacontane, 1-iodo-",0,0.0
LinearSVM,100,671,"1312_Heptasiloxane, hexadecamethyl-",0,0.0
LinearSVM,100,672,1314_Unknown,0,0.0
LinearSVM,100,673,1315_Eicosane,0,0.0
LinearSVM,100,674,"1319_Pentadecane, 4-methyl-",5,0.16666666666666666
LinearSVM,100,675,1321_Dodecanoic acid,0,0.0
LinearSVM,100,676,1323_Unknown,2,0.06666666666666667
LinearSVM,100,677,"1324_Hexadecane, 7,9-dimethyl-",0,0.0
LinearSVM,100,678,"1325_1-Adamantanecarboxylic acid, 2-adamantyl ester",0,0.0
LinearSVM,100,679,1329_2-Methoxycarbonyl-2-methylbrendane,0,0.0
LinearSVM,100,680,"1334_Glutaric acid, di(isobutyl) ester",0,0.0
LinearSVM,100,681,1335_Unknown,1,0.03333333333333333
LinearSVM,100,682,1336_Unknown,7,0.23333333333333334
LinearSVM,100,683,"1338_4-tert-Butyl-2,6-diisopropylphenol",0,0.0
LinearSVM,100,684,1339_Unknown,2,0.06666666666666667
LinearSVM,100,685,1340_Diethyl Phthalate,0,0.0
LinearSVM,100,686,1341_Unknown,2,0.06666666666666667
LinearSVM,100,687,1342_Unknown,0,0.0
LinearSVM,100,688,"1343_2,2,4-Trimethyl-1,3-pentanediol diisobutyrate",6,0.2
LinearSVM,100,689,"1344_Phenol, 2,4,6-tri-tert-butyl-",1,0.03333333333333333
LinearSVM,100,690,1345_Unknown,0,0.0
LinearSVM,100,691,1347_Unknown,0,0.0
LinearSVM,100,692,1353_Hexadecane,0,0.0
LinearSVM,100,693,1354_Unknown,0,0.0
LinearSVM,100,694,"1358_Cedrane, 8-propoxy-",0,0.0
LinearSVM,100,695,1361_Tetradecanal,10,0.3333333333333333
LinearSVM,100,696,1366_Unknown,0,0.0
LinearSVM,100,697,1368_Benzophenone,0,0.0
LinearSVM,100,698,1369_Unknown,0,0.0
LinearSVM,100,699,1370_Unknown,0,0.0
LinearSVM,100,700,"1371_Benzene, (1-butylheptyl)-",0,0.0
LinearSVM,100,701,1372_Unknown,0,0.0
LinearSVM,100,702,1374_Unknown,0,0.0
LinearSVM,100,703,1375_Unknown,1,0.03333333333333333
LinearSVM,100,704,"1376_Cyclooctasiloxane, hexadecamethyl-",5,0.16666666666666666
LinearSVM,100,705,"1388_Pentadecane, 2,6,10-trimethyl-",1,0.03333333333333333
LinearSVM,100,706,"1392_1,3,5-Triazine-2,4,6(1H,3H,5H)-trione, 1,3,5-tri-2-propenyl-",0,0.0
LinearSVM,100,707,"1393_Fumaric acid, eicosyl trans-hex-3-enyl ester",0,0.0
LinearSVM,100,708,1394_Unknown,0,0.0
LinearSVM,100,709,1395_Unknown,0,0.0
LinearSVM,100,710,"1406_Pyrene, hexadecahydro-",0,0.0
LinearSVM,100,711,1407_Unknown,1,0.03333333333333333
LinearSVM,100,712,"1408_Heptadecane, 2-methyl-",0,0.0
LinearSVM,100,713,1410_Unknown,3,0.1
LinearSVM,100,714,"1411_Phenol, 2,4-di-t-butyl-6-nitro-",0,0.0
LinearSVM,100,715,1415_Unknown,1,0.03333333333333333
LinearSVM,100,716,1419_Tetradecyl trifluoroacetate,0,0.0
LinearSVM,100,717,"1433_3-Chloropropionic acid, heptadecyl ester",0,0.0
LinearSVM,100,718,1434_Unknown,0,0.0
LinearSVM,100,719,1435_Unknown,0,0.0
LinearSVM,100,720,"1436_Pentanoic acid, 6-ethyl-3-octyl ester",0,0.0
LinearSVM,100,721,1439_Unknown,0,0.0
LinearSVM,100,722,1442_Unknown,29,0.9666666666666667
LinearSVM,100,723,1443_Unknown,0,0.0
LinearSVM,100,724,1444_Unknown,9,0.3
LinearSVM,100,725,1445_Heptadecane,23,0.7666666666666667
LinearSVM,100,726,"1448_Benzene, (3-iodo-1-methoxypropyl)-",0,0.0
LinearSVM,100,727,"1452_Silane, diethoxydiphenyl-",0,0.0
LinearSVM,100,728,1454_Unknown,9,0.3
LinearSVM,100,729,1455_Unknown,0,0.0
LinearSVM,100,730,1459_Pentadecanal-,0,0.0
LinearSVM,100,731,"1464_2,6,11,15-Tetramethyl-hexadeca-2,6,8,10,14-pentaene",1,0.03333333333333333
LinearSVM,100,732,"1465_1-Penten-3-one, 2-methyl-1-(2,2,6-trimethylcyclohexen-1-yl)-",0,0.0
LinearSVM,100,733,1470_Hippuric acid,0,0.0
LinearSVM,100,734,"1472_Benzenecarbothioic acid, S-ethyl ester",14,0.4666666666666667
LinearSVM,100,735,1475_Unknown,0,0.0
LinearSVM,100,736,"1481_Benzene, 1-(1,1-dimethylethyl)-4-phenoxy-",0,0.0
LinearSVM,100,737,1484_Unknown,0,0.0
LinearSVM,100,738,"1488_Octadecane, 1-iodo-",0,0.0
LinearSVM,100,739,1492_Unknown,0,0.0
LinearSVM,100,740,1493_Unknown,0,0.0
LinearSVM,100,741,1499_Heneicosane,15,0.5
LinearSVM,100,742,1501_Hexestrol,0,0.0
LinearSVM,100,743,"1503_3,5-di-tert-Butyl-4-hydroxybenzaldehyde",0,0.0
LinearSVM,100,744,1504_Unknown,0,0.0
LinearSVM,100,745,1505_Unknown,2,0.06666666666666667
LinearSVM,100,746,"1507_1,3-Cyclopentadiene, 5,5-dimethyl-1,2-Dipropyl-",0,0.0
LinearSVM,100,747,1510_Unknown,0,0.0
LinearSVM,100,748,1516_Tetradecanoic acid,3,0.1
LinearSVM,100,749,"1526_.alpha.-Phellandrene, dimer",2,0.06666666666666667
LinearSVM,100,750,1535_Unknown,0,0.0
LinearSVM,100,751,"1556_Kaur-16-ene, (8.beta.,13.beta.)-",2,0.06666666666666667
LinearSVM,100,752,1557_Unknown,0,0.0
LinearSVM,100,753,"1563_Benzene, 1-methyl-4-(1,2,2-trimethylcyclopentyl)-, (R)-",1,0.03333333333333333
LinearSVM,100,754,"1564_Acetophenone, 2,2-difluoro-2-phenyl-",6,0.2
LinearSVM,100,755,1569_Unknown,0,0.0
LinearSVM,100,756,"1570_Ethanedione, diphenyl-",0,0.0
LinearSVM,100,757,1579_Isopropyl myristate,0,0.0
LinearSVM,100,758,"1597_Benzenebutanal, .gamma.,4-dimethyl-",1,0.03333333333333333
LinearSVM,100,759,1601_Unknown,8,0.26666666666666666
LinearSVM,100,760,"1623_Bayer 28,589",0,0.0
LinearSVM,100,761,1645_Palmitoleic acid,0,0.0
LinearSVM,100,762,1650_Diisooctyl phthalate,0,0.0
LinearSVM,100,763,"1653_1,2-Benzenedicarboxylic acid, bis(2-methylpropyl) ester",2,0.06666666666666667
LinearSVM,100,764,1654_Tetracosane,0,0.0
LinearSVM,100,765,1658_Unknown,0,0.0
LinearSVM,100,766,"1660_l-(+)-Ascorbic acid 2,6-dihexadecanoate",0,0.0
LinearSVM,100,767,1661_Unknown,0,0.0
LinearSVM,100,768,"1663_7,11-Hexadecadienal",2,0.06666666666666667
LinearSVM,100,769,1665_Unknown,1,0.03333333333333333
LinearSVM,100,770,1667_Unknown,3,0.1
LinearSVM,100,771,1670_Unknown,1,0.03333333333333333
LinearSVM,100,772,1672_Bis(2-ethylhexyl) phthalate,1,0.03333333333333333
LinearSVM,100,773,1698_Unknown,11,0.36666666666666664
LinearSVM,100,774,1700_Dotriacontane,0,0.0
LinearSVM,100,775,1707_Squalane,4,0.13333333333333333
LinearSVM,100,776,1717_Unknown,0,0.0
LinearSVM,100,777,"1718_1,1'-Binaphthalene, 5,5',6,6',7,7',8,8'-octahydro-",0,0.0
LinearSVM,100,778,1720_Tritriacontane,0,0.0
LinearSVM,100,779,1730_Cyclic octaatomic sulfur,0,0.0
LinearSVM,200,0,"1_2-Butenal, (Z)-",6,0.2
LinearSVM,200,1,2_Unknown,2,0.06666666666666667
LinearSVM,200,2,3_Unknown,0,0.0
LinearSVM,200,3,"4_4,5-Dihydrooxazole-5-one, 4-[4-acetoxy-3-methoxybenzylidene]-2-phenyl-",0,0.0
LinearSVM,200,4,6_Cyclopropyl methyl carbinol,10,0.3333333333333333
LinearSVM,200,5,7_Unknown,4,0.13333333333333333
LinearSVM,200,6,9_Unknown,30,1.0
LinearSVM,200,7,"11_Ethane, 1,2-dichloro-",1,0.03333333333333333
LinearSVM,200,8,13_3-Methoxypropionic acid,6,0.2
LinearSVM,200,9,14_Thiirane,4,0.13333333333333333
LinearSVM,200,10,"17_Furan, 2,3-dihydro-4-methyl-",0,0.0
LinearSVM,200,11,"18_Diborane(6), .mu.-mercapto-",4,0.13333333333333333
LinearSVM,200,12,"19_Cyclohexane, (1,1-dimethylethyl)-",20,0.6666666666666666
LinearSVM,200,13,20_Unknown,0,0.0
LinearSVM,200,14,21_Unknown,0,0.0
LinearSVM,200,15,23_Unknown,0,0.0
LinearSVM,200,16,25_2-Oxo-6-(piperidine-1-sulfonyl)-benzooxazole-3-carboxylic acid 2-chloro-ethyl ester,0,0.0
LinearSVM,200,17,"26_2-Propanol, 1-methoxy-",0,0.0
LinearSVM,200,18,27_Unknown,5,0.16666666666666666
LinearSVM,200,19,"28_Nonane, 5-methylene-",0,0.0
LinearSVM,200,20,"29_Disiloxane, hexamethyl-",8,0.26666666666666666
LinearSVM,200,21,33_Unknown,1,0.03333333333333333
LinearSVM,200,22,"34_Butanal, 2-methyl-",30,1.0
LinearSVM,200,23,35_Unknown,2,0.06666666666666667
LinearSVM,200,24,36_1-Penten-3-one,30,1.0
LinearSVM,200,25,37_Unknown,12,0.4
LinearSVM,200,26,"38_Methoxyacetic acid, 2-tetrahydrofurylmethyl ester",17,0.5666666666666667
LinearSVM,200,27,40_tert-Butylpentamethyldisiloxane,0,0.0
LinearSVM,200,28,42_Triethylamine,30,1.0
LinearSVM,200,29,44_Unknown,11,0.36666666666666664
LinearSVM,200,30,"45_Pentane, 2,2,4-trimethyl-",13,0.43333333333333335
LinearSVM,200,31,49_Unknown,3,0.1
LinearSVM,200,32,50_Unknown,30,1.0
LinearSVM,200,33,51_Unknown,0,0.0
LinearSVM,200,34,53_Unknown,22,0.7333333333333333
LinearSVM,200,35,"54_Heptanal, 2-methyl-",8,0.26666666666666666
LinearSVM,200,36,56_Unknown,0,0.0
LinearSVM,200,37,58_cis-1-Ethoxy-1-butene,21,0.7
LinearSVM,200,38,60_Unknown,0,0.0
LinearSVM,200,39,"61_2-Butanol, 3,3-dimethyl-4-dimethylamino-2-phenyl-",14,0.4666666666666667
LinearSVM,200,40,62_Unknown,20,0.6666666666666666
LinearSVM,200,41,66_Unknown,1,0.03333333333333333
LinearSVM,200,42,68_Unknown,3,0.1
LinearSVM,200,43,70_Trimethylene oxide,10,0.3333333333333333
LinearSVM,200,44,71_Unknown,3,0.1
LinearSVM,200,45,72_Unknown,1,0.03333333333333333
LinearSVM,200,46,"74_1,4-Dioxane",0,0.0
LinearSVM,200,47,75_Unknown,4,0.13333333333333333
LinearSVM,200,48,"76_Ethane, methoxy-",3,0.1
LinearSVM,200,49,78_Unknown,0,0.0
LinearSVM,200,50,79_Unknown,29,0.9666666666666667
LinearSVM,200,51,"80_Propionic acid, 2-mercapto-, allyl ester",0,0.0
LinearSVM,200,52,"82_2-Cyclopenten-1-one, 3-methyl-",1,0.03333333333333333
LinearSVM,200,53,"83_Ethanamine, N-ethyl-",2,0.06666666666666667
LinearSVM,200,54,84_Unknown,0,0.0
LinearSVM,200,55,"86_Silanediol, dimethyl-",0,0.0
LinearSVM,200,56,87_Unknown,2,0.06666666666666667
LinearSVM,200,57,"88_Sulfurous acid, dimethyl ester",1,0.03333333333333333
LinearSVM,200,58,90_Unknown,20,0.6666666666666666
LinearSVM,200,59,91_Unknown,28,0.9333333333333333
LinearSVM,200,60,"92_Propane, 1-isothiocyanato-",0,0.0
LinearSVM,200,61,93_Unknown,4,0.13333333333333333
LinearSVM,200,62,"94_Cyclopentanemethanol, 3-methylene-",2,0.06666666666666667
LinearSVM,200,63,97_Unknown,17,0.5666666666666667
LinearSVM,200,64,"100_Formic acid, butyl ester",8,0.26666666666666666
LinearSVM,200,65,"101_1,3-Propanediol",28,0.9333333333333333
LinearSVM,200,66,"104_Ethane, 1,1-diethoxy-",1,0.03333333333333333
LinearSVM,200,67,"107_Formic acid, 5-methylhex-2-yl ester",3,0.1
LinearSVM,200,68,110_2-Heptene,1,0.03333333333333333
LinearSVM,200,69,111_Unknown,10,0.3333333333333333
LinearSVM,200,70,112_Unknown,3,0.1
LinearSVM,200,71,114_Unknown,0,0.0
LinearSVM,200,72,115_Unknown,25,0.8333333333333334
LinearSVM,200,73,"117_Propane, 3,3-dichloro-1,1,1,2,2-pentafluoro-",1,0.03333333333333333
LinearSVM,200,74,"119_2-Pentanol, 2-methyl-",2,0.06666666666666667
LinearSVM,200,75,"120_Oxirane, 2-(1,1-dimethylethyl)-3-methyl-",0,0.0
LinearSVM,200,76,121_Unknown,25,0.8333333333333334
LinearSVM,200,77,122_Unknown,0,0.0
LinearSVM,200,78,123_Unknown,8,0.26666666666666666
LinearSVM,200,79,124_Unknown,0,0.0
LinearSVM,200,80,125_Unknown,29,0.9666666666666667
LinearSVM,200,81,"126_2,4-Pentadienenitrile",30,1.0
LinearSVM,200,82,127_Unknown,20,0.6666666666666666
LinearSVM,200,83,129_Unknown,9,0.3
LinearSVM,200,84,"130_3-Oxa-bicyclo[3.2.0]hept-6-ene-2,4-dione",30,1.0
LinearSVM,200,85,"131_2-Butenal, 2-methyl-, (E)-",4,0.13333333333333333
LinearSVM,200,86,132_Pyridine,30,1.0
LinearSVM,200,87,"133_Formic acid, 2-methylbutyl ester",30,1.0
LinearSVM,200,88,134_Unknown,0,0.0
LinearSVM,200,89,"135_Disulfide, dimethyl",1,0.03333333333333333
LinearSVM,200,90,136_Unknown,15,0.5
LinearSVM,200,91,"137_2-Butenal, 2-methyl-",30,1.0
LinearSVM,200,92,138_Unknown,5,0.16666666666666666
LinearSVM,200,93,139_Unknown,30,1.0
LinearSVM,200,94,140_Unknown,3,0.1
LinearSVM,200,95,145_Unknown,0,0.0
LinearSVM,200,96,146_Unknown,12,0.4
LinearSVM,200,97,"147_Methanamine, N,N-difluoro-",9,0.3
LinearSVM,200,98,148_Propanoic acid,3,0.1
LinearSVM,200,99,149_Unknown,0,0.0
LinearSVM,200,100,150_Unknown,3,0.1
LinearSVM,200,101,152_Unknown,0,0.0
LinearSVM,200,102,153_Unknown,1,0.03333333333333333
LinearSVM,200,103,154_Unknown,3,0.1
LinearSVM,200,104,155_Tetraethylammonium chloride,2,0.06666666666666667
LinearSVM,200,105,"160_Butanoic acid, 2-amino-4-(methylsulfinyl)-, (.+/-.)-",1,0.03333333333333333
LinearSVM,200,106,161_Unknown,0,0.0
LinearSVM,200,107,"162_3-Hexene, 2,2-dimethyl-, (Z)-",2,0.06666666666666667
LinearSVM,200,108,169_Unknown,2,0.06666666666666667
LinearSVM,200,109,170_Unknown,0,0.0
LinearSVM,200,110,172_Toluene,1,0.03333333333333333
LinearSVM,200,111,173_Unknown,1,0.03333333333333333
LinearSVM,200,112,174_1-Methyl-1-ethoxycyclobutane,0,0.0
LinearSVM,200,113,"176_Boron, trihydro(pyridine)-, (T-4)-",0,0.0
LinearSVM,200,114,177_Unknown,0,0.0
LinearSVM,200,115,178_Unknown,0,0.0
LinearSVM,200,116,179_Unknown,0,0.0
LinearSVM,200,117,"180_1-Penten-3-one, 2-methyl-",2,0.06666666666666667
LinearSVM,200,118,181_Unknown,0,0.0
LinearSVM,200,119,"182_2,2,4,4-Tetramethyloctane",0,0.0
LinearSVM,200,120,183_Unknown,29,0.9666666666666667
LinearSVM,200,121,184_Unknown,0,0.0
LinearSVM,200,122,185_Unknown,15,0.5
LinearSVM,200,123,"186_Butane, 2-cyclopropyl-",0,0.0
LinearSVM,200,124,"188_2-Hexene, 3-methyl-, (Z)-",0,0.0
LinearSVM,200,125,189_Unknown,0,0.0
LinearSVM,200,126,190_Unknown,11,0.36666666666666664
LinearSVM,200,127,"194_D-Erythro-Tetrofuranose-3-ulose, 4-C-cyclopropyl-1,2-O-isopropylidene-, .alpha.-",0,0.0
LinearSVM,200,128,"203_1,3-Dioxolane, 2-ethyl-4-methyl-",0,0.0
LinearSVM,200,129,205_Unknown,4,0.13333333333333333
LinearSVM,200,130,207_Unknown,1,0.03333333333333333
LinearSVM,200,131,209_Unknown,0,0.0
LinearSVM,200,132,211_Unknown,2,0.06666666666666667
LinearSVM,200,133,213_Unknown,30,1.0
LinearSVM,200,134,214_Cyclopentanone,4,0.13333333333333333
LinearSVM,200,135,"216_Propane, 1,3-dimethoxy-",28,0.9333333333333333
LinearSVM,200,136,"217_1,3-Diisopropoxy-1,3-dimethyl-1,3-disilacyclobutane",18,0.6
LinearSVM,200,137,218_Unknown,0,0.0
LinearSVM,200,138,223_4-Ethylbenzamide,1,0.03333333333333333
LinearSVM,200,139,"224_2-Methoxy-1,3-dioxolane",0,0.0
LinearSVM,200,140,"226_4-Hexen-3-one, 4-methyl-",1,0.03333333333333333
LinearSVM,200,141,"227_Pipecolic acid, N-propoxycarbonyl-, dodecyl ester",2,0.06666666666666667
LinearSVM,200,142,"228_Cyclopentane, 1,2,4-trimethyl-, (1.alpha.,2.beta.,4.alpha.)-",26,0.8666666666666667
LinearSVM,200,143,229_Unknown,5,0.16666666666666666
LinearSVM,200,144,"230_3-Penten-2-one, 4-methyl-",21,0.7
LinearSVM,200,145,231_Unknown,0,0.0
LinearSVM,200,146,"232_Isovaleric acid, 3-methylbutyl-2 ester",2,0.06666666666666667
LinearSVM,200,147,233_Unknown,17,0.5666666666666667
LinearSVM,200,148,"234_Hexane, 2,2,4-trimethyl-",29,0.9666666666666667
LinearSVM,200,149,235_3-Nonen-5-one,13,0.43333333333333335
LinearSVM,200,150,236_Hexanal,0,0.0
LinearSVM,200,151,"237_Ethanol, 2-propoxy-",1,0.03333333333333333
LinearSVM,200,152,238_2-Methyl-4-methoxy-1-butanol,14,0.4666666666666667
LinearSVM,200,153,"239_1-Butene, 2,3,3-trimethyl-",0,0.0
LinearSVM,200,154,240_Tetrachloroethylene,0,0.0
LinearSVM,200,155,243_Unknown,14,0.4666666666666667
LinearSVM,200,156,247_Unknown,2,0.06666666666666667
LinearSVM,200,157,249_Butanoic acid,4,0.13333333333333333
LinearSVM,200,158,251_Unknown,23,0.7666666666666667
LinearSVM,200,159,252_Unknown,0,0.0
LinearSVM,200,160,"256_Propanoic acid, propyl ester",0,0.0
LinearSVM,200,161,"259_Heptane, 3,4,5-trimethyl-",1,0.03333333333333333
LinearSVM,200,162,"262_1,5-Dimethyl-6-oxa-bicyclo[3.1.0]hexane",0,0.0
LinearSVM,200,163,263_Unknown,5,0.16666666666666666
LinearSVM,200,164,"266_Acetic acid, butyl ester",1,0.03333333333333333
LinearSVM,200,165,267_Unknown,1,0.03333333333333333
LinearSVM,200,166,"268_Cyclotrisiloxane, hexamethyl-",13,0.43333333333333335
LinearSVM,200,167,269_Unknown,24,0.8
LinearSVM,200,168,270_Unknown,0,0.0
LinearSVM,200,169,271_Unknown,27,0.9
LinearSVM,200,170,"272_Butanoic acid, 2-oxo-, methyl ester",0,0.0
LinearSVM,200,171,"273_1-Butyne, 3-chloro-",1,0.03333333333333333
LinearSVM,200,172,"274_Hexane, 3,3-dimethyl-",2,0.06666666666666667
LinearSVM,200,173,275_Unknown,2,0.06666666666666667
LinearSVM,200,174,277_Unknown,30,1.0
LinearSVM,200,175,283_3-Furaldehyde,6,0.2
LinearSVM,200,176,286_Unknown,1,0.03333333333333333
LinearSVM,200,177,288_4-Hexen-3-one,4,0.13333333333333333
LinearSVM,200,178,290_Unknown,0,0.0
LinearSVM,200,179,291_Tetrafluoromethane,30,1.0
LinearSVM,200,180,"296_.beta.-D-Glucopyranose, 1,6-anhydro-",1,0.03333333333333333
LinearSVM,200,181,300_Unknown,0,0.0
LinearSVM,200,182,"301_Benzene, chloro-",15,0.5
LinearSVM,200,183,302_Unknown,18,0.6
LinearSVM,200,184,304_Unknown,5,0.16666666666666666
LinearSVM,200,185,313_Unknown,27,0.9
LinearSVM,200,186,316_2-Ethyl-5-propylcyclopentanone,0,0.0
LinearSVM,200,187,317_Ethylbenzene,0,0.0
LinearSVM,200,188,319_Unknown,24,0.8
LinearSVM,200,189,320_Unknown,17,0.5666666666666667
LinearSVM,200,190,321_4-Hydroxy-3-hexanone,0,0.0
LinearSVM,200,191,"325_2,6-Octadiene-4,5-diol",2,0.06666666666666667
LinearSVM,200,192,328_Unknown,0,0.0
LinearSVM,200,193,"329_Succinic acid, but-3-yn-2-yl tetrahydrofurfuryl ester",11,0.36666666666666664
LinearSVM,200,194,331_Unknown,28,0.9333333333333333
LinearSVM,200,195,332_N-(2-Methoxyethyl)-tert-butylamine,0,0.0
LinearSVM,200,196,333_Unknown,11,0.36666666666666664
LinearSVM,200,197,334_Unknown,0,0.0
LinearSVM,200,198,"335_2-Ethylthiolane, S,S-dioxide",1,0.03333333333333333
LinearSVM,200,199,336_1-Methylcyclopropanemethanol,0,0.0
LinearSVM,200,200,337_2-Methoxythiophene,0,0.0
LinearSVM,200,201,338_1-Methoxycyclohexane,1,0.03333333333333333
LinearSVM,200,202,"339_2H-Imidazole-2-thione, 1,3-dihydro-1-methyl-",1,0.03333333333333333
LinearSVM,200,203,"340_Acetaldehyde, butylhydrazone",19,0.6333333333333333
LinearSVM,200,204,341_Unknown,0,0.0
LinearSVM,200,205,342_Unknown,10,0.3333333333333333
LinearSVM,200,206,346_Unknown,29,0.9666666666666667
LinearSVM,200,207,348_Unknown,13,0.43333333333333335
LinearSVM,200,208,349_Unknown,7,0.23333333333333334
LinearSVM,200,209,"350_Trisiloxane, octamethyl-",1,0.03333333333333333
LinearSVM,200,210,351_Unknown,11,0.36666666666666664
LinearSVM,200,211,353_3-Ethyl-2-nonanone,13,0.43333333333333335
LinearSVM,200,212,"358_Ethanone, 1-(1-cyclohexen-1-yl)-",20,0.6666666666666666
LinearSVM,200,213,"360_3,5-Octanedione, 2,2,4,7-tetramethyl-",5,0.16666666666666666
LinearSVM,200,214,"361_1,2-Propanediol diformate",0,0.0
LinearSVM,200,215,362_Hypoglycin,1,0.03333333333333333
LinearSVM,200,216,363_Cyclohexylmethylsilane,0,0.0
LinearSVM,200,217,364_3-Heptanone,0,0.0
LinearSVM,200,218,365_Unknown,1,0.03333333333333333
LinearSVM,200,219,370_o-Xylene,0,0.0
LinearSVM,200,220,371_Unknown,5,0.16666666666666666
LinearSVM,200,221,372_Unknown,26,0.8666666666666667
LinearSVM,200,222,374_Unknown,29,0.9666666666666667
LinearSVM,200,223,375_Unknown,2,0.06666666666666667
LinearSVM,200,224,376_Unknown,0,0.0
LinearSVM,200,225,"378_2,2,3-Triethyloxirane",22,0.7333333333333333
LinearSVM,200,226,381_Unknown,30,1.0
LinearSVM,200,227,"383_3,3-Dichloropropyne",30,1.0
LinearSVM,200,228,385_n-Heptyl acrylate,0,0.0
LinearSVM,200,229,"386_Cyclohexa-1,3-diene, 5,6-diethyl-",0,0.0
LinearSVM,200,230,"387_2-Propenoic acid, butyl ester",1,0.03333333333333333
LinearSVM,200,231,388_Unknown,0,0.0
LinearSVM,200,232,389_3-Heptanol,0,0.0
LinearSVM,200,233,390_Unknown,0,0.0
LinearSVM,200,234,391_Unknown,0,0.0
LinearSVM,200,235,"392_1-Butyl(dimethyl)silyloxy-2,2-dimethylpropane",25,0.8333333333333334
LinearSVM,200,236,394_Unknown,29,0.9666666666666667
LinearSVM,200,237,"395_Ethanol, 2-butoxy-",27,0.9
LinearSVM,200,238,396_Heptanal,6,0.2
LinearSVM,200,239,398_Unknown,0,0.0
LinearSVM,200,240,"399_2-Hexanol, 5-methyl-",0,0.0
LinearSVM,200,241,"401_2-Propanol, 1-methoxy-2-methyl-",0,0.0
LinearSVM,200,242,403_Unknown,1,0.03333333333333333
LinearSVM,200,243,405_Unknown,2,0.06666666666666667
LinearSVM,200,244,406_Unknown,4,0.13333333333333333
LinearSVM,200,245,407_Unknown,23,0.7666666666666667
LinearSVM,200,246,409_Unknown,6,0.2
LinearSVM,200,247,410_Unknown,0,0.0
LinearSVM,200,248,"411_Propanoic acid, butyl ester",1,0.03333333333333333
LinearSVM,200,249,412_Unknown,0,0.0
LinearSVM,200,250,413_Unknown,4,0.13333333333333333
LinearSVM,200,251,416_Unknown,2,0.06666666666666667
LinearSVM,200,252,"422_1-Pentanol, TBDMS derivative",0,0.0
LinearSVM,200,253,427_Unknown,16,0.5333333333333333
LinearSVM,200,254,428_Unknown,0,0.0
LinearSVM,200,255,"431_1-Hexyn-3-ol, 3-methyl-",0,0.0
LinearSVM,200,256,434_Unknown,0,0.0
LinearSVM,200,257,436_Unknown,25,0.8333333333333334
LinearSVM,200,258,"438_Undecane, 5,5-dimethyl-",0,0.0
LinearSVM,200,259,442_2-Cyclohexen-1-one,1,0.03333333333333333
LinearSVM,200,260,446_Unknown,0,0.0
LinearSVM,200,261,"449_Cyclohexane, 1,3-dimethyl-",0,0.0
LinearSVM,200,262,450_Unknown,18,0.6
LinearSVM,200,263,"451_2-Heptanone, 4-methyl-",0,0.0
LinearSVM,200,264,454_Unknown,2,0.06666666666666667
LinearSVM,200,265,459_Unknown,0,0.0
LinearSVM,200,266,462_(-)-trans-Pinane,0,0.0
LinearSVM,200,267,464_Unknown,5,0.16666666666666666
LinearSVM,200,268,465_3-Ethyl-4-methylpentan-1-ol,30,1.0
LinearSVM,200,269,"466_Hexanal, 3,3-dimethyl-",21,0.7
LinearSVM,200,270,"471_Hexanal, 2-ethyl-",30,1.0
LinearSVM,200,271,"474_2-Heptenal, (Z)-",30,1.0
LinearSVM,200,272,475_Unknown,25,0.8333333333333334
LinearSVM,200,273,476_Unknown,0,0.0
LinearSVM,200,274,477_Unknown,2,0.06666666666666667
LinearSVM,200,275,478_Unknown,30,1.0
LinearSVM,200,276,479_3-Ethylcyclopentanone,5,0.16666666666666666
LinearSVM,200,277,"480_Benzene, 1,1'-(1-methyl-1,2-ethanediyl)bis-",0,0.0
LinearSVM,200,278,"483_2H-Pyran-3,4,5-triol, tetrahydro-2-methoxy-6-methyl-",6,0.2
LinearSVM,200,279,484_Unknown,5,0.16666666666666666
LinearSVM,200,280,"485_Nonane, 4-methyl-",0,0.0
LinearSVM,200,281,"488_Tridecane, 6-methyl-",0,0.0
LinearSVM,200,282,490_Unknown,0,0.0
LinearSVM,200,283,"492_Pentadecane, 6-methyl-",25,0.8333333333333334
LinearSVM,200,284,"495_Ethanol, 2,2'-oxybis-",0,0.0
LinearSVM,200,285,496_(E)1-Allyl-2-methylcyclohexanol,29,0.9666666666666667
LinearSVM,200,286,"497_4-Octanol, 2-methyl-",1,0.03333333333333333
LinearSVM,200,287,500_Dibutylsulfamic acid,1,0.03333333333333333
LinearSVM,200,288,"501_5-Ethyl-2,4-nonandione",2,0.06666666666666667
LinearSVM,200,289,"502_Oxalic acid, butyl 2-ethylhexyl ester",0,0.0
LinearSVM,200,290,503_5-Nonanol,0,0.0
LinearSVM,200,291,"507_Formic acid, heptyl ester",0,0.0
LinearSVM,200,292,508_Unknown,0,0.0
LinearSVM,200,293,510_Unknown,29,0.9666666666666667
LinearSVM,200,294,511_Unknown,17,0.5666666666666667
LinearSVM,200,295,512_Unknown,7,0.23333333333333334
LinearSVM,200,296,513_Unknown,0,0.0
LinearSVM,200,297,516_1-Decen-3-one,6,0.2
LinearSVM,200,298,521_Unknown,0,0.0
LinearSVM,200,299,522_Unknown,30,1.0
LinearSVM,200,300,523_Benzonitrile,10,0.3333333333333333
LinearSVM,200,301,"524_3-Pentenoic acid, 4-methyl-",0,0.0
LinearSVM,200,302,525_1-Octen-3-ol,23,0.7666666666666667
LinearSVM,200,303,"527_Dodecane, 2,2,11,11-tetramethyl-",5,0.16666666666666666
LinearSVM,200,304,528_Phenol,0,0.0
LinearSVM,200,305,531_Unknown,3,0.1
LinearSVM,200,306,533_Unknown,30,1.0
LinearSVM,200,307,535_Unknown,1,0.03333333333333333
LinearSVM,200,308,"536_Propanoic acid, 2,2-dimethyl-, cesium salt",13,0.43333333333333335
LinearSVM,200,309,537_Hexanoic acid,2,0.06666666666666667
LinearSVM,200,310,"538_Cyclotetrasiloxane, octamethyl-",0,0.0
LinearSVM,200,311,540_Unknown,30,1.0
LinearSVM,200,312,543_Unknown,29,0.9666666666666667
LinearSVM,200,313,544_2-Octanone,28,0.9333333333333333
LinearSVM,200,314,545_Unknown,0,0.0
LinearSVM,200,315,"546_Benzene, 1,2,3-trimethyl-",25,0.8333333333333334
LinearSVM,200,316,548_4-Octanol,0,0.0
LinearSVM,200,317,549_Unknown,0,0.0
LinearSVM,200,318,"551_2-Methyl-1,6-dioxaspiro[4.4]nonane",27,0.9
LinearSVM,200,319,552_Unknown,0,0.0
LinearSVM,200,320,561_Unknown,3,0.1
LinearSVM,200,321,565_Propanenitrile,2,0.06666666666666667
LinearSVM,200,322,566_Unknown,1,0.03333333333333333
LinearSVM,200,323,567_Decane,1,0.03333333333333333
LinearSVM,200,324,569_Octanal,26,0.8666666666666667
LinearSVM,200,325,570_Unknown,0,0.0
LinearSVM,200,326,"571_Ethanol, 2-(2-ethoxyethoxy)-",2,0.06666666666666667
LinearSVM,200,327,572_Unknown,18,0.6
LinearSVM,200,328,"574_2-Octanol, (S)-",30,1.0
LinearSVM,200,329,"575_Cyclopentene, 1,4-dimethyl-5-(1-methylethyl)-",20,0.6666666666666666
LinearSVM,200,330,584_Unknown,0,0.0
LinearSVM,200,331,"586_Benzene, 1,2,4-trimethyl-",0,0.0
LinearSVM,200,332,"588_Propanenitrile, 2,2'-azobis[2-methyl-",29,0.9666666666666667
LinearSVM,200,333,589_Unknown,1,0.03333333333333333
LinearSVM,200,334,"590_2-Propanol, 1-(2-ethoxypropoxy)-",1,0.03333333333333333
LinearSVM,200,335,"591_Silane, triethylfluoro-",0,0.0
LinearSVM,200,336,592_Tetramethylbutanedinitrile,6,0.2
LinearSVM,200,337,593_Unknown,0,0.0
LinearSVM,200,338,598_Unknown,1,0.03333333333333333
LinearSVM,200,339,602_Unknown,0,0.0
LinearSVM,200,340,605_D-Limonene,5,0.16666666666666666
LinearSVM,200,341,606_Unknown,8,0.26666666666666666
LinearSVM,200,342,608_2-Propyl-1-pentanol,3,0.1
LinearSVM,200,343,609_Unknown,21,0.7
LinearSVM,200,344,610_Unknown,12,0.4
LinearSVM,200,345,611_Unknown,0,0.0
LinearSVM,200,346,613_Unknown,0,0.0
LinearSVM,200,347,"614_Butanedioic acid, dimethyl ester",10,0.3333333333333333
LinearSVM,200,348,615_Unknown,17,0.5666666666666667
LinearSVM,200,349,616_Unknown,0,0.0
LinearSVM,200,350,619_1-(1'-pyrrolidinyl)-2-butanone,0,0.0
LinearSVM,200,351,"620_1,3,2-Dioxaborolane, 2,4-diethyl-",5,0.16666666666666666
LinearSVM,200,352,621_Benzyl alcohol,0,0.0
LinearSVM,200,353,"623_3-Benzofurancarboxaldehyde, 2,3-dihydro-3-methyl-",30,1.0
LinearSVM,200,354,"624_Cyclopropanecarboxylic acid,4-methylpentyl ester",2,0.06666666666666667
LinearSVM,200,355,"626_3,5-Octadien-2-ol",6,0.2
LinearSVM,200,356,627_3-Ethyl-3-heptanol,0,0.0
LinearSVM,200,357,"629_Benzaldehyde, 2-hydroxy-",1,0.03333333333333333
LinearSVM,200,358,630_Unknown,21,0.7
LinearSVM,200,359,632_Unknown,0,0.0
LinearSVM,200,360,634_Unknown,0,0.0
LinearSVM,200,361,"635_2,4,6-Cycloheptatrien-1-one, 4-methyl-",29,0.9666666666666667
LinearSVM,200,362,"636_2-Propenoic acid, 2-methyl-, 2-hydroxypropyl ester",0,0.0
LinearSVM,200,363,"637_4,4'-Bi-1,3,2-dioxaborolane, 2,2'-diethyl-",0,0.0
LinearSVM,200,364,"640_1-Hexanol, 3,5,5-trimethyl-",0,0.0
LinearSVM,200,365,"645_Nonane, 5-methyl-5-propyl-",1,0.03333333333333333
LinearSVM,200,366,"648_Succinic acid, tridec-2-yn-1-yl 3-methylbut-3-en-1-yl ester",1,0.03333333333333333
LinearSVM,200,367,"649_2(3H)-Furanone, 5-ethyldihydro-",0,0.0
LinearSVM,200,368,"650_1,2,4,5-Tetrazine, 1,4-dibutylhexahydro-",0,0.0
LinearSVM,200,369,651_Unknown,30,1.0
LinearSVM,200,370,"654_Pentanal, 5-[(tetrahydro-2H-pyran-2-yl)oxy]-",1,0.03333333333333333
LinearSVM,200,371,658_Unknown,0,0.0
LinearSVM,200,372,660_Unknown,0,0.0
LinearSVM,200,373,"663_2,5-Hexanediol, 2,5-dimethyl-",15,0.5
LinearSVM,200,374,664_Unknown,2,0.06666666666666667
LinearSVM,200,375,"666_4,7-Methano-1H-indene, octahydro-",30,1.0
LinearSVM,200,376,668_Phenylglyoxal,2,0.06666666666666667
LinearSVM,200,377,"670_Aniline, N-methyl-",6,0.2
LinearSVM,200,378,672_Acetophenone,4,0.13333333333333333
LinearSVM,200,379,675_Cyclooctyl alcohol,2,0.06666666666666667
LinearSVM,200,380,"677_Decane, 3-methyl-",2,0.06666666666666667
LinearSVM,200,381,680_Unknown,6,0.2
LinearSVM,200,382,"681_7-Octen-2-ol, 2,6-dimethyl-",0,0.0
LinearSVM,200,383,"683_Formic acid, octyl ester",28,0.9333333333333333
LinearSVM,200,384,684_Decyl octyl ether,30,1.0
LinearSVM,200,385,687_Unknown,2,0.06666666666666667
LinearSVM,200,386,"688_Terephthalic acid, 2-methoxyethyl propyl ester",0,0.0
LinearSVM,200,387,"689_Arsenous acid, tris(trimethylsilyl) ester",1,0.03333333333333333
LinearSVM,200,388,"693_Hexane, 2,5-dimethoxy-2,5-dimethyl-",5,0.16666666666666666
LinearSVM,200,389,695_Unknown,5,0.16666666666666666
LinearSVM,200,390,"696_Silicic acid, diethyl bis(trimethylsilyl) ester",0,0.0
LinearSVM,200,391,"697_Benzene, 2-ethyl-1,4-dimethyl-",1,0.03333333333333333
LinearSVM,200,392,"698_1,6-Dioxaspiro[4.4]nonane, 2-ethyl-",0,0.0
LinearSVM,200,393,701_(+)-4-Carene,29,0.9666666666666667
LinearSVM,200,394,703_Lethane,5,0.16666666666666666
LinearSVM,200,395,706_2-Butoxyethyl acetate,0,0.0
LinearSVM,200,396,"709_4-Heptanol, 2,6-dimethyl-",11,0.36666666666666664
LinearSVM,200,397,711_2-Nonanone,10,0.3333333333333333
LinearSVM,200,398,712_Unknown,0,0.0
LinearSVM,200,399,713_Unknown,2,0.06666666666666667
LinearSVM,200,400,"714_Benzoic acid, methyl ester",0,0.0
LinearSVM,200,401,"715_2,5-Furandione, 3-(1,1-dimethylethyl)-",0,0.0
LinearSVM,200,402,716_Unknown,1,0.03333333333333333
LinearSVM,200,403,"717_1-Hexadecen-3-ol, 3,5,11,15-tetramethyl-",0,0.0
LinearSVM,200,404,720_Linalool,4,0.13333333333333333
LinearSVM,200,405,724_Unknown,23,0.7666666666666667
LinearSVM,200,406,726_Unknown,4,0.13333333333333333
LinearSVM,200,407,"728_2-Cyclohexen-1-one, 3,6-dimethyl-6-(1-methylethyl)-",2,0.06666666666666667
LinearSVM,200,408,729_Unknown,17,0.5666666666666667
LinearSVM,200,409,730_Unknown,29,0.9666666666666667
LinearSVM,200,410,732_Nonanal,30,1.0
LinearSVM,200,411,738_Unknown,6,0.2
LinearSVM,200,412,742_Unknown,0,0.0
LinearSVM,200,413,"743_Benzene, 1,3-dichloro-2-methyl-",4,0.13333333333333333
LinearSVM,200,414,744_Unknown,16,0.5333333333333333
LinearSVM,200,415,746_Unknown,30,1.0
LinearSVM,200,416,749_Isophorone,2,0.06666666666666667
LinearSVM,200,417,"752_Hexanoic acid, 2-ethyl-",28,0.9333333333333333
LinearSVM,200,418,753_Unknown,0,0.0
LinearSVM,200,419,754_Unknown,0,0.0
LinearSVM,200,420,"755_Undecane, 3,8-dimethyl-",1,0.03333333333333333
LinearSVM,200,421,758_Unknown,30,1.0
LinearSVM,200,422,760_Unknown,29,0.9666666666666667
LinearSVM,200,423,"771_1H-Indene, 2,3-dihydro-5-methyl-",22,0.7333333333333333
LinearSVM,200,424,772_Unknown,10,0.3333333333333333
LinearSVM,200,425,"777_Cyclopentasiloxane, decamethyl-",14,0.4666666666666667
LinearSVM,200,426,778_Unknown,7,0.23333333333333334
LinearSVM,200,427,779_Unknown,0,0.0
LinearSVM,200,428,"781_trans-1,2-Dimethylsilacyclohexane",0,0.0
LinearSVM,200,429,"782_2,6-Dihydroxyacetophenone, 2TMS derivative",2,0.06666666666666667
LinearSVM,200,430,"783_Cyclohexanol, 1-butyl-",0,0.0
LinearSVM,200,431,"784_1,1,3,3,5,5,7,7-Octamethyl-7-(2-methylpropoxy)tetrasiloxan-1-ol",30,1.0
LinearSVM,200,432,785_Unknown,1,0.03333333333333333
LinearSVM,200,433,"787_Acetamide, 2-(3-cyano-4-methoxymethyl-6-methylpyridin-2-ylsulfanyl)-N-(3-trifluoromethylphenyl)-",26,0.8666666666666667
LinearSVM,200,434,"793_Hexadecanal, 2-methyl-",3,0.1
LinearSVM,200,435,794_(R)-(+)-1-Phenyl-1-propanol,0,0.0
LinearSVM,200,436,"795_2(3H)-Furanone, dihydro-5-propyl-",4,0.13333333333333333
LinearSVM,200,437,796_Unknown,0,0.0
LinearSVM,200,438,"799_2(3H)-Furanone, 5-heptyldihydro-",0,0.0
LinearSVM,200,439,"802_Silane, cyclohexyldimethoxymethyl-",0,0.0
LinearSVM,200,440,"804_2,6-Dimethyldecane",6,0.2
LinearSVM,200,441,805_Unknown,0,0.0
LinearSVM,200,442,"807_Benzene, (2-methylbutyl)-",23,0.7666666666666667
LinearSVM,200,443,809_Unknown,9,0.3
LinearSVM,200,444,"813_2-Nonenal, (E)-",0,0.0
LinearSVM,200,445,"815_Acetic acid, phenylmethyl ester",8,0.26666666666666666
LinearSVM,200,446,819_Unknown,18,0.6
LinearSVM,200,447,820_Benzoic acid,0,0.0
LinearSVM,200,448,824_Unknown,5,0.16666666666666666
LinearSVM,200,449,826_Unknown,16,0.5333333333333333
LinearSVM,200,450,"827_p-Acetophenetidide, N-methyl-",24,0.8
LinearSVM,200,451,"828_Phenol, 2,4-dimethyl-",3,0.1
LinearSVM,200,452,832_trans-2-Dodecen-1-ol,27,0.9
LinearSVM,200,453,834_Unknown,23,0.7666666666666667
LinearSVM,200,454,835_1-Nonanol,29,0.9666666666666667
LinearSVM,200,455,838_Terpinen-4-ol,8,0.26666666666666666
LinearSVM,200,456,845_3-Decanone,29,0.9666666666666667
LinearSVM,200,457,"846_Ethanol, 1-(2-butoxyethoxy)-",18,0.6
LinearSVM,200,458,847_Unknown,1,0.03333333333333333
LinearSVM,200,459,"848_Benzenemethanol, .alpha.-methyl-, acetate",24,0.8
LinearSVM,200,460,849_Unknown,0,0.0
LinearSVM,200,461,851_Unknown,30,1.0
LinearSVM,200,462,853_Unknown,18,0.6
LinearSVM,200,463,858_2-Decanone,4,0.13333333333333333
LinearSVM,200,464,"863_1-Buten-3-one, 1-(2-carboxy-4,4-dimethylcyclobutenyl)-",0,0.0
LinearSVM,200,465,865_Unknown,0,0.0
LinearSVM,200,466,872_Unknown,22,0.7333333333333333
LinearSVM,200,467,874_Unknown,1,0.03333333333333333
LinearSVM,200,468,875_4-n-Propylbenzoic acid,30,1.0
LinearSVM,200,469,877_Unknown,22,0.7333333333333333
LinearSVM,200,470,878_Unknown,13,0.43333333333333335
LinearSVM,200,471,879_Unknown,30,1.0
LinearSVM,200,472,880_Unknown,2,0.06666666666666667
LinearSVM,200,473,887_Unknown,30,1.0
LinearSVM,200,474,"888_Benzaldehyde, 2,4-dimethyl-",1,0.03333333333333333
LinearSVM,200,475,889_Dodecyl nonyl ether,4,0.13333333333333333
LinearSVM,200,476,891_Unknown,2,0.06666666666666667
LinearSVM,200,477,892_Unknown,19,0.6333333333333333
LinearSVM,200,478,"894_2,4-Nonadienal, (E,E)-",0,0.0
LinearSVM,200,479,"897_2,3,4,6-Tetrahydroisoquinolin-6-one, 1-[4-hydroxybenzyl]-7-methoxy-",0,0.0
LinearSVM,200,480,900_Benzothiazole,3,0.1
LinearSVM,200,481,903_Unknown,0,0.0
LinearSVM,200,482,906_Unknown,1,0.03333333333333333
LinearSVM,200,483,"907_2-Propenoic acid, 6-methylheptyl ester",15,0.5
LinearSVM,200,484,908_Unknown,0,0.0
LinearSVM,200,485,911_Unknown,30,1.0
LinearSVM,200,486,"912_Cyclohexane, isothiocyanato-",5,0.16666666666666666
LinearSVM,200,487,"914_Pentasiloxane, dodecamethyl-",11,0.36666666666666664
LinearSVM,200,488,917_Unknown,30,1.0
LinearSVM,200,489,934_Unknown,16,0.5333333333333333
LinearSVM,200,490,"936_Silane, trimethyl(3-methyl-1-butynyl)-",2,0.06666666666666667
LinearSVM,200,491,938_Unknown,1,0.03333333333333333
LinearSVM,200,492,940_Unknown,1,0.03333333333333333
LinearSVM,200,493,943_Unknown,8,0.26666666666666666
LinearSVM,200,494,"944_Benzene, 1,3-bis(1,1-dimethylethyl)-",4,0.13333333333333333
LinearSVM,200,495,947_Geraniol,0,0.0
LinearSVM,200,496,"948_2,6,10-Trimethyltridecane",0,0.0
LinearSVM,200,497,"949_Heptadecane, 2,6,10,15-tetramethyl-",3,0.1
LinearSVM,200,498,"950_Acetic acid, chloro-, 2-phenylethyl ester",22,0.7333333333333333
LinearSVM,200,499,"952_Sulfurous acid, 2-ethylhexyl undecyl ester",19,0.6333333333333333
LinearSVM,200,500,"958_1H-Indene, 2,3-dihydro-1,1-dimethyl-",1,0.03333333333333333
LinearSVM,200,501,960_Unknown,0,0.0
LinearSVM,200,502,962_Unknown,18,0.6
LinearSVM,200,503,963_Unknown,1,0.03333333333333333
LinearSVM,200,504,966_Unknown,9,0.3
LinearSVM,200,505,"967_2-Decenal, (E)-",5,0.16666666666666666
LinearSVM,200,506,968_Unknown,0,0.0
LinearSVM,200,507,974_Unknown,0,0.0
LinearSVM,200,508,"976_Benzoic acid, 2-hydroxy-, ethyl ester",14,0.4666666666666667
LinearSVM,200,509,977_Nonanoic acid,2,0.06666666666666667
LinearSVM,200,510,980_Unknown,1,0.03333333333333333
LinearSVM,200,511,"983_Benzaldehyde, 4-propyl-",0,0.0
LinearSVM,200,512,984_1-Decanol,1,0.03333333333333333
LinearSVM,200,513,"990_3,4-Dimethylcumene",1,0.03333333333333333
LinearSVM,200,514,995_Unknown,2,0.06666666666666667
LinearSVM,200,515,"1002_3-Picoline, 5-(tert-butylthio)-",12,0.4
LinearSVM,200,516,1010_Unknown,0,0.0
LinearSVM,200,517,"1011_Naphthalene, 1,2,3,4-tetrahydro-1,8-dimethyl-",0,0.0
LinearSVM,200,518,"1012_Phenol, 2-methyl-5-(1-methylethyl)-",0,0.0
LinearSVM,200,519,1013_Unknown,23,0.7666666666666667
LinearSVM,200,520,"1014_1H-Pyrazole, 3-ethyl-4,5-dihydro-1,4-dimethyl-",4,0.13333333333333333
LinearSVM,200,521,"1016_Benzothiazole, 2-methyl-",2,0.06666666666666667
LinearSVM,200,522,"1017_Naphthalene, 1-methyl-",1,0.03333333333333333
LinearSVM,200,523,1019_Unknown,17,0.5666666666666667
LinearSVM,200,524,"1022_2-Cyclohexen-1-one, 4-butyl-3-methoxy-",30,1.0
LinearSVM,200,525,1024_Unknown,0,0.0
LinearSVM,200,526,1026_Unknown,0,0.0
LinearSVM,200,527,"1032_Carbonic acid, tetradecyl vinyl ester",0,0.0
LinearSVM,200,528,"1033_Cyclohexasiloxane, dodecamethyl-",13,0.43333333333333335
LinearSVM,200,529,"1034_.beta.-Hydroxypyruvic acid, trimethylsilyl ether, trimethylsilyl ester",1,0.03333333333333333
LinearSVM,200,530,1036_Unknown,0,0.0
LinearSVM,200,531,1041_Unknown,5,0.16666666666666666
LinearSVM,200,532,"1042_Ethanone, 1-[4-(1-methylethyl)phenyl]-",7,0.23333333333333334
LinearSVM,200,533,"1044_Ethanone, 1-(2,4,5-trimethylphenyl)-",2,0.06666666666666667
LinearSVM,200,534,1046_2-Bromo dodecane,1,0.03333333333333333
LinearSVM,200,535,1047_3-tert-Butyl-2-pyrazolin-5-one,6,0.2
LinearSVM,200,536,1051_Unknown,8,0.26666666666666666
LinearSVM,200,537,"1052_1,3-Cyclohexadiene-1-carboxaldehyde, 2,6,6-trimethyl-",26,0.8666666666666667
LinearSVM,200,538,1053_Unknown,23,0.7666666666666667
LinearSVM,200,539,1056_Unknown,0,0.0
LinearSVM,200,540,1057_Unknown,1,0.03333333333333333
LinearSVM,200,541,1059_Unknown,1,0.03333333333333333
LinearSVM,200,542,"1060_Cyclohexanol, 4-(1,1-dimethylethyl)-, acetate, cis-",0,0.0
LinearSVM,200,543,"1061_Benzene, 3-cyclohexen-1-yl-",2,0.06666666666666667
LinearSVM,200,544,1062_Unknown,3,0.1
LinearSVM,200,545,"1064_(-)-1,2,2.alpha.,3,3,4,6,7,8,8.alpha.-decahydro-2.alpha.,7,8-trimethylacenaphthylene",5,0.16666666666666666
LinearSVM,200,546,"1066_Hexanamide, N-methallyl-",2,0.06666666666666667
LinearSVM,200,547,1067_Cedrene-V6,24,0.8
LinearSVM,200,548,1068_Unknown,9,0.3
LinearSVM,200,549,1070_Unknown,0,0.0
LinearSVM,200,550,"1071_2,4,4-Trimethyl-3-(3-methylbutyl)cyclohex-2-enone",0,0.0
LinearSVM,200,551,1072_Unknown,1,0.03333333333333333
LinearSVM,200,552,1073_Unknown,6,0.2
LinearSVM,200,553,"1074_Benzene, 1-(1,1-dimethylethyl)-3-ethyl-",0,0.0
LinearSVM,200,554,"1077_Sulfurous acid, cyclohexylmethyl heptadecyl ester",5,0.16666666666666666
LinearSVM,200,555,"1080_Tricyclo[5.4.0.0(2,8)]undec-9-ene, 2,6,6,9-tetramethyl-, (1R,2S,7R,8R)-",0,0.0
LinearSVM,200,556,"1083_2,7-Imino-3,6-methanonaphthalene, decahydro-",9,0.3
LinearSVM,200,557,"1084_(1R,3aS,4aS,8aS)-1,4,4,6-Tetramethyl-1,2,3,3a,4,4a,7,8-octahydrocyclopenta[1,4]cyclobuta[1,2]benzene",4,0.13333333333333333
LinearSVM,200,558,"1090_Phenol, 2-(1,1-dimethylethyl)-6-methyl-",10,0.3333333333333333
LinearSVM,200,559,1091_Unknown,27,0.9
LinearSVM,200,560,1093_Unknown,0,0.0
LinearSVM,200,561,"1094_Heptacosane, 1-chloro-",2,0.06666666666666667
LinearSVM,200,562,1097_Unknown,13,0.43333333333333335
LinearSVM,200,563,1099_2-Undecenal,1,0.03333333333333333
LinearSVM,200,564,"1100_Ethanone, 1-[4-(1-methylethenyl)phenyl]-",0,0.0
LinearSVM,200,565,1102_N-(tert-Butyldimethylsilyl)-9-ethyl-9H-carbazol-3-amine,0,0.0
LinearSVM,200,566,"1103_Ethanone, 1-(2,3-dihydro-1H-inden-5-yl)-",3,0.1
LinearSVM,200,567,1106_o-tert-Butyl cyclohexyl acetate 1,14,0.4666666666666667
LinearSVM,200,568,1111_Butyl benzoate,26,0.8666666666666667
LinearSVM,200,569,"1112_Acetic acid, trifluoro-, undecyl ester",10,0.3333333333333333
LinearSVM,200,570,1117_Unknown,29,0.9666666666666667
LinearSVM,200,571,1119_Longifolene-(V4),0,0.0
LinearSVM,200,572,1121_Unknown,19,0.6333333333333333
LinearSVM,200,573,"1125_2,4,4,6,6,8,8-Heptamethyl-1-nonene",22,0.7333333333333333
LinearSVM,200,574,1127_Unknown,1,0.03333333333333333
LinearSVM,200,575,"1130_2-Butanone, 1-(1,3-benzodioxol-5-yl)-",1,0.03333333333333333
LinearSVM,200,576,1131_Unknown,25,0.8333333333333334
LinearSVM,200,577,1133_2-Dodecanone,2,0.06666666666666667
LinearSVM,200,578,1134_Unknown,6,0.2
LinearSVM,200,579,"1135_Hexasiloxane, tetradecamethyl-",2,0.06666666666666667
LinearSVM,200,580,"1138_Bicyclo[4.4.0]dec-1-ene, 2-isopropyl-5-methyl-9-methylene-",25,0.8333333333333334
LinearSVM,200,581,1139_Unknown,30,1.0
LinearSVM,200,582,1140_Unknown,13,0.43333333333333335
LinearSVM,200,583,1141_Diphenyl ether,11,0.36666666666666664
LinearSVM,200,584,"1145_2,3-Dihydro-1H-cyclopenta[b]quinoxaline",4,0.13333333333333333
LinearSVM,200,585,1147_Unknown,3,0.1
LinearSVM,200,586,1148_Unknown,25,0.8333333333333334
LinearSVM,200,587,1149_Unknown,23,0.7666666666666667
LinearSVM,200,588,"1150_1H-3a,7-Methanoazulene, octahydro-1,4,9,9-tetramethyl-, (1.alpha.,3a.alpha.,4.beta.,7.alpha.,8a.beta.)-",23,0.7666666666666667
LinearSVM,200,589,"1151_1H-Cycloprop[e]azulene, decahydro-1,1,4,7-tetramethyl-",11,0.36666666666666664
LinearSVM,200,590,"1157_2,4,8-Trimethyl-1,2,3,4-tetrahydroquinoline",0,0.0
LinearSVM,200,591,"1159_5-Azulenemethanol, 1,2,3,4,5,6,7,8-octahydro-.alpha.,.alpha.,3,8-tetramethyl-, acetate, [3S-(3.alpha.,5.alpha.,8.alpha.)]-",4,0.13333333333333333
LinearSVM,200,592,"1163_10,10-Dimethyl-4-acetyl-tricyclo[5.2.1.0(1,5)]decane",27,0.9
LinearSVM,200,593,"1167_(3S,4aR,8aS)-1,1,3,6-Tetramethyl-3-vinyl-3,4,4a,7,8,8a-hexahydro-1H-isochromene",1,0.03333333333333333
LinearSVM,200,594,1168_Unknown,0,0.0
LinearSVM,200,595,1172_2-Cyanoquinoxaline,5,0.16666666666666666
LinearSVM,200,596,"1173_Spiro[5.5]undec-2-ene, 3,7,7-trimethyl-11-methylene-, (-)-",2,0.06666666666666667
LinearSVM,200,597,"1175_4,7-methano-1H-inden-5-ol, 3a,4,5,6,7,7a-hexahydro-, acetate",27,0.9
LinearSVM,200,598,"1177_2-Isopropenyl-4a,8-dimethyl-1,2,3,4,4a,5,6,8a-octahydronaphthalene",25,0.8333333333333334
LinearSVM,200,599,1178_Nopyl acetate,0,0.0
LinearSVM,200,600,1180_Unknown,14,0.4666666666666667
LinearSVM,200,601,1184_Isosativene,7,0.23333333333333334
LinearSVM,200,602,"1185_Ethanone, 1,1'-(1,4-phenylene)bis-",1,0.03333333333333333
LinearSVM,200,603,"1186_1,1,7,7a-Tetramethyl-1a,2,6,7,7a,7b-hexahydro-1H-cyclopropa[a]naphthalene",0,0.0
LinearSVM,200,604,"1187_2-Butanone, 4-(2,6,6-trimethyl-1-cyclohexen-1-yl)-",3,0.1
LinearSVM,200,605,1189_.gamma.-Neoclovene,8,0.26666666666666666
LinearSVM,200,606,"1190_Quinoline, 1,2-dihydro-2,2,4-trimethyl-",2,0.06666666666666667
LinearSVM,200,607,1192_Unknown,0,0.0
LinearSVM,200,608,1193_Unknown,0,0.0
LinearSVM,200,609,"1196_(-)-Neoclovene-(I), dihydro-",0,0.0
LinearSVM,200,610,"1197_Quinoline, 2,7-dimethyl-",5,0.16666666666666666
LinearSVM,200,611,"1198_Phthalic acid, methyl neopentyl ester",0,0.0
LinearSVM,200,612,"1200_Benzene, 1-(1,5-dimethylhexyl)-4-methyl-",28,0.9333333333333333
LinearSVM,200,613,1201_Dimethyl phthalate,0,0.0
LinearSVM,200,614,1202_Biphenylene,0,0.0
LinearSVM,200,615,1203_Unknown,9,0.3
LinearSVM,200,616,1204_Unknown,2,0.06666666666666667
LinearSVM,200,617,"1206_5,9-Undecadien-2-one, 6,10-dimethyl-, (E)-",5,0.16666666666666666
LinearSVM,200,618,1208_Unknown,21,0.7
LinearSVM,200,619,"1212_1-Cyclohexene, 1,3,3-trimethyl-2-(1-methylbut-1-en-3-on-1-yl)-",14,0.4666666666666667
LinearSVM,200,620,1213_(-)-.alpha.-Panasinsen,1,0.03333333333333333
LinearSVM,200,621,1216_Unknown,0,0.0
LinearSVM,200,622,"1217_Silane, trichlorooctadecyl-",0,0.0
LinearSVM,200,623,1219_Unknown,1,0.03333333333333333
LinearSVM,200,624,"1220_2,5-cyclohexadien-1-one, 2,6-bis(1,1-dimethylethyl)-4-hydroxy-4-methyl-",0,0.0
LinearSVM,200,625,"1221_1,2-Bis(trimethylsilyl)-4-methylbenzene",3,0.1
LinearSVM,200,626,"1223_2,5-Cyclohexadiene-1,4-dione, 2,6-bis(1,1-dimethylethyl)-",0,0.0
LinearSVM,200,627,1224_Unknown,2,0.06666666666666667
LinearSVM,200,628,1228_Unknown,24,0.8
LinearSVM,200,629,"1234_2,5-cyclohexadiene-1,4-dione, 2-(1,1-dimethylethyl)-5-(2-methyl-2-propen-1-yl)-",0,0.0
LinearSVM,200,630,"1235_Cycloheptasiloxane, tetradecamethyl-",20,0.6666666666666666
LinearSVM,200,631,1237_Unknown,6,0.2
LinearSVM,200,632,"1241_Ethanone, 1-[4-(1-hydroxy-1-methylethyl)phenyl]-",1,0.03333333333333333
LinearSVM,200,633,"1242_Butanedioic acid, bis(2-methylpropyl) ester",0,0.0
LinearSVM,200,634,"1243_Ppropiolic acid, 3-(1-hydroxy-2-isopropyl-5-methylcyclohexyl)-",0,0.0
LinearSVM,200,635,1244_Unknown,2,0.06666666666666667
LinearSVM,200,636,1247_Unknown,21,0.7
LinearSVM,200,637,1248_Dodecanenitrile,3,0.1
LinearSVM,200,638,"1250_Octacosane, 1-iodo-",0,0.0
LinearSVM,200,639,1251_Unknown,30,1.0
LinearSVM,200,640,1252_n-Pentadecanol,0,0.0
LinearSVM,200,641,1255_Unknown,0,0.0
LinearSVM,200,642,1257_Pentadecane,19,0.6333333333333333
LinearSVM,200,643,1258_Butylated Hydroxytoluene,16,0.5333333333333333
LinearSVM,200,644,1259_Unknown,14,0.4666666666666667
LinearSVM,200,645,1261_Unknown,1,0.03333333333333333
LinearSVM,200,646,1262_Unknown,3,0.1
LinearSVM,200,647,"1263_2,4-Di-tert-butylphenol",0,0.0
LinearSVM,200,648,1264_Unknown,1,0.03333333333333333
LinearSVM,200,649,1265_Unknown,8,0.26666666666666666
LinearSVM,200,650,1266_Unknown,28,0.9333333333333333
LinearSVM,200,651,1267_Unknown,29,0.9666666666666667
LinearSVM,200,652,1268_Bis(pentamethylcyclotrisiloxy)tetramethyldisiloxane,10,0.3333333333333333
LinearSVM,200,653,1269_Unknown,0,0.0
LinearSVM,200,654,1271_Unknown,28,0.9333333333333333
LinearSVM,200,655,1274_Unknown,4,0.13333333333333333
LinearSVM,200,656,1277_Octadecyl octyl ether,30,1.0
LinearSVM,200,657,"1281_Eicosane, 1-iodo-",1,0.03333333333333333
LinearSVM,200,658,"1282_Benzoic acid, 4-ethoxy-, ethyl ester",1,0.03333333333333333
LinearSVM,200,659,1283_2-(1-Cyclohexenyl)cyclohexanone,2,0.06666666666666667
LinearSVM,200,660,"1286_1-Dodecanol, 2-hexyl-",0,0.0
LinearSVM,200,661,1290_Unknown,0,0.0
LinearSVM,200,662,1293_Unknown,27,0.9
LinearSVM,200,663,1296_Unknown,0,0.0
LinearSVM,200,664,1297_aR-Himachalene,6,0.2
LinearSVM,200,665,1298_Unknown,25,0.8333333333333334
LinearSVM,200,666,1300_Unknown,0,0.0
LinearSVM,200,667,"1302_Adipic acid, di(but-2-en-1-yl) ester",0,0.0
LinearSVM,200,668,1304_Unknown,4,0.13333333333333333
LinearSVM,200,669,"1305_Hexadecane, 2,6,11,15-tetramethyl-",0,0.0
LinearSVM,200,670,"1308_Dotriacontane, 1-iodo-",0,0.0
LinearSVM,200,671,"1312_Heptasiloxane, hexadecamethyl-",0,0.0
LinearSVM,200,672,1314_Unknown,0,0.0
LinearSVM,200,673,1315_Eicosane,0,0.0
LinearSVM,200,674,"1319_Pentadecane, 4-methyl-",16,0.5333333333333333
LinearSVM,200,675,1321_Dodecanoic acid,0,0.0
LinearSVM,200,676,1323_Unknown,12,0.4
LinearSVM,200,677,"1324_Hexadecane, 7,9-dimethyl-",2,0.06666666666666667
LinearSVM,200,678,"1325_1-Adamantanecarboxylic acid, 2-adamantyl ester",0,0.0
LinearSVM,200,679,1329_2-Methoxycarbonyl-2-methylbrendane,0,0.0
LinearSVM,200,680,"1334_Glutaric acid, di(isobutyl) ester",0,0.0
LinearSVM,200,681,1335_Unknown,7,0.23333333333333334
LinearSVM,200,682,1336_Unknown,21,0.7
LinearSVM,200,683,"1338_4-tert-Butyl-2,6-diisopropylphenol",0,0.0
LinearSVM,200,684,1339_Unknown,13,0.43333333333333335
LinearSVM,200,685,1340_Diethyl Phthalate,2,0.06666666666666667
LinearSVM,200,686,1341_Unknown,13,0.43333333333333335
LinearSVM,200,687,1342_Unknown,1,0.03333333333333333
LinearSVM,200,688,"1343_2,2,4-Trimethyl-1,3-pentanediol diisobutyrate",20,0.6666666666666666
LinearSVM,200,689,"1344_Phenol, 2,4,6-tri-tert-butyl-",2,0.06666666666666667
LinearSVM,200,690,1345_Unknown,1,0.03333333333333333
LinearSVM,200,691,1347_Unknown,5,0.16666666666666666
LinearSVM,200,692,1353_Hexadecane,0,0.0
LinearSVM,200,693,1354_Unknown,5,0.16666666666666666
LinearSVM,200,694,"1358_Cedrane, 8-propoxy-",0,0.0
LinearSVM,200,695,1361_Tetradecanal,18,0.6
LinearSVM,200,696,1366_Unknown,1,0.03333333333333333
LinearSVM,200,697,1368_Benzophenone,0,0.0
LinearSVM,200,698,1369_Unknown,0,0.0
LinearSVM,200,699,1370_Unknown,0,0.0
LinearSVM,200,700,"1371_Benzene, (1-butylheptyl)-",1,0.03333333333333333
LinearSVM,200,701,1372_Unknown,4,0.13333333333333333
LinearSVM,200,702,1374_Unknown,2,0.06666666666666667
LinearSVM,200,703,1375_Unknown,6,0.2
LinearSVM,200,704,"1376_Cyclooctasiloxane, hexadecamethyl-",19,0.6333333333333333
LinearSVM,200,705,"1388_Pentadecane, 2,6,10-trimethyl-",2,0.06666666666666667
LinearSVM,200,706,"1392_1,3,5-Triazine-2,4,6(1H,3H,5H)-trione, 1,3,5-tri-2-propenyl-",3,0.1
LinearSVM,200,707,"1393_Fumaric acid, eicosyl trans-hex-3-enyl ester",1,0.03333333333333333
LinearSVM,200,708,1394_Unknown,0,0.0
LinearSVM,200,709,1395_Unknown,1,0.03333333333333333
LinearSVM,200,710,"1406_Pyrene, hexadecahydro-",4,0.13333333333333333
LinearSVM,200,711,1407_Unknown,6,0.2
LinearSVM,200,712,"1408_Heptadecane, 2-methyl-",1,0.03333333333333333
LinearSVM,200,713,1410_Unknown,19,0.6333333333333333
LinearSVM,200,714,"1411_Phenol, 2,4-di-t-butyl-6-nitro-",2,0.06666666666666667
LinearSVM,200,715,1415_Unknown,3,0.1
LinearSVM,200,716,1419_Tetradecyl trifluoroacetate,2,0.06666666666666667
LinearSVM,200,717,"1433_3-Chloropropionic acid, heptadecyl ester",1,0.03333333333333333
LinearSVM,200,718,1434_Unknown,5,0.16666666666666666
LinearSVM,200,719,1435_Unknown,1,0.03333333333333333
LinearSVM,200,720,"1436_Pentanoic acid, 6-ethyl-3-octyl ester",1,0.03333333333333333
LinearSVM,200,721,1439_Unknown,0,0.0
LinearSVM,200,722,1442_Unknown,30,1.0
LinearSVM,200,723,1443_Unknown,17,0.5666666666666667
LinearSVM,200,724,1444_Unknown,21,0.7
LinearSVM,200,725,1445_Heptadecane,29,0.9666666666666667
LinearSVM,200,726,"1448_Benzene, (3-iodo-1-methoxypropyl)-",0,0.0
LinearSVM,200,727,"1452_Silane, diethoxydiphenyl-",1,0.03333333333333333
LinearSVM,200,728,1454_Unknown,21,0.7
LinearSVM,200,729,1455_Unknown,1,0.03333333333333333
LinearSVM,200,730,1459_Pentadecanal-,1,0.03333333333333333
LinearSVM,200,731,"1464_2,6,11,15-Tetramethyl-hexadeca-2,6,8,10,14-pentaene",2,0.06666666666666667
LinearSVM,200,732,"1465_1-Penten-3-one, 2-methyl-1-(2,2,6-trimethylcyclohexen-1-yl)-",0,0.0
LinearSVM,200,733,1470_Hippuric acid,0,0.0
LinearSVM,200,734,"1472_Benzenecarbothioic acid, S-ethyl ester",24,0.8
LinearSVM,200,735,1475_Unknown,0,0.0
LinearSVM,200,736,"1481_Benzene, 1-(1,1-dimethylethyl)-4-phenoxy-",0,0.0
LinearSVM,200,737,1484_Unknown,3,0.1
LinearSVM,200,738,"1488_Octadecane, 1-iodo-",0,0.0
LinearSVM,200,739,1492_Unknown,3,0.1
LinearSVM,200,740,1493_Unknown,0,0.0
LinearSVM,200,741,1499_Heneicosane,28,0.9333333333333333
LinearSVM,200,742,1501_Hexestrol,0,0.0
LinearSVM,200,743,"1503_3,5-di-tert-Butyl-4-hydroxybenzaldehyde",0,0.0
LinearSVM,200,744,1504_Unknown,0,0.0
LinearSVM,200,745,1505_Unknown,7,0.23333333333333334
LinearSVM,200,746,"1507_1,3-Cyclopentadiene, 5,5-dimethyl-1,2-Dipropyl-",0,0.0
LinearSVM,200,747,1510_Unknown,10,0.3333333333333333
LinearSVM,200,748,1516_Tetradecanoic acid,12,0.4
LinearSVM,200,749,"1526_.alpha.-Phellandrene, dimer",5,0.16666666666666666
LinearSVM,200,750,1535_Unknown,2,0.06666666666666667
LinearSVM,200,751,"1556_Kaur-16-ene, (8.beta.,13.beta.)-",8,0.26666666666666666
LinearSVM,200,752,1557_Unknown,2,0.06666666666666667
LinearSVM,200,753,"1563_Benzene, 1-methyl-4-(1,2,2-trimethylcyclopentyl)-, (R)-",3,0.1
LinearSVM,200,754,"1564_Acetophenone, 2,2-difluoro-2-phenyl-",11,0.36666666666666664
LinearSVM,200,755,1569_Unknown,2,0.06666666666666667
LinearSVM,200,756,"1570_Ethanedione, diphenyl-",0,0.0
LinearSVM,200,757,1579_Isopropyl myristate,1,0.03333333333333333
LinearSVM,200,758,"1597_Benzenebutanal, .gamma.,4-dimethyl-",3,0.1
LinearSVM,200,759,1601_Unknown,19,0.6333333333333333
LinearSVM,200,760,"1623_Bayer 28,589",0,0.0
LinearSVM,200,761,1645_Palmitoleic acid,0,0.0
LinearSVM,200,762,1650_Diisooctyl phthalate,0,0.0
LinearSVM,200,763,"1653_1,2-Benzenedicarboxylic acid, bis(2-methylpropyl) ester",4,0.13333333333333333
LinearSVM,200,764,1654_Tetracosane,4,0.13333333333333333
LinearSVM,200,765,1658_Unknown,0,0.0
LinearSVM,200,766,"1660_l-(+)-Ascorbic acid 2,6-dihexadecanoate",1,0.03333333333333333
LinearSVM,200,767,1661_Unknown,4,0.13333333333333333
LinearSVM,200,768,"1663_7,11-Hexadecadienal",7,0.23333333333333334
LinearSVM,200,769,1665_Unknown,7,0.23333333333333334
LinearSVM,200,770,1667_Unknown,5,0.16666666666666666
LinearSVM,200,771,1670_Unknown,7,0.23333333333333334
LinearSVM,200,772,1672_Bis(2-ethylhexyl) phthalate,2,0.06666666666666667
LinearSVM,200,773,1698_Unknown,26,0.8666666666666667
LinearSVM,200,774,1700_Dotriacontane,0,0.0
LinearSVM,200,775,1707_Squalane,10,0.3333333333333333
LinearSVM,200,776,1717_Unknown,3,0.1
LinearSVM,200,777,"1718_1,1'-Binaphthalene, 5,5',6,6',7,7',8,8'-octahydro-",0,0.0
LinearSVM,200,778,1720_Tritriacontane,0,0.0
LinearSVM,200,779,1730_Cyclic octaatomic sulfur,0,0.0
