{
  "pooled_oof_metrics": {
    "tuned": {
      "f1": 0.5689655172413793,
      "precision": 0.5238095238095238,
      "recall": 0.6226415094339622,
      "sensitivity": 0.6226415094339622,
      "specificity": 0.7169811320754716,
      "accuracy": 0.6855345911949685,
      "balanced_accuracy": 0.6698113207547169,
      "mcc": 0.3273268353539886,
      "roc_auc": 0.7203631185475258,
      "pr_auc": 0.6274015989298701,
      "roc_auc_reason": null,
      "pr_auc_reason": null,
      "tn": 76,
      "fp": 30,
      "fn": 20,
      "tp": 33,
      "predicted_positive_count": 63,
      "predicted_positive_rate": 0.39622641509433965
    },
    "default": {
      "f1": 0.5416666666666666,
      "precision": 0.6046511627906976,
      "recall": 0.49056603773584906,
      "sensitivity": 0.49056603773584906,
      "specificity": 0.839622641509434,
      "accuracy": 0.7232704402515723,
      "balanced_accuracy": 0.6650943396226415,
      "mcc": 0.3504207575151821,
      "roc_auc": 0.7203631185475258,
      "pr_auc": 0.6274015989298701,
      "roc_auc_reason": null,
      "pr_auc_reason": null,
      "tn": 89,
      "fp": 17,
      "fn": 27,
      "tp": 26,
      "predicted_positive_count": 43,
      "predicted_positive_rate": 0.27044025157232704
    }
  },
  "foldwise_mean_metrics": {
    "tuned": {
      "f1": 0.544072594072594,
      "precision": 0.5022926093514328,
      "recall": 0.6145454545454546,
      "sensitivity": 0.6145454545454546,
      "specificity": 0.7168831168831169,
      "accuracy": 0.6850806451612903,
      "balanced_accuracy": 0.6657142857142858,
      "mcc": 0.3177531172317968,
      "roc_auc": 0.7325974025974026,
      "pr_auc": 0.6762287448189925,
      "tn": 15.2,
      "fp": 6.0,
      "fn": 4.0,
      "tp": 6.6,
      "predicted_positive_count": 12.6,
      "predicted_positive_rate": 0.39495967741935484
    },
    "default": {
      "f1": 0.5254545454545455,
      "precision": 0.6110955710955711,
      "recall": 0.4836363636363637,
      "sensitivity": 0.4836363636363637,
      "specificity": 0.8385281385281385,
      "accuracy": 0.7227822580645161,
      "balanced_accuracy": 0.661082251082251,
      "mcc": 0.34801542884976094,
      "roc_auc": 0.7325974025974026,
      "pr_auc": 0.6762287448189925,
      "tn": 17.8,
      "fp": 3.4,
      "fn": 5.4,
      "tp": 5.2,
      "predicted_positive_count": 8.6,
      "predicted_positive_rate": 0.26975806451612905
    }
  },
  "foldwise_std_metrics": {
    "tuned": {
      "f1": 0.17055328967186517,
      "precision": 0.10373195020251394,
      "recall": 0.2444085456568216,
      "sensitivity": 0.2444085456568216,
      "specificity": 0.07551600321539653,
      "accuracy": 0.048584108335198724,
      "balanced_accuracy": 0.09474508363358372,
      "mcc": 0.1809881059883009,
      "roc_auc": 0.1319067935517973,
      "pr_auc": 0.14994437181213244,
      "tn": 1.6431676725154984,
      "fp": 1.5811388300841898,
      "fn": 2.345207879911715,
      "tp": 2.792848008753788,
      "predicted_positive_count": 4.159326868617084,
      "predicted_positive_rate": 0.12758568857022973
    },
    "default": {
      "f1": 0.16879631119788388,
      "precision": 0.17262591831423676,
      "recall": 0.1964982703433643,
      "sensitivity": 0.1964982703433643,
      "specificity": 0.10492367031986721,
      "accuracy": 0.08335907294124204,
      "balanced_accuracy": 0.09957396927176196,
      "mcc": 0.20557779066294388,
      "roc_auc": 0.1319067935517973,
      "pr_auc": 0.14994437181213244,
      "tn": 2.4899799195977463,
      "fp": 2.1908902300206643,
      "fn": 1.816590212458495,
      "tp": 2.280350850198276,
      "predicted_positive_count": 3.5777087639996634,
      "predicted_positive_rate": 0.11055117740296619
    }
  },
  "baseline_pooled_oof_metrics": {
    "DummyMostFrequent": {
      "f1": 0.0,
      "precision": 0.0,
      "recall": 0.0,
      "sensitivity": 0.0,
      "specificity": 1.0,
      "accuracy": 0.666733870967742,
      "balanced_accuracy": 0.5,
      "mcc": 0.0,
      "roc_auc": null,
      "pr_auc": null,
      "tn": 21.2,
      "fp": 0.0,
      "fn": 10.6,
      "tp": 0.0,
      "predicted_positive_count": 0.0,
      "predicted_positive_rate": 0.0
    },
    "DummyStratified": {
      "f1": 0.36479876160990715,
      "precision": 0.41714285714285715,
      "recall": 0.3418181818181818,
      "sensitivity": 0.3418181818181818,
      "specificity": 0.7467532467532467,
      "accuracy": 0.6096774193548387,
      "balanced_accuracy": 0.5442857142857143,
      "mcc": 0.09881526871932664,
      "roc_auc": null,
      "pr_auc": null,
      "tn": 15.8,
      "fp": 5.4,
      "fn": 7.0,
      "tp": 3.6,
      "predicted_positive_count": 9.0,
      "predicted_positive_rate": 0.28326612903225806
    },
    "AllPositive": {
      "f1": 0.4997758150338979,
      "precision": 0.33326612903225805,
      "recall": 1.0,
      "sensitivity": 1.0,
      "specificity": 0.0,
      "accuracy": 0.33326612903225805,
      "balanced_accuracy": 0.5,
      "mcc": 0.0,
      "roc_auc": null,
      "pr_auc": null,
      "tn": 0.0,
      "fp": 21.2,
      "fn": 0.0,
      "tp": 10.6,
      "predicted_positive_count": 31.8,
      "predicted_positive_rate": 1.0
    }
  },
  "model_family_selection_frequency": {
    "elastic_net": 1,
    "rbf_svm": 2,
    "lda": 2
  },
  "threshold_stats": {
    "min": -0.436090111713,
    "max": 0.40134859204,
    "mean": 0.089695867601,
    "median": 0.337930620863,
    "std": 0.4024647341972822
  },
  "evidence_limitations": {
    "subject_independence_unverified": true,
    "batch_confounding_cannot_be_excluded": true,
    "internal_validation_only": true
  },
  "is_quick_run": false,
  "formal_evaluation": true,
  "smoke_test_only": false,
  "n_outer_folds": 5,
  "n_candidates": 144,
  "n_invalid_candidates": 0,
  "runtime": 431.4262127876282,
  "frozen_config_hash": "ceedba92988a64047f0ccf5972c091b02c22b010a50157df0f9301c23f383fc9"
}