{
  "pooled_oof_metrics": {
    "tuned": {
      "f1": 0.5660377358490566,
      "precision": 0.46875,
      "recall": 0.7142857142857143,
      "sensitivity": 0.7142857142857143,
      "specificity": 0.6046511627906976,
      "accuracy": 0.640625,
      "balanced_accuracy": 0.6594684385382059,
      "mcc": 0.2995012465378748,
      "roc_auc": 0.7674418604651163,
      "pr_auc": 0.6423388450174164,
      "roc_auc_reason": null,
      "pr_auc_reason": null,
      "tn": 26,
      "fp": 17,
      "fn": 6,
      "tp": 15,
      "predicted_positive_count": 32,
      "predicted_positive_rate": 0.5
    },
    "default": {
      "f1": 0.5789473684210527,
      "precision": 0.6470588235294118,
      "recall": 0.5238095238095238,
      "sensitivity": 0.5238095238095238,
      "specificity": 0.8604651162790697,
      "accuracy": 0.75,
      "balanced_accuracy": 0.6921373200442968,
      "mcc": 0.4085189528123954,
      "roc_auc": 0.7674418604651163,
      "pr_auc": 0.6423388450174164,
      "roc_auc_reason": null,
      "pr_auc_reason": null,
      "tn": 37,
      "fp": 6,
      "fn": 10,
      "tp": 11,
      "predicted_positive_count": 17,
      "predicted_positive_rate": 0.265625
    }
  },
  "foldwise_mean_metrics": {
    "tuned": {
      "f1": 0.563049853372434,
      "precision": 0.475,
      "recall": 0.7090909090909091,
      "sensitivity": 0.7090909090909091,
      "specificity": 0.6017316017316017,
      "accuracy": 0.640625,
      "balanced_accuracy": 0.6554112554112554,
      "mcc": 0.30106992793412196,
      "roc_auc": 0.7652597402597403,
      "pr_auc": 0.6563424920438927,
      "tn": 13.0,
      "fp": 8.5,
      "fn": 3.0,
      "tp": 7.5,
      "predicted_positive_count": 16.0,
      "predicted_positive_rate": 0.5
    },
    "default": {
      "f1": 0.5710144927536231,
      "precision": 0.6916666666666667,
      "recall": 0.5181818181818182,
      "sensitivity": 0.5181818181818182,
      "specificity": 0.8582251082251082,
      "accuracy": 0.75,
      "balanced_accuracy": 0.6882034632034632,
      "mcc": 0.4216657094601637,
      "roc_auc": 0.7652597402597403,
      "pr_auc": 0.6563424920438927,
      "tn": 18.5,
      "fp": 3.0,
      "fn": 5.0,
      "tp": 5.5,
      "predicted_positive_count": 8.5,
      "predicted_positive_rate": 0.265625
    }
  },
  "foldwise_std_metrics": {
    "tuned": {
      "f1": 0.024883523091608767,
      "precision": 0.03535533905932737,
      "recall": 0.15427784316797405,
      "sensitivity": 0.15427784316797405,
      "specificity": 0.17754196237584313,
      "accuracy": 0.06629126073623882,
      "balanced_accuracy": 0.011632059603934498,
      "mcc": 0.01735219221847219,
      "roc_auc": 0.016988929158378036,
      "pr_auc": 0.015557171620842906,
      "tn": 4.242640687119285,
      "fp": 3.5355339059327378,
      "fn": 1.4142135623730951,
      "tp": 2.1213203435596424,
      "predicted_positive_count": 5.656854249492381,
      "predicted_positive_rate": 0.1767766952966369
    },
    "default": {
      "f1": 0.05328920669811665,
      "precision": 0.1532064692570853,
      "recall": 0.16713433009863848,
      "sensitivity": 0.16713433009863848,
      "specificity": 0.13621754009870726,
      "accuracy": 0.04419417382415922,
      "balanced_accuracy": 0.015458394999965609,
      "mcc": 0.04375038798629368,
      "roc_auc": 0.016988929158378036,
      "pr_auc": 0.015557171620842906,
      "tn": 3.5355339059327378,
      "fp": 2.8284271247461903,
      "fn": 1.4142135623730951,
      "tp": 2.1213203435596424,
      "predicted_positive_count": 4.949747468305833,
      "predicted_positive_rate": 0.15467960838455727
    }
  },
  "baseline_pooled_oof_metrics": {
    "DummyMostFrequent": {
      "f1": 0.0,
      "precision": 0.0,
      "recall": 0.0,
      "sensitivity": 0.0,
      "specificity": 1.0,
      "accuracy": 0.671875,
      "balanced_accuracy": 0.5,
      "mcc": 0.0,
      "roc_auc": null,
      "pr_auc": null,
      "tn": 21.5,
      "fp": 0.0,
      "fn": 10.5,
      "tp": 0.0,
      "predicted_positive_count": 0.0,
      "predicted_positive_rate": 0.0
    },
    "DummyStratified": {
      "f1": 0.41885964912280704,
      "precision": 0.4285714285714286,
      "recall": 0.4318181818181818,
      "sensitivity": 0.4318181818181818,
      "specificity": 0.7002164502164503,
      "accuracy": 0.609375,
      "balanced_accuracy": 0.566017316017316,
      "mcc": 0.1374377463361671,
      "roc_auc": null,
      "pr_auc": null,
      "tn": 15.0,
      "fp": 6.5,
      "fn": 6.0,
      "tp": 4.5,
      "predicted_positive_count": 11.0,
      "predicted_positive_rate": 0.34375
    },
    "AllPositive": {
      "f1": 0.4939091915836102,
      "precision": 0.328125,
      "recall": 1.0,
      "sensitivity": 1.0,
      "specificity": 0.0,
      "accuracy": 0.328125,
      "balanced_accuracy": 0.5,
      "mcc": 0.0,
      "roc_auc": null,
      "pr_auc": null,
      "tn": 0.0,
      "fp": 21.5,
      "fn": 0.0,
      "tp": 10.5,
      "predicted_positive_count": 32.0,
      "predicted_positive_rate": 1.0
    }
  },
  "model_family_selection_frequency": {
    "elastic_net": 2
  },
  "threshold_stats": {
    "min": 0.341477259212,
    "max": 0.398322246537,
    "mean": 0.3698997528745,
    "median": 0.3698997528745,
    "std": 0.04019547601397083
  },
  "evidence_limitations": {
    "subject_independence_unverified": true,
    "batch_confounding_cannot_be_excluded": true,
    "internal_validation_only": true
  },
  "is_quick_run": true,
  "n_outer_folds": 2,
  "n_candidates": 15,
  "n_invalid_candidates": 0,
  "runtime": 22.179651975631714,
  "formal_evaluation": false,
  "smoke_test_only": true,
  "canonical_outer_results_partially_exposed": true,
  "exposed_outer_folds": [
    0,
    1
  ],
  "must_not_be_used_for_model_or_protocol_changes": true
}