outer_fold,original_class,n,tuned_pred_pos_count,tuned_pred_pos_rate,default_pred_pos_count,default_pred_pos_rate,tuned_recall,default_recall
0,1,12,1,0.08333333333333333,0,0.0,,
0,2,10,5,0.5,1,0.1,,
0,3,10,6,0.6,4,0.4,0.6,0.4
1,1,13,8,0.6153846153846154,4,0.3076923076923077,,
1,2,8,3,0.375,1,0.125,,
1,3,11,9,0.8181818181818182,7,0.6363636363636364,0.8181818181818182,0.6363636363636364
